# dVRK LND tool_roll_link, cropped to head, re-origined at tip
v 0.004178 0.000001 -0.010922
v 0.004051 0.000001 -0.010795
v 0.004036 -0.001080 -0.010922
v 0.004036 0.001082 -0.010922
v 0.003924 0.000001 -0.010795
v 0.003913 -0.001048 -0.010795
v 0.003913 0.001050 -0.010795
v 0.003891 0.000001 -0.010790
v 0.003861 0.000001 -0.010778
v 0.003834 0.000001 -0.010757
v 0.003814 0.000001 -0.010731
v 0.003802 0.000001 -0.010700
v 0.003797 0.000001 -0.006731
v 0.003797 0.000001 -0.010668
v 0.003791 -0.001015 -0.010795
v 0.003791 0.001017 -0.010795
v 0.003759 -0.001006 -0.010790
v 0.003759 0.001008 -0.010790
v 0.003729 -0.000998 -0.010778
v 0.003729 0.001000 -0.010778
v 0.003704 -0.000991 -0.010757
v 0.003704 0.000993 -0.010757
v 0.003684 -0.000986 -0.010731
v 0.003684 0.000988 -0.010731
v 0.003672 -0.000983 -0.010700
v 0.003672 0.000985 -0.010700
v 0.003668 -0.000982 -0.006731
v 0.003668 -0.000982 -0.010668
v 0.003668 0.000984 -0.006731
v 0.003668 0.000984 -0.010668
v 0.003619 -0.002088 -0.010922
v 0.003619 0.002090 -0.010922
v 0.003509 -0.002025 -0.010795
v 0.003509 0.002027 -0.010795
v 0.003399 -0.001962 -0.010795
v 0.003399 0.001962 -0.010795
v 0.003370 -0.001946 -0.010790
v 0.003370 0.001946 -0.010790
v 0.003344 -0.001930 -0.010778
v 0.003344 0.001930 -0.010778
v 0.003321 -0.001917 -0.010757
v 0.003321 0.001917 -0.010757
v 0.003303 -0.001907 -0.010731
v 0.003303 0.001907 -0.010731
v 0.003292 -0.001901 -0.010700
v 0.003292 0.001901 -0.010700
v 0.003289 -0.001899 -0.006731
v 0.003289 -0.001899 -0.010668
v 0.003289 0.001899 -0.006731
v 0.003289 0.001899 -0.010668
v 0.002997 0.000000 -0.006731
v 0.002955 -0.002955 -0.010922
v 0.002955 0.002955 -0.010922
v 0.002895 -0.000776 -0.006731
v 0.002895 0.000776 -0.006731
v 0.002865 -0.002865 -0.010795
v 0.002865 0.002865 -0.010795
v 0.002775 -0.002775 -0.010795
v 0.002775 0.002775 -0.010795
v 0.002752 -0.002752 -0.010790
v 0.002752 0.002752 -0.010790
v 0.002730 -0.002730 -0.010778
v 0.002730 0.002730 -0.010778
v 0.002711 -0.002711 -0.010757
v 0.002711 0.002711 -0.010757
v 0.002697 -0.002697 -0.010731
v 0.002697 0.002697 -0.010731
v 0.002688 -0.002688 -0.010700
v 0.002688 0.002688 -0.010700
v 0.002685 -0.002685 -0.006731
v 0.002685 -0.002685 -0.010668
v 0.002685 0.002685 -0.006731
v 0.002685 0.002685 -0.010668
v 0.002596 -0.001499 -0.006731
v 0.002596 0.001499 -0.006731
v 0.002119 -0.002119 -0.006731
v 0.002119 0.002119 -0.006731
v 0.002090 -0.003619 -0.010922
v 0.002088 0.003619 -0.010922
v 0.002026 -0.003509 -0.010795
v 0.002026 0.003509 -0.010795
v 0.001962 -0.003399 -0.010795
v 0.001962 0.003399 -0.010795
v 0.001946 -0.003370 -0.010790
v 0.001946 0.003370 -0.010790
v 0.001930 -0.003344 -0.010778
v 0.001930 0.003344 -0.010778
v 0.001917 -0.003321 -0.010757
v 0.001917 0.003321 -0.010757
v 0.001907 -0.003303 -0.010731
v 0.001907 0.003303 -0.010731
v 0.001901 -0.003292 -0.010700
v 0.001901 0.003292 -0.010700
v 0.001899 -0.003289 -0.006731
v 0.001899 -0.003289 -0.010668
v 0.001899 0.003289 -0.006731
v 0.001899 0.003289 -0.010668
v 0.001499 -0.002596 -0.006731
v 0.001499 0.002596 -0.006731
v 0.001082 -0.004036 -0.010922
v 0.001080 0.004036 -0.010922
v 0.001050 -0.003913 -0.010795
v 0.001048 0.003913 -0.010795
v 0.001017 -0.003791 -0.010795
v 0.001015 0.003791 -0.010795
v 0.001008 -0.003759 -0.010790
v 0.001006 0.003759 -0.010790
v 0.001000 -0.003729 -0.010778
v 0.000998 0.003729 -0.010778
v 0.000993 -0.003704 -0.010757
v 0.000991 0.003704 -0.010757
v 0.000988 -0.003684 -0.010731
v 0.000986 0.003684 -0.010731
v 0.000985 -0.003672 -0.010700
v 0.000983 0.003672 -0.010700
v 0.000984 -0.003668 -0.006731
v 0.000984 -0.003668 -0.010668
v 0.000982 0.003668 -0.006731
v 0.000982 0.003668 -0.010668
v 0.000776 -0.002895 -0.006731
v 0.000776 0.002895 -0.006731
v 0.000585 -0.003752 -0.006731
v 0.000585 -0.003752 -0.007823
v 0.000584 -0.002940 -0.006731
v 0.000584 -0.002940 -0.007823
v 0.000584 0.002940 -0.006731
v 0.000584 0.002940 -0.007823
v 0.000583 0.003752 -0.006731
v 0.000583 0.003752 -0.007823
v 0.000580 -0.003753 -0.007899
v 0.000579 -0.002941 -0.007899
v 0.000579 0.002941 -0.007899
v 0.000578 0.003753 -0.007899
v 0.000565 -0.003755 -0.007974
v 0.000564 -0.002944 -0.007974
v 0.000564 0.002944 -0.007974
v 0.000563 0.003755 -0.007974
v 0.000540 0.002948 -0.008046
v 0.000539 0.003759 -0.008046
v 0.000541 -0.003759 -0.008047
v 0.000540 -0.002948 -0.008047
v 0.000507 -0.003763 -0.008115
v 0.000506 -0.002954 -0.008115
v 0.000506 0.002954 -0.008115
v 0.000505 0.003763 -0.008115
v 0.000414 -0.003775 -0.008236
v 0.000413 -0.002969 -0.008236
v 0.000413 0.002969 -0.008236
v 0.000412 0.003775 -0.008236
v 0.000293 -0.003786 -0.008329
v 0.000292 -0.002983 -0.008329
v 0.000292 0.002983 -0.008329
v 0.000291 0.003786 -0.008329
v 0.000224 -0.002989 -0.008362
v 0.000225 -0.003791 -0.008362
v 0.000223 0.002989 -0.008363
v 0.000222 0.003791 -0.008363
v 0.000152 -0.003794 -0.008387
v 0.000151 -0.002993 -0.008387
v 0.000151 0.002993 -0.008387
v 0.000150 0.003794 -0.008387
v 0.000076 0.002996 -0.008402
v 0.000075 0.003797 -0.008402
v 0.000076 -0.002996 -0.008402
v 0.000077 -0.003797 -0.008402
v 0.000001 -0.004178 -0.010922
v 0.000001 -0.004051 -0.010795
v 0.000001 -0.003924 -0.010795
v 0.000001 -0.003891 -0.010790
v 0.000001 -0.003861 -0.010778
v 0.000001 -0.003834 -0.010757
v 0.000001 -0.003814 -0.010731
v 0.000001 -0.003802 -0.010700
v 0.000001 -0.003797 -0.008407
v 0.000001 -0.003797 -0.010668
v 0.000000 -0.002997 -0.008407
v -0.000000 0.002997 -0.008407
v -0.000001 0.003797 -0.008407
v -0.000001 0.003797 -0.010668
v -0.000001 0.003802 -0.010700
v -0.000001 0.003814 -0.010731
v -0.000001 0.003834 -0.010757
v -0.000001 0.003861 -0.010778
v -0.000001 0.003891 -0.010790
v -0.000001 0.003924 -0.010795
v -0.000001 0.004051 -0.010795
v -0.000001 0.004178 -0.010922
v -0.000077 0.003797 -0.008402
v -0.000076 0.002996 -0.008402
v -0.000075 -0.003797 -0.008402
v -0.000076 -0.002996 -0.008402
v -0.000150 -0.003794 -0.008387
v -0.000151 -0.002993 -0.008387
v -0.000151 0.002993 -0.008387
v -0.000152 0.003794 -0.008387
v -0.000222 -0.003791 -0.008363
v -0.000223 -0.002989 -0.008363
v -0.000225 0.003791 -0.008362
v -0.000224 0.002989 -0.008362
v -0.000291 -0.003786 -0.008329
v -0.000292 -0.002983 -0.008329
v -0.000292 0.002983 -0.008329
v -0.000293 0.003786 -0.008329
v -0.000412 -0.003775 -0.008236
v -0.000413 -0.002969 -0.008236
v -0.000413 0.002969 -0.008236
v -0.000414 0.003775 -0.008236
v -0.000505 -0.003763 -0.008115
v -0.000506 -0.002954 -0.008115
v -0.000506 0.002954 -0.008115
v -0.000507 0.003763 -0.008115
v -0.000540 0.002948 -0.008047
v -0.000541 0.003759 -0.008047
v -0.000539 -0.003759 -0.008046
v -0.000540 -0.002948 -0.008046
v -0.000563 -0.003755 -0.007974
v -0.000564 -0.002944 -0.007974
v -0.000564 0.002944 -0.007974
v -0.000565 0.003755 -0.007974
v -0.000578 -0.003753 -0.007899
v -0.000579 -0.002941 -0.007899
v -0.000579 0.002941 -0.007899
v -0.000580 0.003753 -0.007899
v -0.000583 -0.003752 -0.006731
v -0.000583 -0.003752 -0.007823
v -0.000584 -0.002940 -0.006731
v -0.000584 -0.002940 -0.007823
v -0.000584 0.002940 -0.006731
v -0.000584 0.002940 -0.007823
v -0.000585 0.003752 -0.006731
v -0.000585 0.003752 -0.007823
v -0.000776 -0.002895 -0.006731
v -0.000776 0.002895 -0.006731
v -0.000982 -0.003668 -0.006731
v -0.000982 -0.003668 -0.010668
v -0.000984 0.003668 -0.006731
v -0.000984 0.003668 -0.010668
v -0.000983 -0.003672 -0.010700
v -0.000985 0.003672 -0.010700
v -0.000986 -0.003684 -0.010731
v -0.000988 0.003684 -0.010731
v -0.000991 -0.003704 -0.010757
v -0.000993 0.003704 -0.010757
v -0.000998 -0.003729 -0.010778
v -0.001000 0.003729 -0.010778
v -0.001006 -0.003759 -0.010790
v -0.001008 0.003759 -0.010790
v -0.001015 -0.003791 -0.010795
v -0.001017 0.003791 -0.010795
v -0.001048 -0.003913 -0.010795
v -0.001050 0.003913 -0.010795
v -0.001080 -0.004036 -0.010922
v -0.001082 0.004036 -0.010922
v -0.001499 -0.002596 -0.006731
v -0.001499 0.002596 -0.006731
v -0.001899 -0.003289 -0.006731
v -0.001899 -0.003289 -0.010668
v -0.001899 0.003289 -0.006731
v -0.001899 0.003289 -0.010668
v -0.001901 -0.003292 -0.010700
v -0.001901 0.003292 -0.010700
v -0.001907 -0.003303 -0.010731
v -0.001907 0.003303 -0.010731
v -0.001917 -0.003321 -0.010757
v -0.001917 0.003321 -0.010757
v -0.001930 -0.003344 -0.010778
v -0.001930 0.003344 -0.010778
v -0.001946 -0.003370 -0.010790
v -0.001946 0.003370 -0.010790
v -0.001962 -0.003399 -0.010795
v -0.001962 0.003399 -0.010795
v -0.002026 -0.003509 -0.010795
v -0.002026 0.003509 -0.010795
v -0.002088 -0.003619 -0.010922
v -0.002090 0.003619 -0.010922
v -0.002119 -0.002119 -0.006731
v -0.002119 0.002119 -0.006731
v -0.002596 -0.001499 -0.006731
v -0.002596 0.001499 -0.006731
v -0.002685 -0.002685 -0.006731
v -0.002685 -0.002685 -0.010668
v -0.002685 0.002685 -0.006731
v -0.002685 0.002685 -0.010668
v -0.002688 -0.002688 -0.010700
v -0.002688 0.002688 -0.010700
v -0.002697 -0.002697 -0.010731
v -0.002697 0.002697 -0.010731
v -0.002711 -0.002711 -0.010757
v -0.002711 0.002711 -0.010757
v -0.002730 -0.002730 -0.010778
v -0.002730 0.002730 -0.010778
v -0.002752 -0.002752 -0.010790
v -0.002752 0.002752 -0.010790
v -0.002775 -0.002775 -0.010795
v -0.002775 0.002775 -0.010795
v -0.002865 -0.002865 -0.010795
v -0.002865 0.002865 -0.010795
v -0.002895 -0.000776 -0.006731
v -0.002895 0.000776 -0.006731
v -0.002955 -0.002955 -0.010922
v -0.002955 0.002955 -0.010922
v -0.002997 -0.000000 -0.006731
v -0.003289 -0.001899 -0.006731
v -0.003289 -0.001899 -0.010668
v -0.003289 0.001899 -0.006731
v -0.003289 0.001899 -0.010668
v -0.003292 -0.001901 -0.010700
v -0.003292 0.001901 -0.010700
v -0.003303 -0.001907 -0.010731
v -0.003303 0.001907 -0.010731
v -0.003321 -0.001917 -0.010757
v -0.003321 0.001917 -0.010757
v -0.003344 -0.001930 -0.010778
v -0.003344 0.001930 -0.010778
v -0.003370 -0.001946 -0.010790
v -0.003370 0.001946 -0.010790
v -0.003399 -0.001962 -0.010795
v -0.003399 0.001962 -0.010795
v -0.003509 -0.002026 -0.010795
v -0.003509 0.002026 -0.010795
v -0.003619 -0.002089 -0.010922
v -0.003619 0.002089 -0.010922
v -0.003668 -0.000983 -0.006731
v -0.003668 -0.000983 -0.010668
v -0.003668 0.000983 -0.006731
v -0.003668 0.000983 -0.010668
v -0.003672 -0.000984 -0.010700
v -0.003672 0.000984 -0.010700
v -0.003684 -0.000988 -0.010731
v -0.003684 0.000986 -0.010731
v -0.003704 -0.000993 -0.010757
v -0.003704 0.000991 -0.010757
v -0.003729 -0.001000 -0.010778
v -0.003729 0.000998 -0.010778
v -0.003759 -0.001008 -0.010790
v -0.003759 0.001006 -0.010790
v -0.003791 -0.001017 -0.010795
v -0.003791 0.001015 -0.010795
v -0.003797 -0.000001 -0.006731
v -0.003797 -0.000001 -0.010668
v -0.003802 -0.000001 -0.010700
v -0.003814 -0.000001 -0.010731
v -0.003834 -0.000001 -0.010757
v -0.003861 -0.000001 -0.010778
v -0.003891 -0.000001 -0.010790
v -0.003913 -0.001050 -0.010795
v -0.003913 0.001048 -0.010795
v -0.003924 -0.000001 -0.010795
v -0.004036 -0.001082 -0.010922
v -0.004036 0.001080 -0.010922
v -0.004051 -0.000001 -0.010795
v -0.004178 -0.000001 -0.010922
v 0.004166 0.000001 -0.006592
v 0.004166 0.000001 -0.010718
v 0.004165 0.000001 -0.006572
v 0.004165 0.000001 -0.006571
v 0.004164 -0.000088 -0.006569
v 0.004164 -0.000089 -0.006590
v 0.004164 -0.000111 -0.006590
v 0.004164 -0.000123 -0.010718
v 0.004164 0.000125 -0.010718
v 0.004163 0.000001 -0.010737
v 0.004163 0.000141 -0.006568
v 0.004162 0.000142 -0.006587
v 0.004161 -0.000123 -0.010737
v 0.004161 0.000125 -0.010737
v 0.004161 0.000205 -0.006585
v 0.004160 0.000001 -0.006477
v 0.004159 -0.000232 -0.006559
v 0.004158 -0.000235 -0.006581
v 0.004157 0.000001 -0.010754
v 0.004156 0.000280 -0.006556
v 0.004155 0.000283 -0.006577
v 0.004155 -0.000123 -0.010754
v 0.004155 0.000125 -0.010754
v 0.004155 -0.000297 -0.006577
v 0.004148 -0.000375 -0.006541
v 0.004147 0.000391 -0.006566
v 0.004147 -0.000380 -0.006566
v 0.004146 0.000001 -0.010770
v 0.004145 0.000001 -0.006363
v 0.004144 0.000418 -0.006536
v 0.004144 -0.000122 -0.010770
v 0.004144 0.000124 -0.010770
v 0.004144 0.000423 -0.006560
v 0.004143 -0.000078 -0.006360
v 0.004142 0.000125 -0.006358
v 0.004141 0.000180 -0.006356
v 0.004141 -0.000183 -0.006355
v 0.004139 -0.000207 -0.006352
v 0.004137 -0.000486 -0.006551
v 0.004136 0.000249 -0.006347
v 0.004136 0.000001 -0.010779
v 0.004134 -0.000122 -0.010779
v 0.004134 0.000124 -0.010779
v 0.004134 -0.000511 -0.010718
v 0.004134 0.000513 -0.010718
v 0.004132 -0.000522 -0.006514
v 0.004132 0.000309 -0.006340
v 0.004132 -0.000307 -0.006340
v 0.004132 -0.000510 -0.010737
v 0.004132 0.000512 -0.010737
v 0.004131 -0.000530 -0.006542
v 0.004130 -0.000334 -0.006337
v 0.004129 0.000545 -0.006540
v 0.004129 -0.000543 -0.006539
v 0.004129 0.000359 -0.006334
v 0.004129 -0.000542 -0.010718
v 0.004129 0.000544 -0.010718
v 0.004128 0.000553 -0.006509
v 0.004128 -0.000364 -0.006333
v 0.004127 0.000561 -0.006537
v 0.004126 0.000577 -0.006534
v 0.004125 -0.000509 -0.010754
v 0.004125 0.000511 -0.010754
v 0.004120 0.000001 -0.010788
v 0.004118 -0.000121 -0.010788
v 0.004118 0.000123 -0.010788
v 0.004116 -0.000466 -0.006312
v 0.004114 -0.000508 -0.010770
v 0.004114 0.000510 -0.010770
v 0.004113 0.000494 -0.006306
v 0.004111 -0.000666 -0.006478
v 0.004110 -0.000678 -0.006512
v 0.004108 0.000538 -0.006297
v 0.004108 0.000688 -0.006474
v 0.004107 -0.000545 -0.006295
v 0.004105 0.000699 -0.006505
v 0.004105 -0.000507 -0.010779
v 0.004105 0.000509 -0.010779
v 0.004103 0.000001 -0.010793
v 0.004101 -0.000121 -0.010793
v 0.004101 0.000123 -0.010793
v 0.004099 -0.000596 -0.006280
v 0.004092 0.000780 -0.006485
v 0.004089 0.000001 -0.010795
v 0.004089 -0.000505 -0.010788
v 0.004089 0.000507 -0.010788
v 0.004088 -0.000121 -0.010795
v 0.004088 0.000123 -0.010795
v 0.004084 0.000820 -0.006432
v 0.004080 0.000835 -0.006468
v 0.004080 0.000717 -0.006246
v 0.004078 -0.000727 -0.006242
v 0.004076 0.000735 -0.006239
v 0.004073 -0.000871 -0.006458
v 0.004072 -0.000503 -0.010793
v 0.004072 0.000505 -0.010793
v 0.004068 -0.000894 -0.010718
v 0.004068 0.000896 -0.010718
v 0.004066 -0.000893 -0.010737
v 0.004066 0.000895 -0.010737
v 0.004060 -0.000927 -0.006390
v 0.004060 -0.000892 -0.010754
v 0.004060 0.000894 -0.010754
v 0.004058 -0.000501 -0.010795
v 0.004058 0.000503 -0.010795
v 0.004055 -0.000833 -0.006202
v 0.004055 -0.000946 -0.006431
v 0.004049 -0.000890 -0.010770
v 0.004049 0.000892 -0.010770
v 0.004049 0.000981 -0.006422
v 0.004043 0.000896 -0.006179
v 0.004039 -0.000909 -0.006173
v 0.004039 -0.000888 -0.010779
v 0.004039 0.000890 -0.010779
v 0.004038 -0.000915 -0.006170
v 0.004038 0.000917 -0.006169
v 0.004027 -0.001066 -0.006389
v 0.004024 -0.000884 -0.010788
v 0.004024 0.000886 -0.010788
v 0.004023 -0.001077 -0.006385
v 0.004023 0.000975 -0.006143
v 0.004022 0.001079 -0.006383
v 0.004022 0.001081 -0.006326
v 0.004019 -0.001076 -0.010718
v 0.004019 0.001078 -0.010718
v 0.004015 0.001106 -0.006372
v 0.004009 0.000181 -0.010795
v 0.004008 -0.000201 -0.010795
v 0.004007 -0.000880 -0.010793
v 0.004007 0.000882 -0.010793
v 0.003997 0.001075 -0.006097
v 0.003997 -0.001074 -0.006096
v 0.003995 0.001179 -0.006343
v 0.003994 -0.000878 -0.010795
v 0.003994 0.000880 -0.010795
v 0.003992 -0.001092 -0.006087
v 0.003991 -0.001186 -0.006272
v 0.003983 -0.001218 -0.006325
v 0.003983 0.000180 -0.010793
v 0.003981 -0.000199 -0.010793
v 0.003974 0.000561 -0.010795
v 0.003973 -0.001252 -0.006310
v 0.003971 -0.000581 -0.010795
v 0.003967 -0.001269 -0.010718
v 0.003967 0.001271 -0.010718
v 0.003965 -0.001269 -0.010737
v 0.003965 0.001271 -0.010737
v 0.003959 -0.001267 -0.010754
v 0.003959 0.001269 -0.010754
v 0.003955 0.001215 -0.006019
v 0.003948 -0.001263 -0.010770
v 0.003948 0.001265 -0.010770
v 0.003947 0.000558 -0.010793
v 0.003944 -0.000577 -0.010793
v 0.003943 0.001338 -0.006191
v 0.003943 0.001253 -0.005998
v 0.003939 -0.001262 -0.005991
v 0.003939 -0.001260 -0.010779
v 0.003939 0.001262 -0.010779
v 0.003936 0.001364 -0.006256
v 0.003936 0.000178 -0.010781
v 0.003935 -0.000197 -0.010781
v 0.003932 0.001377 -0.006249
v 0.003924 -0.001256 -0.010788
v 0.003924 0.001258 -0.010788
v 0.003921 -0.001315 -0.005957
v 0.003911 -0.001432 -0.006219
v 0.003907 -0.001250 -0.010793
v 0.003907 0.001252 -0.010793
v 0.003905 -0.001443 -0.006122
v 0.003903 0.000937 -0.010795
v 0.003902 0.000551 -0.010781
v 0.003899 -0.000570 -0.010781
v 0.003898 -0.000956 -0.010795
v 0.003895 -0.001246 -0.010795
v 0.003895 0.001248 -0.010795
v 0.003894 0.000001 -0.004994
v 0.003893 0.000176 -0.010758
v 0.003892 -0.000195 -0.010758
v 0.003891 0.000001 -0.004984
v 0.003889 -0.001489 -0.006186
v 0.003886 0.001414 -0.005894
v 0.003885 0.000001 -0.004974
v 0.003882 -0.000294 -0.004994
v 0.003882 0.000296 -0.004994
v 0.003880 -0.001428 -0.005883
v 0.003877 0.000930 -0.010793
v 0.003877 -0.000442 -0.004994
v 0.003877 0.000444 -0.004994
v 0.003876 0.000001 -0.004964
v 0.003874 -0.000442 -0.004984
v 0.003874 0.000444 -0.004984
v 0.003872 0.001537 -0.006161
v 0.003872 -0.000949 -0.010793
v 0.003870 0.001454 -0.005865
v 0.003868 -0.000441 -0.004974
v 0.003868 0.000443 -0.004974
v 0.003866 0.000001 -0.004957
v 0.003859 -0.000440 -0.004964
v 0.003859 0.000443 -0.004964
v 0.003858 0.000545 -0.010758
v 0.003856 0.000174 -0.010724
v 0.003855 -0.000564 -0.010758
v 0.003855 -0.000193 -0.010724
v 0.003854 0.000001 -0.004954
v 0.003852 0.001498 -0.005832
v 0.003851 0.001501 -0.005830
v 0.003851 -0.001499 -0.005829
v 0.003848 -0.000440 -0.004957
v 0.003848 0.000442 -0.004957
v 0.003848 -0.001593 -0.006126
v 0.003848 0.001595 -0.006125
v 0.003847 0.001590 -0.006024
v 0.003847 -0.001597 -0.006124
v 0.003847 -0.001592 -0.010718
v 0.003847 0.001594 -0.010718
v 0.003846 -0.001510 -0.005821
v 0.003844 0.000001 -0.004953
v 0.003837 -0.000439 -0.004954
v 0.003837 0.000441 -0.004954
v 0.003832 0.000920 -0.010781
v 0.003831 -0.001634 -0.010718
v 0.003831 0.001636 -0.010718
v 0.003829 -0.001633 -0.010737
v 0.003829 0.001635 -0.010737
v 0.003829 -0.000380 -0.004953
v 0.003829 0.000382 -0.004953
v 0.003828 0.001637 -0.005990
v 0.003827 0.000173 -0.010681
v 0.003827 -0.000438 -0.004953
v 0.003827 0.000440 -0.004953
v 0.003827 -0.000938 -0.010781
v 0.003826 0.001645 -0.006094
v 0.003826 -0.000192 -0.010681
v 0.003825 -0.000882 -0.004994
v 0.003825 -0.000882 -0.004994
v 0.003825 0.000884 -0.004994
v 0.003824 0.001568 -0.005780
v 0.003823 -0.001630 -0.010754
v 0.003823 0.001632 -0.010754
v 0.003822 -0.000882 -0.004984
v 0.003822 0.000884 -0.004984
v 0.003822 0.000540 -0.010724
v 0.003821 -0.001649 -0.005977
v 0.003819 -0.000559 -0.010724
v 0.003816 -0.000881 -0.004974
v 0.003816 0.000883 -0.004974
v 0.003813 -0.001626 -0.010770
v 0.003813 0.001628 -0.010770
v 0.003811 0.000172 -0.010636
v 0.003810 -0.000191 -0.010636
v 0.003808 -0.000879 -0.004964
v 0.003808 0.000881 -0.004964
v 0.003806 0.000172 -0.010591
v 0.003806 -0.000183 -0.006604
v 0.003806 0.000185 -0.006604
v 0.003805 -0.000191 -0.010591
v 0.003805 0.001696 -0.006062
v 0.003805 -0.001610 -0.005745
v 0.003804 -0.001622 -0.010779
v 0.003804 0.001624 -0.010779
v 0.003802 -0.000183 -0.006572
v 0.003802 0.000185 -0.006572
v 0.003798 -0.000259 -0.010591
v 0.003798 -0.000259 -0.006604
v 0.003798 0.000261 -0.006604
v 0.003798 0.000261 -0.010591
v 0.003797 -0.001709 -0.006050
v 0.003797 -0.000878 -0.004957
v 0.003797 0.000880 -0.004957
v 0.003797 0.001715 -0.006050
v 0.003796 0.000699 -0.004953
v 0.003796 0.001303 -0.010795
v 0.003793 0.000536 -0.010681
v 0.003791 -0.000182 -0.006544
v 0.003791 0.000184 -0.006544
v 0.003790 -0.000554 -0.010681
v 0.003789 -0.001616 -0.010788
v 0.003789 0.001618 -0.010788
v 0.003789 0.000909 -0.010758
v 0.003789 -0.001322 -0.010795
v 0.003786 -0.000876 -0.004954
v 0.003786 0.000878 -0.004954
v 0.003784 -0.000928 -0.010758
v 0.003778 0.000534 -0.010636
v 0.003776 -0.000874 -0.004953
v 0.003776 0.000876 -0.004953
v 0.003775 -0.000552 -0.010636
v 0.003774 -0.001609 -0.010793
v 0.003774 0.001611 -0.010793
v 0.003773 0.000533 -0.010591
v 0.003772 -0.000182 -0.006518
v 0.003772 0.000184 -0.006518
v 0.003771 0.001295 -0.010793
v 0.003771 -0.001770 -0.006011
v 0.003770 -0.000550 -0.006604
v 0.003770 0.000552 -0.006604
v 0.003770 -0.000551 -0.010591
v 0.003766 -0.000549 -0.006572
v 0.003766 0.000551 -0.006572
v 0.003764 -0.001313 -0.010793
v 0.003761 -0.001604 -0.010795
v 0.003761 0.001606 -0.010795
v 0.003757 -0.000181 -0.006503
v 0.003757 0.000183 -0.006503
v 0.003755 -0.000548 -0.006544
v 0.003755 0.000550 -0.006544
v 0.003753 0.000901 -0.010724
v 0.003748 -0.000919 -0.010724
v 0.003743 0.001745 -0.005632
v 0.003739 -0.001317 -0.004994
v 0.003739 0.001319 -0.004994
v 0.003737 -0.001752 -0.005622
v 0.003737 -0.000545 -0.006518
v 0.003737 0.000547 -0.006518
v 0.003736 -0.001316 -0.004984
v 0.003736 0.001318 -0.004984
v 0.003731 -0.001315 -0.004974
v 0.003731 0.001317 -0.004974
v 0.003730 -0.000180 -0.006488
v 0.003730 0.000182 -0.006488
v 0.003727 0.001280 -0.010781
v 0.003727 0.000775 -0.010591
v 0.003726 -0.000773 -0.010591
v 0.003726 -0.000773 -0.006604
v 0.003726 0.000775 -0.006604
v 0.003725 0.000894 -0.010681
v 0.003722 -0.001313 -0.004964
v 0.003722 0.001315 -0.004964
v 0.003721 -0.000543 -0.006503
v 0.003721 0.000545 -0.006503
v 0.003720 -0.000912 -0.010681
v 0.003720 -0.001298 -0.010781
v 0.003719 -0.001791 -0.005588
v 0.003712 -0.001310 -0.004957
v 0.003712 0.001312 -0.004957
v 0.003711 0.001893 -0.005922
v 0.003710 0.000890 -0.010636
v 0.003705 0.000889 -0.010591
v 0.003705 -0.000908 -0.010636
v 0.003705 0.001895 -0.005775
v 0.003701 -0.000178 -0.006479
v 0.003701 0.000180 -0.006479
v 0.003701 -0.001308 -0.004954
v 0.003701 0.001310 -0.004954
v 0.003701 -0.001900 -0.005766
v 0.003700 -0.000907 -0.010591
v 0.003700 -0.001459 -0.004994
v 0.003700 0.001461 -0.004994
v 0.003699 -0.000911 -0.006604
v 0.003699 0.000913 -0.006604
v 0.003695 -0.000910 -0.006572
v 0.003695 -0.000539 -0.006488
v 0.003695 0.000541 -0.006488
v 0.003695 0.000912 -0.006572
v 0.003691 -0.001305 -0.004953
v 0.003691 0.001307 -0.004953
v 0.003688 -0.001935 -0.005888
v 0.003686 0.001266 -0.010758
v 0.003685 -0.000908 -0.006544
v 0.003685 0.000910 -0.006544
v 0.003683 -0.000059 -0.006477
v 0.003679 -0.001283 -0.010758
v 0.003678 0.000179 -0.006477
v 0.003678 0.000189 -0.006477
v 0.003677 -0.000177 -0.006477
v 0.003670 -0.000308 -0.006477
v 0.003669 0.001972 -0.005858
v 0.003667 -0.000535 -0.006479
v 0.003667 0.000537 -0.006479
v 0.003667 -0.000903 -0.006518
v 0.003667 0.000905 -0.006518
v 0.003664 -0.001980 -0.005851
v 0.003662 -0.001984 -0.010718
v 0.003662 0.001986 -0.010718
v 0.003662 0.000382 -0.006477
v 0.003662 -0.000380 -0.006477
v 0.003660 -0.001983 -0.010737
v 0.003660 0.001985 -0.010737
v 0.003658 0.000435 -0.006477
v 0.003655 0.001658 -0.010795
v 0.003654 -0.001980 -0.010754
v 0.003654 0.001982 -0.010754
v 0.003652 0.001921 -0.005464
v 0.003652 -0.000900 -0.006503
v 0.003652 0.000902 -0.006503
v 0.003651 0.001254 -0.010724
v 0.003646 -0.001676 -0.010795
v 0.003645 -0.001975 -0.010770
v 0.003645 0.001977 -0.010770
v 0.003644 -0.000531 -0.006477
v 0.003644 -0.001271 -0.010724
v 0.003643 0.000533 -0.006477
v 0.003642 -0.000553 -0.006477
v 0.003636 -0.001970 -0.010779
v 0.003636 0.001972 -0.010779
v 0.003631 0.001647 -0.010793
v 0.003626 -0.000893 -0.006488
v 0.003626 0.000895 -0.006488
v 0.003623 0.001244 -0.010681
v 0.003623 -0.001970 -0.005411
v 0.003622 -0.001962 -0.010788
v 0.003622 0.001964 -0.010788
v 0.003622 -0.001665 -0.010793
v 0.003621 0.000678 -0.006477
v 0.003620 -0.001744 -0.004994
v 0.003620 0.001746 -0.004994
v 0.003619 0.002064 -0.005783
v 0.003617 -0.001743 -0.004984
v 0.003617 0.001745 -0.004984
v 0.003617 0.001981 -0.005399
v 0.003617 -0.001262 -0.010681
v 0.003616 0.000700 -0.006477
v 0.003612 -0.001741 -0.004974
v 0.003612 0.001743 -0.004974
v 0.003609 -0.001993 -0.005385
v 0.003608 0.001239 -0.010636
v 0.003607 0.002084 -0.005766
v 0.003607 -0.001954 -0.010793
v 0.003607 0.001956 -0.010793
v 0.003607 -0.002081 -0.005766
v 0.003604 -0.002080 -0.010718
v 0.003604 0.002082 -0.010718
v 0.003604 0.001237 -0.010591
v 0.003603 -0.001738 -0.004964
v 0.003603 0.001740 -0.004964
v 0.003602 -0.001256 -0.010636
v 0.003598 -0.000886 -0.006479
v 0.003598 0.000888 -0.006479
v 0.003597 -0.001255 -0.010591
v 0.003596 -0.000794 -0.006477
v 0.003595 -0.001948 -0.010795
v 0.003595 0.001950 -0.010795
v 0.003594 -0.001650 -0.004953
v 0.003594 0.001652 -0.004953
v 0.003594 -0.001264 -0.006604
v 0.003594 0.001266 -0.006604
v 0.003593 -0.001735 -0.004957
v 0.003593 0.001737 -0.004957
v 0.003590 -0.001263 -0.006572
v 0.003590 0.001265 -0.006572
v 0.003590 -0.001275 -0.006604
v 0.003590 0.001277 -0.006604
v 0.003589 -0.001275 -0.010591
v 0.003588 0.001628 -0.010781
v 0.003588 0.001276 -0.010591
v 0.003588 -0.002115 -0.005738
v 0.003583 -0.001732 -0.004954
v 0.003583 0.001734 -0.004954
v 0.003580 -0.001259 -0.006544
v 0.003580 0.001261 -0.006544
v 0.003580 -0.001645 -0.010781
v 0.003579 0.002046 -0.005329
v 0.003579 -0.002044 -0.005328
v 0.003576 0.000877 -0.006477
v 0.003576 -0.000875 -0.006477
v 0.003575 0.000883 -0.006477
v 0.003574 -0.000881 -0.006477
v 0.003573 -0.001728 -0.004953
v 0.003573 0.001730 -0.004953
v 0.003568 0.002137 -0.005534
v 0.003567 0.000918 -0.006477
v 0.003562 -0.001253 -0.006518
v 0.003562 0.001255 -0.006518
v 0.003560 -0.002147 -0.005518
v 0.003551 0.002094 -0.005276
v 0.003549 0.001610 -0.010758
v 0.003547 -0.001248 -0.006503
v 0.003547 0.001250 -0.006503
v 0.003540 -0.001627 -0.010758
v 0.003535 -0.001033 -0.006477
v 0.003523 -0.001239 -0.006488
v 0.003523 0.001241 -0.006488
v 0.003519 -0.002021 -0.004994
v 0.003519 0.002023 -0.004994
v 0.003517 -0.002147 -0.005212
v 0.003516 0.002234 -0.005629
v 0.003515 0.001595 -0.010724
v 0.003512 0.002242 -0.005622
v 0.003506 -0.001612 -0.010724
v 0.003506 -0.002247 -0.005614
v 0.003497 0.001156 -0.006477
v 0.003495 -0.001231 -0.006479
v 0.003495 0.001231 -0.006479
v 0.003489 0.001582 -0.010681
v 0.003482 -0.002287 -0.005577
v 0.003481 0.001997 -0.010795
v 0.003480 -0.001601 -0.010681
v 0.003474 0.001575 -0.010636
v 0.003473 0.002213 -0.005130
v 0.003473 -0.001223 -0.006477
v 0.003472 0.001223 -0.006477
v 0.003470 -0.002016 -0.010795
v 0.003470 0.001573 -0.010591
v 0.003468 -0.002161 -0.004994
v 0.003468 0.002161 -0.004994
v 0.003466 -0.001594 -0.010636
v 0.003465 -0.002160 -0.004984
v 0.003465 0.002160 -0.004984
v 0.003461 -0.001592 -0.010591
v 0.003461 -0.002318 -0.010718
v 0.003461 0.002318 -0.010718
v 0.003461 -0.002230 -0.005108
v 0.003460 -0.002158 -0.004974
v 0.003460 0.002158 -0.004974
v 0.003459 -0.002317 -0.010737
v 0.003459 0.002317 -0.010737
v 0.003458 0.001984 -0.010793
v 0.003457 -0.001270 -0.006477
v 0.003455 -0.001607 -0.006604
v 0.003455 0.001607 -0.006604
v 0.003454 -0.002313 -0.010754
v 0.003454 0.002313 -0.010754
v 0.003452 -0.002154 -0.004964
v 0.003452 0.002154 -0.004964
v 0.003451 -0.001605 -0.006572
v 0.003451 0.001605 -0.006572
v 0.003447 -0.002003 -0.010793
v 0.003446 -0.002076 -0.004953
v 0.003446 -0.001651 -0.004953
v 0.003446 -0.000876 -0.004953
v 0.003446 -0.000381 -0.004953
v 0.003446 0.000381 -0.004953
v 0.003446 0.000699 -0.004953
v 0.003446 0.000876 -0.004953
v 0.003446 0.001651 -0.004953
v 0.003446 0.002076 -0.004953
v 0.003444 -0.002307 -0.010770
v 0.003444 0.002307 -0.010770
v 0.003442 -0.002150 -0.004957
v 0.003442 0.002150 -0.004957
v 0.003441 -0.001600 -0.006544
v 0.003441 0.001600 -0.006544
v 0.003439 0.002264 -0.005068
v 0.003436 -0.002301 -0.010779
v 0.003436 0.002301 -0.010779
v 0.003432 -0.002146 -0.004954
v 0.003432 0.002146 -0.004954
v 0.003424 -0.001592 -0.006518
v 0.003424 0.001592 -0.006518
v 0.003423 -0.002293 -0.010788
v 0.003423 0.002293 -0.010788
v 0.003422 -0.002142 -0.004953
v 0.003422 0.002142 -0.004953
v 0.003418 0.001961 -0.010781
v 0.003412 0.002372 -0.005255
v 0.003411 0.001390 -0.006477
v 0.003410 -0.001586 -0.006503
v 0.003410 0.001586 -0.006503
v 0.003409 -0.002283 -0.010793
v 0.003409 0.002283 -0.010793
v 0.003407 -0.001979 -0.010781
v 0.003406 0.002398 -0.005462
v 0.003400 -0.002320 -0.004994
v 0.003400 0.002320 -0.004994
v 0.003400 -0.002389 -0.005231
v 0.003399 0.002319 -0.004989
v 0.003398 -0.002276 -0.010795
v 0.003398 0.002276 -0.010795
v 0.003397 0.002319 -0.004984
v 0.003397 -0.002319 -0.004984
v 0.003397 -0.002319 -0.004983
v 0.003394 -0.002317 -0.004978
v 0.003392 0.002316 -0.004974
v 0.003392 -0.002316 -0.004974
v 0.003392 -0.002316 -0.004973
v 0.003391 0.002316 -0.004973
v 0.003386 -0.001575 -0.006488
v 0.003386 0.001575 -0.006488
v 0.003384 -0.002313 -0.004964
v 0.003384 -0.002313 -0.004964
v 0.003384 0.002313 -0.004964
v 0.003384 -0.002355 -0.004995
v 0.003382 -0.002359 -0.004995
v 0.003381 -0.002361 -0.004995
v 0.003381 -0.002361 -0.004995
v 0.003380 0.001939 -0.010758
v 0.003379 -0.002360 -0.004986
v 0.003379 0.001751 -0.010591
v 0.003379 -0.001751 -0.010591
v 0.003379 -0.001751 -0.006604
v 0.003379 0.001751 -0.006604
v 0.003378 0.002310 -0.004960
v 0.003376 -0.002359 -0.004978
v 0.003375 -0.002309 -0.004958
v 0.003374 0.002308 -0.004957
v 0.003374 -0.002308 -0.004958
v 0.003371 -0.002357 -0.004971
v 0.003370 -0.002306 -0.004956
v 0.003370 0.002306 -0.004956
v 0.003369 -0.001957 -0.010758
v 0.003366 -0.002454 -0.005401
v 0.003366 -0.001496 -0.006477
v 0.003366 -0.000876 -0.006477
v 0.003366 -0.000381 -0.006477
v 0.003366 0.000381 -0.006477
v 0.003366 0.000699 -0.006477
v 0.003366 0.000876 -0.006477
v 0.003366 0.001491 -0.006477
v 0.003365 -0.002354 -0.004964
v 0.003365 -0.002304 -0.004954
v 0.003364 0.002304 -0.004954
v 0.003364 -0.002304 -0.004954
v 0.003364 -0.001501 -0.006477
v 0.003362 -0.002303 -0.004954
v 0.003362 0.002303 -0.004953
v 0.003360 -0.001563 -0.006479
v 0.003360 0.001563 -0.006479
v 0.003359 -0.002351 -0.004959
v 0.003355 -0.002299 -0.004953
v 0.003354 -0.002300 -0.004953
v 0.003354 0.002300 -0.004953
v 0.003351 -0.002347 -0.004956
v 0.003348 0.001921 -0.010724
v 0.003344 0.002432 -0.004996
v 0.003344 0.002432 -0.004989
v 0.003344 -0.002343 -0.004953
v 0.003341 0.002430 -0.004980
v 0.003339 0.002489 -0.005359
v 0.003338 -0.001552 -0.006477
v 0.003338 0.001552 -0.006477
v 0.003337 -0.001939 -0.010724
v 0.003336 0.002428 -0.004972
v 0.003336 -0.002446 -0.004997
v 0.003333 -0.002338 -0.004953
v 0.003331 0.002425 -0.004966
v 0.003324 -0.002508 -0.005337
v 0.003324 0.002472 -0.004997
v 0.003324 0.002421 -0.004960
v 0.003323 0.001906 -0.010681
v 0.003316 0.002417 -0.004956
v 0.003312 -0.001924 -0.010681
v 0.003310 0.001615 -0.006477
v 0.003309 0.001899 -0.010636
v 0.003308 0.002413 -0.004953
v 0.003308 0.002497 -0.004998
v 0.003307 -0.002501 -0.004998
v 0.003305 0.001896 -0.010591
v 0.003305 0.002536 -0.005307
v 0.003304 -0.002535 -0.005305
v 0.003302 -0.002534 -0.010718
v 0.003302 0.002534 -0.010718
v 0.003302 -0.002521 -0.005054
v 0.003299 -0.001916 -0.010636
v 0.003294 -0.001914 -0.010591
v 0.003294 0.002550 -0.005290
v 0.003291 0.001651 -0.006477
v 0.003291 -0.001651 -0.006477
v 0.003283 -0.001933 -0.006604
v 0.003283 0.001933 -0.006604
v 0.003280 -0.001931 -0.006572
v 0.003280 0.001931 -0.006572
v 0.003279 0.002543 -0.004989
v 0.003279 0.002543 -0.004999
v 0.003279 0.002543 -0.004997
v 0.003277 0.002451 -0.004953
v 0.003276 0.002541 -0.004980
v 0.003275 0.002319 -0.010795
v 0.003272 0.002538 -0.004972
v 0.003271 -0.001925 -0.006544
v 0.003271 0.001925 -0.006544
v 0.003270 -0.002558 -0.004999
v 0.003269 0.002559 -0.004999
v 0.003267 0.002535 -0.004966
v 0.003263 -0.002337 -0.010795
v 0.003260 0.002531 -0.004960
v 0.003260 -0.002573 -0.004999
v 0.003260 -0.002572 -0.004995
v 0.003259 -0.002572 -0.004986
v 0.003256 -0.002570 -0.004978
v 0.003256 -0.001723 -0.006477
v 0.003255 -0.001916 -0.006518
v 0.003255 0.001916 -0.006518
v 0.003254 0.002304 -0.010793
v 0.003253 0.002526 -0.004956
v 0.003252 -0.002567 -0.004971
v 0.003247 -0.002564 -0.004964
v 0.003245 0.002521 -0.004953
v 0.003243 -0.002615 -0.005212
v 0.003241 -0.001908 -0.006503
v 0.003241 0.001908 -0.006503
v 0.003241 -0.002321 -0.010793
v 0.003241 -0.002560 -0.004959
v 0.003236 0.002516 -0.004953
v 0.003234 -0.002555 -0.004956
v 0.003233 0.002615 -0.005000
v 0.003230 -0.002631 -0.010718
v 0.003230 0.002631 -0.010718
v 0.003229 -0.002531 -0.004953
v 0.003228 -0.002629 -0.010737
v 0.003228 0.002629 -0.010737
v 0.003227 -0.002550 -0.004953
v 0.003223 -0.002625 -0.010754
v 0.003223 0.002625 -0.010754
v 0.003218 -0.002545 -0.004953
v 0.003218 -0.001894 -0.006488
v 0.003218 0.001894 -0.006488
v 0.003216 0.002277 -0.010781
v 0.003214 -0.002618 -0.010770
v 0.003214 0.002618 -0.010770
v 0.003214 -0.002642 -0.005001
v 0.003212 -0.002651 -0.005165
v 0.003207 -0.002612 -0.010779
v 0.003207 0.002612 -0.010779
v 0.003203 -0.002294 -0.010781
v 0.003195 0.001832 -0.006477
v 0.003195 -0.002602 -0.010788
v 0.003195 0.002602 -0.010788
v 0.003194 -0.001880 -0.006479
v 0.003194 0.001880 -0.006479
v 0.003187 -0.002677 -0.004995
v 0.003187 0.002593 -0.004953
v 0.003186 -0.002677 -0.005001
v 0.003185 -0.002676 -0.004986
v 0.003182 -0.002674 -0.004978
v 0.003181 -0.002591 -0.010793
v 0.003181 0.002591 -0.010793
v 0.003180 0.002252 -0.010758
v 0.003178 -0.002671 -0.004971
v 0.003173 0.001868 -0.006477
v 0.003173 -0.002667 -0.004964
v 0.003173 -0.001868 -0.006477
v 0.003171 -0.002583 -0.010795
v 0.003171 0.002583 -0.010795
v 0.003168 -0.002269 -0.010758
v 0.003167 -0.002662 -0.004959
v 0.003166 0.002702 -0.005002
v 0.003161 -0.002657 -0.004956
v 0.003156 0.002719 -0.005078
v 0.003154 -0.002652 -0.004953
v 0.003150 0.002230 -0.010724
v 0.003138 -0.002247 -0.010724
v 0.003137 0.002740 -0.005003
v 0.003137 0.002740 -0.004998
v 0.003136 0.002738 -0.004989
v 0.003135 0.002742 -0.005003
v 0.003134 -0.001936 -0.006477
v 0.003133 0.002736 -0.004980
v 0.003132 0.002747 -0.005040
v 0.003129 0.002733 -0.004972
v 0.003126 0.002214 -0.010681
v 0.003124 0.002729 -0.004966
v 0.003119 0.002724 -0.004960
v 0.003114 -0.002230 -0.010681
v 0.003113 0.002205 -0.010636
v 0.003112 0.002197 -0.010591
v 0.003112 0.002718 -0.004956
v 0.003112 -0.002197 -0.010591
v 0.003111 -0.002196 -0.006604
v 0.003111 0.002196 -0.006604
v 0.003109 0.002202 -0.010591
v 0.003108 -0.002774 -0.005003
v 0.003108 0.002774 -0.005003
v 0.003107 0.002774 -0.004998
v 0.003107 0.002774 -0.004997
v 0.003107 -0.002773 -0.004997
v 0.003107 -0.002773 -0.004995
v 0.003107 -0.002773 -0.004992
v 0.003106 0.002772 -0.004989
v 0.003105 -0.002772 -0.004986
v 0.003105 0.002712 -0.004953
v 0.003105 0.002772 -0.004985
v 0.003105 -0.002771 -0.004985
v 0.003104 -0.002771 -0.004981
v 0.003103 0.002770 -0.004980
v 0.003102 -0.002769 -0.004978
v 0.003102 -0.002221 -0.010636
v 0.003101 0.002768 -0.004974
v 0.003099 -0.002767 -0.004972
v 0.003099 -0.002767 -0.004972
v 0.003098 0.002706 -0.004953
v 0.003098 -0.002218 -0.010591
v 0.003095 0.002763 -0.004966
v 0.003094 0.002762 -0.004965
v 0.003094 -0.002762 -0.004965
v 0.003094 -0.002762 -0.004965
v 0.003093 -0.002761 -0.004964
v 0.003089 0.002757 -0.004960
v 0.003088 0.002719 -0.004953
v 0.003086 0.002755 -0.004958
v 0.003086 -0.002755 -0.004958
v 0.003083 -0.002751 -0.004956
v 0.003082 0.002751 -0.004956
v 0.003081 -0.002241 -0.006604
v 0.003081 0.002241 -0.006604
v 0.003078 -0.002748 -0.004954
v 0.003078 -0.002238 -0.006572
v 0.003078 0.002238 -0.006572
v 0.003078 -0.002747 -0.004954
v 0.003078 0.002747 -0.004954
v 0.003076 -0.002746 -0.004954
v 0.003076 0.002746 -0.004954
v 0.003070 -0.002740 -0.004953
v 0.003070 0.002740 -0.004953
v 0.003070 -0.002232 -0.006544
v 0.003070 0.002232 -0.006544
v 0.003066 0.002041 -0.006477
v 0.003054 -0.002221 -0.006518
v 0.003054 0.002221 -0.006518
v 0.003048 -0.000254 -0.004953
v 0.003048 -0.000254 -0.006477
v 0.003042 -0.002212 -0.006503
v 0.003042 0.002212 -0.006503
v 0.003040 0.002620 -0.010795
v 0.003035 -0.000353 -0.004953
v 0.003035 -0.000353 -0.006477
v 0.003035 -0.000155 -0.004953
v 0.003035 -0.000155 -0.006477
v 0.003026 -0.002636 -0.010795
v 0.003023 -0.000381 -0.004953
v 0.003023 -0.000381 -0.006477
v 0.003020 -0.002196 -0.006488
v 0.003020 0.002196 -0.006488
v 0.003020 0.002603 -0.010793
v 0.003006 -0.002619 -0.010793
v 0.002997 -0.002141 -0.006477
v 0.002997 -0.002179 -0.006479
v 0.002997 0.002179 -0.006479
v 0.002997 -0.000445 -0.004953
v 0.002997 -0.000445 -0.006477
v 0.002997 -0.000064 -0.004953
v 0.002997 -0.000064 -0.006477
v 0.002985 0.002572 -0.010781
v 0.002981 -0.002836 -0.004953
v 0.002978 -0.002166 -0.006477
v 0.002977 0.002165 -0.006477
v 0.002972 -0.002918 -0.005003
v 0.002972 -0.002918 -0.004997
v 0.002971 0.002919 -0.005003
v 0.002971 0.002919 -0.004997
v 0.002971 -0.002588 -0.010781
v 0.002970 -0.002920 -0.010718
v 0.002970 0.002920 -0.010718
v 0.002970 -0.002916 -0.004985
v 0.002969 0.002917 -0.004985
v 0.002969 -0.002919 -0.010737
v 0.002969 0.002919 -0.010737
v 0.002966 -0.002912 -0.004974
v 0.002965 0.002913 -0.004974
v 0.002964 -0.002914 -0.010754
v 0.002964 0.002914 -0.010754
v 0.002960 -0.002906 -0.004965
v 0.002959 0.002907 -0.004965
v 0.002956 -0.002906 -0.010770
v 0.002956 0.002906 -0.010770
v 0.002952 -0.002898 -0.004958
v 0.002952 0.002544 -0.010758
v 0.002951 0.002899 -0.004958
v 0.002949 -0.002900 -0.010779
v 0.002949 0.002900 -0.010779
v 0.002945 0.002945 -0.005003
v 0.002945 -0.002945 -0.005003
v 0.002945 -0.002944 -0.010718
v 0.002945 0.002944 -0.010718
v 0.002944 -0.002891 -0.004954
v 0.002943 0.002891 -0.004954
v 0.002938 -0.002560 -0.010758
v 0.002938 -0.002888 -0.010788
v 0.002938 0.002888 -0.010788
v 0.002936 -0.000523 -0.004953
v 0.002936 -0.000523 -0.006477
v 0.002936 0.000015 -0.004953
v 0.002936 0.000015 -0.006477
v 0.002935 -0.002882 -0.004953
v 0.002934 0.002883 -0.004953
v 0.002926 -0.002876 -0.010793
v 0.002926 0.002876 -0.010793
v 0.002924 0.002520 -0.010724
v 0.002921 0.002243 -0.006477
v 0.002921 -0.000254 -0.005080
v 0.002921 -0.000254 -0.006350
v 0.002916 -0.002867 -0.010795
v 0.002916 0.002867 -0.010795
v 0.002912 -0.000320 -0.005080
v 0.002912 -0.000320 -0.006350
v 0.002912 -0.000188 -0.005080
v 0.002912 -0.000188 -0.006350
v 0.002910 -0.002535 -0.010724
v 0.002902 0.002501 -0.010681
v 0.002890 0.002490 -0.010636
v 0.002889 0.002930 -0.004953
v 0.002888 -0.002516 -0.010681
v 0.002887 -0.000381 -0.005080
v 0.002887 -0.000381 -0.006350
v 0.002887 -0.000127 -0.005080
v 0.002887 -0.000127 -0.006350
v 0.002886 0.002487 -0.010591
v 0.002876 -0.002506 -0.010636
v 0.002876 -0.002299 -0.006477
v 0.002873 -0.002503 -0.010591
v 0.002857 -0.000584 -0.004953
v 0.002857 -0.000584 -0.006477
v 0.002857 0.000076 -0.004953
v 0.002857 0.000076 -0.006477
v 0.002851 -0.002528 -0.006604
v 0.002851 0.002528 -0.006604
v 0.002848 -0.002525 -0.006572
v 0.002848 0.002525 -0.006572
v 0.002847 -0.000434 -0.005080
v 0.002847 -0.000434 -0.006350
v 0.002847 -0.000074 -0.005080
v 0.002847 -0.000074 -0.006350
v 0.002846 -0.002337 -0.006477
v 0.002840 -0.002518 -0.006544
v 0.002840 0.002518 -0.006544
v 0.002828 -0.003058 -0.005003
v 0.002828 0.003058 -0.005003
v 0.002828 -0.003058 -0.004997
v 0.002828 0.003058 -0.004997
v 0.002828 -0.003057 -0.004995
v 0.002828 0.003057 -0.004995
v 0.002827 -0.003059 -0.005003
v 0.002827 0.003059 -0.005003
v 0.002827 -0.003058 -0.004995
v 0.002827 0.003058 -0.004995
v 0.002827 -0.003060 -0.005003
v 0.002827 0.003060 -0.005003
v 0.002826 0.003060 -0.004999
v 0.002826 -0.003059 -0.004996
v 0.002826 -0.003056 -0.004985
v 0.002826 0.003056 -0.004985
v 0.002826 -0.003059 -0.004995
v 0.002826 -0.003059 -0.004995
v 0.002826 0.003059 -0.004995
v 0.002826 0.003059 -0.004995
v 0.002826 0.003059 -0.004992
v 0.002826 -0.002506 -0.006518
v 0.002826 0.002506 -0.006518
v 0.002825 -0.003056 -0.004985
v 0.002825 0.003056 -0.004985
v 0.002825 -0.003061 -0.005003
v 0.002825 -0.003061 -0.005000
v 0.002825 -0.003061 -0.004995
v 0.002824 -0.003057 -0.004985
v 0.002824 0.003057 -0.004986
v 0.002824 -0.003060 -0.004990
v 0.002824 -0.003057 -0.004984
v 0.002824 0.003057 -0.004985
v 0.002823 -0.003058 -0.004986
v 0.002823 0.003056 -0.004980
v 0.002823 -0.003052 -0.004976
v 0.002823 0.003052 -0.004976
v 0.002822 -0.003053 -0.004976
v 0.002822 0.003053 -0.004976
v 0.002822 -0.003051 -0.004974
v 0.002822 0.003051 -0.004974
v 0.002822 -0.003057 -0.004981
v 0.002821 -0.003054 -0.004976
v 0.002821 0.003054 -0.004976
v 0.002821 -0.003054 -0.004976
v 0.002821 0.003053 -0.004976
v 0.002820 -0.003055 -0.004976
v 0.002820 -0.003052 -0.004973
v 0.002818 -0.003053 -0.004972
v 0.002818 0.003050 -0.004970
v 0.002818 -0.003048 -0.004968
v 0.002818 0.003048 -0.004968
v 0.002817 -0.003049 -0.004968
v 0.002817 0.003049 -0.004968
v 0.002816 -0.003045 -0.004965
v 0.002816 0.003045 -0.004965
v 0.002816 -0.003050 -0.004968
v 0.002816 -0.003047 -0.004966
v 0.002814 -0.003071 -0.005002
v 0.002814 -0.002495 -0.006503
v 0.002814 0.002495 -0.006503
v 0.002814 0.003071 -0.005001
v 0.002814 -0.003047 -0.004965
v 0.002813 0.003072 -0.004998
v 0.002813 0.003071 -0.004993
v 0.002813 0.003072 -0.005001
v 0.002813 0.003044 -0.004962
v 0.002813 0.003070 -0.004988
v 0.002813 -0.003041 -0.004961
v 0.002813 0.003041 -0.004961
v 0.002812 -0.003042 -0.004961
v 0.002812 0.003042 -0.004961
v 0.002812 0.003068 -0.004983
v 0.002812 -0.003072 -0.004993
v 0.002812 -0.003073 -0.004998
v 0.002812 -0.003074 -0.005002
v 0.002812 -0.003071 -0.004989
v 0.002812 0.003043 -0.004961
v 0.002812 -0.003043 -0.004962
v 0.002811 -0.003043 -0.004961
v 0.002811 0.003043 -0.004961
v 0.002811 0.003066 -0.004979
v 0.002811 -0.003070 -0.004984
v 0.002811 -0.003044 -0.004961
v 0.002810 -0.003068 -0.004979
v 0.002810 0.003064 -0.004974
v 0.002809 -0.003037 -0.004958
v 0.002809 0.003037 -0.004958
v 0.002809 -0.003065 -0.004975
v 0.002809 -0.003039 -0.004958
v 0.002808 0.003039 -0.004959
v 0.002808 -0.003041 -0.004959
v 0.002808 0.003061 -0.004970
v 0.002807 -0.003063 -0.004970
v 0.002806 -0.003078 -0.005001
v 0.002806 -0.003035 -0.004956
v 0.002806 0.003035 -0.004956
v 0.002806 0.003058 -0.004966
v 0.002806 0.003036 -0.004956
v 0.002806 -0.003036 -0.004957
v 0.002805 -0.003036 -0.004957
v 0.002805 0.003036 -0.004956
v 0.002805 -0.003060 -0.004967
v 0.002805 -0.003038 -0.004957
v 0.002803 0.003055 -0.004963
v 0.002803 -0.003057 -0.004963
v 0.002802 0.003042 -0.004957
v 0.002801 -0.003029 -0.004954
v 0.002801 0.003029 -0.004954
v 0.002801 -0.003044 -0.004957
v 0.002801 -0.003031 -0.004954
v 0.002801 0.003052 -0.004960
v 0.002800 -0.003084 -0.004999
v 0.002800 -0.003053 -0.004960
v 0.002800 0.003084 -0.004999
v 0.002800 -0.003027 -0.004954
v 0.002800 0.003027 -0.004954
v 0.002800 0.003083 -0.004990
v 0.002800 0.003082 -0.004985
v 0.002800 0.003028 -0.004953
v 0.002800 -0.003028 -0.004954
v 0.002799 0.003084 -0.004995
v 0.002799 0.003080 -0.004980
v 0.002799 -0.003029 -0.004954
v 0.002799 -0.003029 -0.004954
v 0.002799 -0.003082 -0.004985
v 0.002799 -0.003084 -0.004990
v 0.002799 0.003029 -0.004954
v 0.002799 0.003029 -0.004954
v 0.002799 0.003085 -0.004998
v 0.002799 -0.003080 -0.004980
v 0.002799 0.003077 -0.004976
v 0.002799 -0.003085 -0.004995
v 0.002799 -0.003031 -0.004954
v 0.002798 -0.003086 -0.004998
v 0.002798 -0.003078 -0.004976
v 0.002798 0.003049 -0.004957
v 0.002798 0.003028 -0.004953
v 0.002798 0.003075 -0.004971
v 0.002797 -0.003050 -0.004957
v 0.002797 -0.003075 -0.004971
v 0.002796 0.003072 -0.004967
v 0.002796 0.003035 -0.004954
v 0.002796 -0.003072 -0.004967
v 0.002795 -0.003037 -0.004954
v 0.002794 0.003068 -0.004963
v 0.002794 -0.002478 -0.006488
v 0.002794 0.002478 -0.006488
v 0.002794 -0.000474 -0.005080
v 0.002794 -0.000474 -0.006350
v 0.002794 -0.000034 -0.005080
v 0.002794 -0.000034 -0.006350
v 0.002794 0.003055 -0.004957
v 0.002794 0.003090 -0.004997
v 0.002794 -0.003069 -0.004964
v 0.002794 -0.003056 -0.004958
v 0.002794 -0.003022 -0.004953
v 0.002794 0.003022 -0.004953
v 0.002792 -0.003024 -0.004952
v 0.002792 0.003065 -0.004960
v 0.002792 0.003041 -0.004954
v 0.002792 -0.003066 -0.004960
v 0.002792 -0.002994 -0.004953
v 0.002792 0.002994 -0.004953
v 0.002792 -0.003043 -0.004954
v 0.002790 0.003089 -0.004980
v 0.002790 0.003087 -0.004975
v 0.002790 0.003091 -0.004985
v 0.002790 0.003061 -0.004957
v 0.002790 0.003028 -0.004952
v 0.002790 -0.003062 -0.004957
v 0.002790 0.003093 -0.004990
v 0.002790 0.003084 -0.004971
v 0.002789 -0.003091 -0.004980
v 0.002789 -0.003088 -0.004975
v 0.002789 -0.003030 -0.004952
v 0.002789 -0.003093 -0.004985
v 0.002789 0.003094 -0.004995
v 0.002789 0.003081 -0.004967
v 0.002789 -0.003086 -0.004971
v 0.002788 0.003048 -0.004953
v 0.002788 -0.003094 -0.004990
v 0.002788 -0.003049 -0.004953
v 0.002788 -0.003083 -0.004967
v 0.002787 -0.003096 -0.004994
v 0.002787 0.003058 -0.004955
v 0.002787 0.003078 -0.004963
v 0.002787 0.003022 -0.004952
v 0.002787 -0.003059 -0.004955
v 0.002786 -0.003079 -0.004963
v 0.002786 0.003035 -0.004951
v 0.002786 -0.003097 -0.004993
v 0.002786 0.003075 -0.004959
v 0.002786 -0.003036 -0.004951
v 0.002785 -0.003037 -0.004951
v 0.002785 -0.003023 -0.004952
v 0.002785 0.003037 -0.004950
v 0.002785 0.003023 -0.004952
v 0.002785 0.002995 -0.004952
v 0.002785 -0.003076 -0.004959
v 0.002785 0.003054 -0.004953
v 0.002785 -0.003055 -0.004953
v 0.002784 0.003071 -0.004956
v 0.002783 -0.003023 -0.004951
v 0.002783 -0.003072 -0.004956
v 0.002783 0.003041 -0.004950
v 0.002782 -0.003042 -0.004950
v 0.002782 -0.002598 -0.006604
v 0.002782 0.002598 -0.006604
v 0.002782 0.003051 -0.004951
v 0.002782 -0.003052 -0.004951
v 0.002782 -0.002598 -0.010591
v 0.002782 0.003067 -0.004954
v 0.002781 0.002598 -0.010591
v 0.002781 0.003094 -0.004970
v 0.002781 0.003097 -0.004974
v 0.002781 -0.002996 -0.004951
v 0.002781 -0.003069 -0.004954
v 0.002781 0.003099 -0.004979
v 0.002781 0.003091 -0.004965
v 0.002780 0.003101 -0.004983
v 0.002780 0.003088 -0.004961
v 0.002780 -0.003096 -0.004969
v 0.002780 -0.003099 -0.004974
v 0.002779 -0.003093 -0.004965
v 0.002779 -0.002952 -0.004953
v 0.002779 0.002952 -0.004953
v 0.002779 0.003047 -0.004949
v 0.002779 0.003064 -0.004952
v 0.002779 -0.003101 -0.004979
v 0.002779 0.003103 -0.004988
v 0.002779 -0.003048 -0.004949
v 0.002779 0.003084 -0.004958
v 0.002779 -0.003090 -0.004961
v 0.002779 -0.003065 -0.004951
v 0.002779 0.003103 -0.004989
v 0.002778 -0.003103 -0.004983
v 0.002778 -0.003086 -0.004958
v 0.002777 0.003080 -0.004955
v 0.002777 0.002897 -0.010795
v 0.002777 -0.003105 -0.004988
v 0.002777 0.003060 -0.004950
v 0.002777 -0.003105 -0.004989
v 0.002776 -0.003082 -0.004954
v 0.002776 -0.003106 -0.004989
v 0.002776 -0.003062 -0.004950
v 0.002776 0.003077 -0.004952
v 0.002775 -0.003079 -0.004952
v 0.002774 0.003102 -0.004968
v 0.002774 0.003095 -0.004960
v 0.002774 0.003057 -0.004948
v 0.002774 0.003073 -0.004949
v 0.002774 0.002997 -0.004949
v 0.002773 -0.003058 -0.004948
v 0.002773 0.003058 -0.004947
v 0.002773 -0.003023 -0.004948
v 0.002773 0.002955 -0.004952
v 0.002773 0.003023 -0.004948
v 0.002773 0.003107 -0.004977
v 0.002773 -0.003075 -0.004949
v 0.002773 -0.003101 -0.004963
v 0.002773 -0.002459 -0.006479
v 0.002773 0.002459 -0.006479
v 0.002773 -0.003097 -0.004959
v 0.002773 -0.003104 -0.004967
v 0.002772 0.003088 -0.004953
v 0.002772 -0.003060 -0.004948
v 0.002772 -0.003023 -0.004947
v 0.002772 -0.003110 -0.004986
v 0.002771 0.003069 -0.004948
v 0.002771 0.003110 -0.004985
v 0.002771 -0.003090 -0.004952
v 0.002771 -0.003109 -0.004976
v 0.002771 -0.003071 -0.004947
v 0.002770 0.003111 -0.004985
v 0.002770 0.003064 -0.004947
v 0.002770 -0.002998 -0.004948
v 0.002769 -0.002956 -0.004951
v 0.002769 0.003080 -0.004947
v 0.002769 0.003066 -0.004946
v 0.002769 -0.003112 -0.004983
v 0.002768 -0.003067 -0.004945
v 0.002768 -0.003082 -0.004947
v 0.002768 0.003103 -0.004957
v 0.002767 0.003109 -0.004965
v 0.002767 0.003095 -0.004950
v 0.002766 0.003112 -0.004969
v 0.002766 -0.003105 -0.004956
v 0.002766 0.003114 -0.004983
v 0.002766 -0.003097 -0.004949
v 0.002766 -0.000622 -0.004953
v 0.002766 -0.000622 -0.006477
v 0.002766 0.000114 -0.004953
v 0.002766 0.000114 -0.006477
v 0.002765 -0.003112 -0.004964
v 0.002765 0.003073 -0.004943
v 0.002765 0.003115 -0.004973
v 0.002765 0.003023 -0.004943
v 0.002765 0.003087 -0.004945
v 0.002764 -0.003074 -0.004942
v 0.002764 -0.003115 -0.004968
v 0.002764 -0.003089 -0.004944
v 0.002763 0.003117 -0.004978
v 0.002763 0.003108 -0.004954
v 0.002763 -0.003076 -0.004941
v 0.002763 0.003101 -0.004947
v 0.002763 0.002435 -0.006477
v 0.002763 0.002999 -0.004943
v 0.002763 0.003118 -0.004979
v 0.002763 0.003077 -0.004941
v 0.002763 -0.003117 -0.004972
v 0.002763 -0.003023 -0.004942
v 0.002762 0.002959 -0.004949
v 0.002762 0.003023 -0.004942
v 0.002762 0.003115 -0.004962
v 0.002762 -0.002912 -0.010795
v 0.002761 -0.003103 -0.004946
v 0.002761 0.003079 -0.004940
v 0.002761 -0.003111 -0.004953
v 0.002761 0.003093 -0.004942
v 0.002761 -0.003119 -0.004977
v 0.002761 -0.003120 -0.004977
v 0.002760 -0.003081 -0.004939
v 0.002760 -0.003095 -0.004941
v 0.002759 -0.003118 -0.004961
v 0.002759 -0.003000 -0.004940
v 0.002759 -0.002961 -0.004948
v 0.002759 0.003106 -0.004944
v 0.002759 0.002878 -0.010793
v 0.002758 0.003114 -0.004951
v 0.002758 0.003098 -0.004939
v 0.002758 0.003118 -0.004954
v 0.002757 -0.003108 -0.004943
v 0.002757 -0.003123 -0.004974
v 0.002757 -0.002914 -0.004953
v 0.002757 0.002914 -0.004953
v 0.002757 -0.003087 -0.004937
v 0.002757 0.003088 -0.004936
v 0.002757 0.003123 -0.004973
v 0.002757 -0.003100 -0.004938
v 0.002756 -0.003116 -0.004949
v 0.002756 0.003121 -0.004958
v 0.002756 0.003110 -0.004941
v 0.002756 0.003090 -0.004935
v 0.002755 0.002443 -0.006477
v 0.002755 -0.003120 -0.004953
v 0.002755 0.003102 -0.004936
v 0.002755 -0.003124 -0.004973
v 0.002755 0.003118 -0.004947
v 0.002754 -0.003092 -0.004933
v 0.002754 0.003124 -0.004962
v 0.002754 -0.003112 -0.004940
v 0.002754 -0.002442 -0.006477
v 0.002754 -0.003093 -0.004933
v 0.002754 -0.003104 -0.004935
v 0.002754 0.003093 -0.004932
v 0.002754 -0.003023 -0.004933
v 0.002754 -0.003123 -0.004956
v 0.002754 0.003000 -0.004935
v 0.002754 0.003023 -0.004933
v 0.002753 0.003094 -0.004932
v 0.002753 0.003106 -0.004933
v 0.002753 0.003114 -0.004938
v 0.002753 -0.003023 -0.004931
v 0.002753 -0.003121 -0.004946
v 0.002753 0.002964 -0.004943
v 0.002752 -0.003096 -0.004931
v 0.002752 0.003127 -0.004966
v 0.002752 -0.003110 -0.004933
v 0.002752 -0.003110 -0.004933
v 0.002752 0.003109 -0.004933
v 0.002752 0.003110 -0.004933
v 0.002752 -0.003127 -0.004960
v 0.002752 0.002918 -0.004952
v 0.002752 -0.003107 -0.004932
v 0.002752 0.003107 -0.004932
v 0.002751 0.003097 -0.004929
v 0.002751 0.003115 -0.004936
v 0.002751 0.003116 -0.004936
v 0.002751 -0.003116 -0.004937
v 0.002751 0.003128 -0.004968
v 0.002751 0.003122 -0.004944
v 0.002751 0.003120 -0.004939
v 0.002751 -0.003001 -0.004931
v 0.002751 -0.003120 -0.004939
v 0.002751 -0.003099 -0.004928
v 0.002751 0.003099 -0.004928
v 0.002750 0.003120 -0.004940
v 0.002749 -0.003129 -0.004964
v 0.002749 0.003126 -0.004947
v 0.002749 0.003124 -0.004942
v 0.002749 -0.003124 -0.004942
v 0.002749 -0.002965 -0.004940
v 0.002749 -0.003130 -0.004965
v 0.002748 0.003023 -0.004924
v 0.002748 -0.002921 -0.004951
v 0.002748 -0.003107 -0.004924
v 0.002748 -0.003114 -0.004925
v 0.002747 -0.003099 -0.004922
v 0.002747 -0.003023 -0.004922
v 0.002747 -0.003128 -0.004945
v 0.002747 0.003107 -0.004925
v 0.002747 0.003023 -0.004922
v 0.002747 0.003099 -0.004922
v 0.002747 0.003130 -0.004950
v 0.002747 -0.003109 -0.004924
v 0.002747 0.003129 -0.004946
v 0.002747 0.003132 -0.004964
v 0.002747 -0.003099 -0.004920
v 0.002747 0.003099 -0.004920
v 0.002747 -0.003130 -0.004947
v 0.002747 0.003002 -0.004924
v 0.002747 -0.003130 -0.004947
v 0.002746 0.003130 -0.004947
v 0.002746 -0.003107 -0.004920
v 0.002746 0.003107 -0.004920
v 0.002746 -0.003125 -0.004931
v 0.002745 0.003131 -0.004948
v 0.002745 -0.003131 -0.004948
v 0.002745 -0.003116 -0.004921
v 0.002745 -0.003116 -0.004921
v 0.002745 0.003114 -0.004922
v 0.002745 -0.003002 -0.004920
v 0.002745 0.003114 -0.004922
v 0.002745 -0.003116 -0.004921
v 0.002745 0.003133 -0.004954
v 0.002745 -0.003116 -0.004920
v 0.002745 0.003023 -0.004913
v 0.002745 -0.003117 -0.004920
v 0.002744 0.003115 -0.004921
v 0.002744 0.003116 -0.004921
v 0.002744 -0.003099 -0.004911
v 0.002744 0.003099 -0.004911
v 0.002744 0.002967 -0.004935
v 0.002744 0.003116 -0.004920
v 0.002744 -0.003099 -0.004910
v 0.002744 -0.003023 -0.004910
v 0.002744 0.003023 -0.004910
v 0.002744 0.003099 -0.004910
v 0.002744 -0.003023 -0.004909
v 0.002744 -0.003107 -0.004911
v 0.002744 0.003107 -0.004911
v 0.002743 -0.002893 -0.010793
v 0.002743 -0.003099 -0.004902
v 0.002743 -0.003094 -0.004673
v 0.002743 -0.003089 -0.004445
v 0.002743 -0.003023 -0.004445
v 0.002743 -0.003023 -0.004902
v 0.002743 0.003023 -0.004445
v 0.002743 0.003023 -0.004902
v 0.002743 0.003089 -0.004445
v 0.002743 0.003094 -0.004673
v 0.002743 0.003099 -0.004902
v 0.002743 0.003119 -0.004920
v 0.002743 -0.003088 -0.004392
v 0.002743 -0.003135 -0.004957
v 0.002743 0.003002 -0.004913
v 0.002743 0.003107 -0.004902
v 0.002743 0.003109 -0.004902
v 0.002742 0.002925 -0.004949
v 0.002742 0.003100 -0.004444
v 0.002742 -0.003116 -0.004911
v 0.002742 -0.003107 -0.004902
v 0.002742 0.003136 -0.004957
v 0.002742 0.003116 -0.004911
v 0.002742 0.003136 -0.004957
v 0.002742 0.003104 -0.004444
v 0.002742 -0.003002 -0.004909
v 0.002742 -0.003100 -0.004444
v 0.002742 -0.003134 -0.004938
v 0.002742 -0.003111 -0.004673
v 0.002742 0.003111 -0.004673
v 0.002742 -0.003002 -0.004902
v 0.002742 0.003002 -0.004902
v 0.002741 -0.003114 -0.004902
v 0.002741 0.003114 -0.004902
v 0.002741 -0.002968 -0.004931
v 0.002741 0.003124 -0.004918
v 0.002741 0.003000 -0.004445
v 0.002741 -0.003108 -0.004444
v 0.002741 -0.003117 -0.004902
v 0.002741 0.003124 -0.004917
v 0.002741 0.003108 -0.004444
v 0.002741 0.003115 -0.004902
v 0.002741 -0.003110 -0.004444
v 0.002741 -0.003124 -0.004917
v 0.002741 -0.003137 -0.004954
v 0.002741 0.003137 -0.004954
v 0.002740 -0.003124 -0.004911
v 0.002740 0.003124 -0.004911
v 0.002740 0.003128 -0.004916
v 0.002739 -0.002928 -0.004948
v 0.002739 0.002994 -0.004445
v 0.002739 0.002995 -0.004902
v 0.002739 -0.003115 -0.004444
v 0.002739 -0.002991 -0.004445
v 0.002739 0.003115 -0.004444
v 0.002739 0.003124 -0.004902
v 0.002739 -0.002990 -0.004445
v 0.002739 -0.003124 -0.004902
v 0.002739 0.003130 -0.004915
v 0.002738 0.003131 -0.004916
v 0.002738 -0.003129 -0.004915
v 0.002738 -0.002990 -0.004902
v 0.002738 0.003128 -0.004902
v 0.002738 -0.003131 -0.004916
v 0.002737 0.002970 -0.004924
v 0.002737 -0.003023 -0.004173
v 0.002737 0.003023 -0.004173
v 0.002737 0.003132 -0.004914
v 0.002737 -0.003128 -0.004902
v 0.002737 -0.003131 -0.004914
v 0.002737 0.003132 -0.004914
v 0.002737 0.003088 -0.004161
v 0.002737 -0.003132 -0.004911
v 0.002737 -0.003127 -0.004673
v 0.002737 0.003127 -0.004673
v 0.002737 0.003132 -0.004911
v 0.002737 -0.003132 -0.004914
v 0.002736 -0.002971 -0.004920
v 0.002736 -0.003132 -0.004902
v 0.002736 -0.003126 -0.004444
v 0.002735 0.003128 -0.004444
v 0.002735 0.003000 -0.004173
v 0.002735 -0.003142 -0.004945
v 0.002735 -0.003089 -0.004123
v 0.002734 -0.003135 -0.004902
v 0.002734 -0.003131 -0.004444
v 0.002734 0.002972 -0.004913
v 0.002734 0.002932 -0.004943
v 0.002734 -0.003141 -0.004922
v 0.002734 0.003141 -0.004922
v 0.002733 -0.002991 -0.004173
v 0.002733 -0.003138 -0.004911
v 0.002733 -0.002972 -0.004909
v 0.002733 -0.003144 -0.004941
v 0.002733 -0.002972 -0.004902
v 0.002733 0.002972 -0.004902
v 0.002733 -0.000499 -0.005080
v 0.002733 -0.000499 -0.006350
v 0.002733 -0.000009 -0.005080
v 0.002733 -0.000009 -0.006350
v 0.002733 -0.003140 -0.004911
v 0.002732 -0.003140 -0.004910
v 0.002732 0.002971 -0.004445
v 0.002732 0.003139 -0.004911
v 0.002732 0.003139 -0.004911
v 0.002732 -0.003139 -0.004902
v 0.002732 0.003139 -0.004902
v 0.002731 -0.002934 -0.004940
v 0.002731 0.003141 -0.004902
v 0.002731 -0.003141 -0.004902
v 0.002731 -0.003091 -0.004062
v 0.002730 0.002968 -0.004445
v 0.002730 0.002968 -0.004902
v 0.002730 0.003091 -0.004062
v 0.002730 -0.003105 -0.004051
v 0.002730 -0.003091 -0.004050
v 0.002729 -0.003142 -0.004673
v 0.002729 0.003142 -0.004673
v 0.002729 0.003105 -0.004031
v 0.002729 0.003144 -0.004909
v 0.002729 -0.003023 -0.004062
v 0.002729 0.003023 -0.004062
v 0.002728 -0.002963 -0.004445
v 0.002728 0.003145 -0.004902
v 0.002728 0.003146 -0.004909
v 0.002728 0.003092 -0.004031
v 0.002727 0.003146 -0.004908
v 0.002727 0.003146 -0.004908
v 0.002727 -0.003146 -0.004908
v 0.002727 0.003146 -0.004902
v 0.002727 -0.003146 -0.004908
v 0.002727 -0.003143 -0.004444
v 0.002727 0.003142 -0.004444
v 0.002727 -0.003146 -0.004902
v 0.002727 -0.003149 -0.004928
v 0.002727 -0.003143 -0.004444
v 0.002727 0.003149 -0.004928
v 0.002727 0.002844 -0.010781
v 0.002727 0.003143 -0.004444
v 0.002727 -0.003123 -0.004052
v 0.002727 0.002938 -0.004935
v 0.002726 0.002971 -0.004173
v 0.002726 0.003148 -0.004907
v 0.002726 -0.002883 -0.004953
v 0.002726 0.002883 -0.004953
v 0.002726 -0.002959 -0.004445
v 0.002725 -0.002960 -0.004902
v 0.002725 0.003124 -0.004032
v 0.002724 -0.002939 -0.004931
v 0.002723 -0.003151 -0.004902
v 0.002723 -0.003150 -0.004444
v 0.002723 -0.002963 -0.004173
v 0.002723 0.003150 -0.004444
v 0.002722 -0.003152 -0.004902
v 0.002722 0.002888 -0.004952
v 0.002722 0.003152 -0.004902
v 0.002722 -0.003153 -0.004902
v 0.002722 0.003153 -0.004905
v 0.002721 0.003153 -0.004902
v 0.002721 0.003154 -0.004915
v 0.002721 -0.003153 -0.004905
v 0.002721 0.003154 -0.004915
v 0.002721 0.002942 -0.004924
v 0.002720 -0.003140 -0.004053
v 0.002720 -0.002943 -0.004920
v 0.002719 -0.002891 -0.004951
v 0.002719 -0.003155 -0.004673
v 0.002719 0.003155 -0.004673
v 0.002719 0.003141 -0.004033
v 0.002718 0.003155 -0.004444
v 0.002718 -0.003155 -0.004444
v 0.002718 0.002944 -0.004913
v 0.002717 -0.002945 -0.004909
v 0.002717 0.003098 -0.003870
v 0.002717 -0.002945 -0.004902
v 0.002717 0.002945 -0.004902
v 0.002716 0.002945 -0.004445
v 0.002716 -0.003159 -0.004902
v 0.002716 0.003159 -0.004902
v 0.002716 0.003157 -0.004444
v 0.002716 -0.003157 -0.004444
v 0.002715 0.002943 -0.004445
v 0.002715 0.002944 -0.004902
v 0.002715 0.002897 -0.004949
v 0.002714 -0.003100 -0.003839
v 0.002712 -0.002900 -0.004948
v 0.002712 -0.003162 -0.004673
v 0.002712 0.003162 -0.004673
v 0.002712 -0.003156 -0.004054
v 0.002711 -0.002859 -0.010781
v 0.002711 0.002945 -0.004174
v 0.002710 0.003157 -0.004035
v 0.002710 -0.002937 -0.004445
v 0.002708 0.002906 -0.004943
v 0.002708 -0.003165 -0.004445
v 0.002708 0.003165 -0.004445
v 0.002706 -0.002933 -0.004445
v 0.002706 -0.002909 -0.004940
v 0.002705 -0.002933 -0.004902
v 0.002704 -0.002937 -0.004174
v 0.002702 0.002913 -0.004935
v 0.002702 0.002929 -0.004445
v 0.002701 -0.003023 -0.003714
v 0.002701 0.003023 -0.003714
v 0.002701 -0.003170 -0.004056
v 0.002700 -0.002915 -0.004931
v 0.002700 -0.003172 -0.004222
v 0.002699 0.003171 -0.004036
v 0.002699 0.003000 -0.003714
v 0.002698 0.002919 -0.004924
v 0.002697 -0.002991 -0.003715
v 0.002697 -0.002920 -0.004920
v 0.002697 0.002813 -0.010758
v 0.002696 0.002929 -0.004175
v 0.002695 0.002922 -0.004913
v 0.002695 0.002923 -0.004902
v 0.002695 -0.002922 -0.004909
v 0.002695 0.002924 -0.004445
v 0.002695 -0.002923 -0.004902
v 0.002695 0.002923 -0.004902
v 0.002694 -0.002922 -0.004445
v 0.002691 -0.003132 -0.003639
v 0.002690 -0.003114 -0.003638
v 0.002690 0.002971 -0.003715
v 0.002688 -0.002922 -0.004175
v 0.002688 -0.002860 -0.004953
v 0.002688 0.002860 -0.004953
v 0.002688 0.003115 -0.003618
v 0.002688 0.003134 -0.003620
v 0.002686 -0.002963 -0.003716
v 0.002686 -0.003153 -0.003642
v 0.002686 0.002866 -0.004952
v 0.002685 -0.003185 -0.010718
v 0.002685 0.003185 -0.010718
v 0.002685 0.003185 -0.004039
v 0.002684 -0.003185 -0.004058
v 0.002684 -0.002870 -0.004951
v 0.002684 0.003155 -0.003622
v 0.002684 -0.003183 -0.010737
v 0.002684 0.003183 -0.010737
v 0.002683 0.003119 -0.003574
v 0.002682 -0.002525 -0.006477
v 0.002681 -0.002827 -0.010758
v 0.002681 0.002877 -0.004949
v 0.002681 0.003189 -0.003966
v 0.002680 -0.003120 -0.003552
v 0.002679 -0.003178 -0.010754
v 0.002679 0.003178 -0.010754
v 0.002679 -0.002880 -0.004948
v 0.002679 -0.002913 -0.004445
v 0.002679 -0.002913 -0.004902
v 0.002679 -0.003173 -0.003645
v 0.002676 0.002887 -0.004943
v 0.002676 0.003175 -0.003625
v 0.002676 0.002910 -0.004445
v 0.002675 -0.002890 -0.004940
v 0.002674 0.002945 -0.003717
v 0.002673 0.002895 -0.004935
v 0.002672 -0.003169 -0.010770
v 0.002672 0.003169 -0.010770
v 0.002671 -0.002898 -0.004931
v 0.002671 0.002909 -0.004445
v 0.002671 0.002909 -0.004902
v 0.002671 0.002786 -0.010724
v 0.002670 0.002910 -0.004176
v 0.002670 0.002902 -0.004924
v 0.002669 -0.002903 -0.004920
v 0.002669 -0.003191 -0.003648
v 0.002668 0.002905 -0.004913
v 0.002668 -0.002906 -0.004909
v 0.002668 -0.002937 -0.003718
v 0.002668 -0.002907 -0.004445
v 0.002668 -0.002907 -0.004902
v 0.002668 0.002907 -0.004902
v 0.002667 -0.003128 -0.003476
v 0.002667 0.003129 -0.003477
v 0.002667 -0.000635 -0.004953
v 0.002667 -0.000635 -0.006477
v 0.002667 -0.000508 -0.005080
v 0.002667 -0.000508 -0.006350
v 0.002667 0.000000 -0.005080
v 0.002667 0.000000 -0.006350
v 0.002667 0.000127 -0.004953
v 0.002667 0.000127 -0.006477
v 0.002667 -0.003129 -0.003470
v 0.002666 0.003129 -0.003470
v 0.002666 -0.003162 -0.010779
v 0.002666 0.003162 -0.010779
v 0.002666 0.003193 -0.003629
v 0.002664 -0.003023 -0.003471
v 0.002664 0.003023 -0.003471
v 0.002662 -0.002907 -0.004176
v 0.002660 0.002929 -0.003719
v 0.002656 -0.003207 -0.003652
v 0.002656 -0.002800 -0.010724
v 0.002656 -0.003150 -0.010788
v 0.002656 0.003150 -0.010788
v 0.002654 -0.003211 -0.003736
v 0.002653 0.003210 -0.003632
v 0.002652 -0.002922 -0.003720
v 0.002651 0.002765 -0.010681
v 0.002649 -0.002901 -0.004445
v 0.002649 -0.002901 -0.004902
v 0.002648 0.002900 -0.004445
v 0.002646 -0.002847 -0.004953
v 0.002646 0.002847 -0.004953
v 0.002645 0.002854 -0.004952
v 0.002645 -0.003137 -0.010793
v 0.002645 0.003137 -0.010793
v 0.002644 0.002899 -0.004445
v 0.002644 -0.002858 -0.004951
v 0.002644 0.002899 -0.004902
v 0.002643 0.002866 -0.004949
v 0.002642 -0.002869 -0.004948
v 0.002642 0.002900 -0.004177
v 0.002641 0.002876 -0.004943
v 0.002641 -0.002880 -0.004940
v 0.002640 0.002754 -0.010636
v 0.002640 0.002885 -0.004935
v 0.002639 -0.002888 -0.004931
v 0.002639 -0.003223 -0.003656
v 0.002639 -0.002898 -0.004445
v 0.002638 0.002892 -0.004924
v 0.002638 -0.002894 -0.004920
v 0.002638 0.002896 -0.004913
v 0.002638 -0.002897 -0.004909
v 0.002638 -0.002897 -0.004902
v 0.002638 0.002897 -0.004902
v 0.002637 0.002750 -0.010591
v 0.002636 -0.002780 -0.010681
v 0.002636 -0.003126 -0.010795
v 0.002636 0.003126 -0.010795
v 0.002635 0.003226 -0.003637
v 0.002635 0.003149 -0.003276
v 0.002634 0.002910 -0.003722
v 0.002633 -0.002898 -0.004177
v 0.002632 -0.003151 -0.003263
v 0.002632 -0.003023 -0.003259
v 0.002632 0.003023 -0.003259
v 0.002630 0.003000 -0.003260
v 0.002628 -0.002991 -0.003260
v 0.002626 -0.002907 -0.003723
v 0.002626 -0.003158 -0.003229
v 0.002625 -0.002768 -0.010636
v 0.002625 -0.003155 -0.003229
v 0.002624 -0.003182 -0.003233
v 0.002622 0.003161 -0.003210
v 0.002622 -0.002764 -0.010591
v 0.002621 0.002971 -0.003261
v 0.002621 0.003158 -0.003210
v 0.002620 0.003185 -0.003214
v 0.002619 -0.003205 -0.003237
v 0.002617 -0.002963 -0.003262
v 0.002616 -0.002896 -0.004445
v 0.002616 -0.002896 -0.004902
v 0.002616 -0.002895 -0.004909
v 0.002616 -0.002894 -0.004913
v 0.002616 -0.002892 -0.004920
v 0.002616 -0.002890 -0.004924
v 0.002616 -0.002886 -0.004931
v 0.002616 -0.002884 -0.004933
v 0.002616 -0.002878 -0.004940
v 0.002616 -0.002876 -0.004941
v 0.002616 -0.002867 -0.004948
v 0.002616 -0.002867 -0.004948
v 0.002616 -0.002856 -0.004951
v 0.002616 -0.002856 -0.004951
v 0.002616 -0.002845 -0.004953
v 0.002616 0.002845 -0.004953
v 0.002616 0.002852 -0.004952
v 0.002616 0.002858 -0.004951
v 0.002616 0.002863 -0.004949
v 0.002616 0.002870 -0.004945
v 0.002616 0.002874 -0.004943
v 0.002616 0.002881 -0.004937
v 0.002616 0.002883 -0.004935
v 0.002616 0.002889 -0.004927
v 0.002616 0.002891 -0.004924
v 0.002616 0.002894 -0.004915
v 0.002616 0.002894 -0.004913
v 0.002616 0.002896 -0.004445
v 0.002616 0.002896 -0.004902
v 0.002615 0.003242 -0.003494
v 0.002615 0.003208 -0.003218
v 0.002614 -0.002896 -0.004291
v 0.002610 -0.003227 -0.003242
v 0.002609 0.002896 -0.004178
v 0.002609 -0.002896 -0.004178
v 0.002608 0.002896 -0.004121
v 0.002606 0.002900 -0.003725
v 0.002606 0.003230 -0.003223
v 0.002605 0.002945 -0.003264
v 0.002601 -0.000499 -0.005080
v 0.002601 -0.000499 -0.006350
v 0.002601 -0.000009 -0.005080
v 0.002601 -0.000009 -0.006350
v 0.002599 -0.002937 -0.003266
v 0.002598 -0.003248 -0.003248
v 0.002598 -0.002896 -0.003970
v 0.002597 -0.002898 -0.003726
v 0.002594 0.003251 -0.003229
v 0.002593 0.002616 -0.006477
v 0.002593 -0.002791 -0.006604
v 0.002593 0.002791 -0.006604
v 0.002591 0.002929 -0.003267
v 0.002590 -0.002788 -0.006572
v 0.002590 0.002788 -0.006572
v 0.002584 -0.003265 -0.003254
v 0.002583 -0.002922 -0.003269
v 0.002583 -0.002781 -0.006544
v 0.002583 0.002781 -0.006544
v 0.002583 0.002896 -0.003800
v 0.002580 0.003269 -0.003235
v 0.002574 0.002896 -0.003729
v 0.002574 -0.002896 -0.003729
v 0.002573 -0.003188 -0.002983
v 0.002571 0.003189 -0.002976
v 0.002570 -0.002767 -0.006518
v 0.002570 0.002767 -0.006518
v 0.002569 -0.003279 -0.003264
v 0.002568 -0.000622 -0.004953
v 0.002568 -0.000622 -0.006477
v 0.002568 0.000114 -0.004953
v 0.002568 0.000114 -0.006477
v 0.002568 -0.003280 -0.003260
v 0.002566 -0.002896 -0.003651
v 0.002565 0.002910 -0.003272
v 0.002560 -0.002755 -0.006503
v 0.002560 0.002755 -0.006503
v 0.002559 0.003287 -0.003242
v 0.002557 -0.002907 -0.003273
v 0.002548 -0.003203 -0.002887
v 0.002548 0.003203 -0.002887
v 0.002547 -0.003023 -0.002888
v 0.002547 0.003023 -0.002888
v 0.002542 -0.002736 -0.006488
v 0.002542 0.002736 -0.006488
v 0.002542 0.002896 -0.003482
v 0.002540 -0.000474 -0.005080
v 0.002540 -0.000474 -0.006350
v 0.002540 -0.000034 -0.005080
v 0.002540 -0.000034 -0.006350
v 0.002538 0.002900 -0.003277
v 0.002536 -0.003305 -0.003132
v 0.002536 0.003304 -0.003140
v 0.002534 -0.003223 -0.002829
v 0.002533 -0.003301 -0.010718
v 0.002533 0.003301 -0.010718
v 0.002532 -0.003213 -0.002828
v 0.002531 -0.003250 -0.002834
v 0.002529 -0.003023 -0.002811
v 0.002529 0.003023 -0.002811
v 0.002529 -0.002898 -0.003279
v 0.002529 0.003227 -0.002810
v 0.002527 0.003000 -0.002811
v 0.002527 0.003216 -0.002809
v 0.002526 0.003253 -0.002815
v 0.002526 -0.002991 -0.002812
v 0.002525 -0.003276 -0.002840
v 0.002522 -0.002715 -0.006479
v 0.002522 0.002715 -0.006479
v 0.002520 0.003279 -0.002822
v 0.002519 0.002971 -0.002814
v 0.002517 -0.002896 -0.003335
v 0.002515 -0.002963 -0.002815
v 0.002515 -0.003300 -0.002848
v 0.002510 0.003304 -0.002829
v 0.002508 0.003326 -0.003018
v 0.002507 -0.002699 -0.006477
v 0.002506 -0.002699 -0.006477
v 0.002506 -0.002896 -0.003283
v 0.002506 0.002697 -0.006477
v 0.002505 0.002896 -0.003283
v 0.002504 0.002945 -0.002818
v 0.002502 -0.003232 -0.002710
v 0.002501 -0.003322 -0.002856
v 0.002497 -0.002937 -0.002819
v 0.002497 0.003235 -0.002693
v 0.002496 -0.003335 -0.002975
v 0.002496 0.003326 -0.002837
v 0.002490 0.002929 -0.002821
v 0.002489 0.003148 -0.010795
v 0.002487 -0.000434 -0.005080
v 0.002487 -0.000434 -0.006350
v 0.002487 -0.000074 -0.005080
v 0.002487 -0.000074 -0.006350
v 0.002485 -0.003341 -0.002864
v 0.002484 0.002896 -0.003168
v 0.002482 -0.002922 -0.002823
v 0.002480 0.003345 -0.002846
v 0.002477 -0.000584 -0.004953
v 0.002477 -0.000584 -0.006477
v 0.002477 0.000076 -0.004953
v 0.002477 0.000076 -0.006477
v 0.002476 -0.002896 -0.004216
v 0.002476 -0.002896 -0.004902
v 0.002476 -0.002894 -0.004913
v 0.002476 -0.002894 -0.004913
v 0.002476 -0.002891 -0.004924
v 0.002476 -0.002891 -0.004924
v 0.002476 -0.002884 -0.004933
v 0.002476 -0.002883 -0.004935
v 0.002476 -0.002876 -0.004941
v 0.002476 -0.002874 -0.004943
v 0.002476 -0.002867 -0.004947
v 0.002476 -0.002863 -0.004949
v 0.002476 -0.002856 -0.004951
v 0.002476 -0.002852 -0.004952
v 0.002476 -0.002845 -0.004953
v 0.002476 0.002845 -0.004953
v 0.002476 0.002852 -0.004952
v 0.002476 0.002858 -0.004951
v 0.002476 0.002863 -0.004949
v 0.002476 0.002870 -0.004945
v 0.002476 0.002874 -0.004943
v 0.002476 0.002881 -0.004937
v 0.002476 0.002883 -0.004935
v 0.002476 0.002889 -0.004927
v 0.002476 0.002891 -0.004924
v 0.002476 0.002894 -0.004915
v 0.002476 0.002894 -0.004913
v 0.002476 0.002896 -0.004216
v 0.002476 0.002896 -0.004902
v 0.002473 0.003127 -0.010793
v 0.002472 -0.003161 -0.010795
v 0.002464 0.002910 -0.002828
v 0.002464 0.001524 -0.004953
v 0.002464 0.001524 -0.006477
v 0.002463 -0.003358 -0.002874
v 0.002457 0.003363 -0.002856
v 0.002456 -0.002907 -0.002830
v 0.002456 -0.003140 -0.010793
v 0.002451 -0.002896 -0.003021
v 0.002447 0.001651 -0.004953
v 0.002447 0.001651 -0.006477
v 0.002447 -0.000381 -0.005080
v 0.002447 -0.000381 -0.006350
v 0.002447 -0.000127 -0.005080
v 0.002447 -0.000127 -0.006350
v 0.002446 0.001386 -0.004953
v 0.002446 0.001386 -0.006477
v 0.002446 0.001662 -0.004953
v 0.002446 0.001662 -0.006477
v 0.002444 0.003091 -0.010781
v 0.002437 0.002900 -0.002835
v 0.002429 -0.002898 -0.002838
v 0.002427 -0.003104 -0.010781
v 0.002422 -0.000320 -0.005080
v 0.002422 -0.000320 -0.006350
v 0.002422 -0.000188 -0.005080
v 0.002422 -0.000188 -0.006350
v 0.002417 0.003056 -0.010758
v 0.002416 -0.003303 -0.002438
v 0.002416 -0.003282 -0.002433
v 0.002414 -0.003283 -0.002426
v 0.002413 0.002783 -0.006477
v 0.002413 -0.003332 -0.002445
v 0.002413 -0.000254 -0.005080
v 0.002413 -0.000254 -0.006350
v 0.002410 0.003308 -0.002419
v 0.002410 0.002896 -0.002855
v 0.002410 0.003286 -0.002415
v 0.002408 0.003287 -0.002409
v 0.002407 0.003337 -0.002426
v 0.002406 0.002896 -0.002844
v 0.002405 -0.003361 -0.002453
v 0.002405 -0.002896 -0.002844
v 0.002403 0.002954 -0.010591
v 0.002403 -0.002953 -0.010591
v 0.002402 -0.002952 -0.006604
v 0.002402 0.002952 -0.006604
v 0.002401 -0.003069 -0.010758
v 0.002399 0.003365 -0.002435
v 0.002398 -0.000523 -0.004953
v 0.002398 -0.000523 -0.006477
v 0.002398 0.000015 -0.004953
v 0.002398 0.000015 -0.006477
v 0.002395 -0.003023 -0.002371
v 0.002395 0.003023 -0.002371
v 0.002394 0.003027 -0.010724
v 0.002394 -0.003387 -0.002463
v 0.002393 0.003000 -0.002372
v 0.002392 -0.002893 -0.004257
v 0.002392 0.002894 -0.004257
v 0.002392 0.001257 -0.004953
v 0.002392 0.001257 -0.006477
v 0.002392 0.001791 -0.004953
v 0.002392 0.001791 -0.006477
v 0.002391 -0.002991 -0.002372
v 0.002387 0.003391 -0.002445
v 0.002387 0.002891 -0.004245
v 0.002387 -0.002891 -0.004245
v 0.002385 0.002971 -0.002374
v 0.002381 -0.002963 -0.002376
v 0.002378 -0.003410 -0.002474
v 0.002378 -0.003040 -0.010724
v 0.002376 -0.003421 -0.010718
v 0.002376 0.003421 -0.010718
v 0.002376 0.003005 -0.010681
v 0.002375 -0.003419 -0.010737
v 0.002375 0.003419 -0.010737
v 0.002375 -0.002841 -0.004953
v 0.002375 -0.002813 -0.006477
v 0.002375 -0.002299 -0.004953
v 0.002375 -0.002299 -0.006477
v 0.002375 -0.001651 -0.004953
v 0.002375 -0.001651 -0.006477
v 0.002375 -0.000876 -0.004953
v 0.002375 -0.000876 -0.006477
v 0.002375 -0.000494 -0.004953
v 0.002375 -0.000494 -0.006477
v 0.002375 -0.000014 -0.004953
v 0.002375 -0.000014 -0.006477
v 0.002375 0.000381 -0.004953
v 0.002375 0.000381 -0.006477
v 0.002375 0.000699 -0.004953
v 0.002375 0.000699 -0.006477
v 0.002375 0.000876 -0.004953
v 0.002375 0.000876 -0.006477
v 0.002375 0.001235 -0.004953
v 0.002375 0.001235 -0.006477
v 0.002375 0.001813 -0.004953
v 0.002375 0.001813 -0.006477
v 0.002375 0.002814 -0.006477
v 0.002375 0.002841 -0.004953
v 0.002375 -0.003305 -0.002318
v 0.002375 0.003305 -0.002318
v 0.002375 -0.003023 -0.002318
v 0.002375 0.003023 -0.002318
v 0.002372 0.003415 -0.002456
v 0.002371 -0.003414 -0.010754
v 0.002371 0.003414 -0.010754
v 0.002370 0.002945 -0.002380
v 0.002369 -0.002896 -0.002709
v 0.002366 0.002992 -0.010636
v 0.002365 -0.003405 -0.010770
v 0.002365 0.003405 -0.010770
v 0.002363 -0.002937 -0.002382
v 0.002363 0.002989 -0.010591
v 0.002360 -0.003430 -0.002485
v 0.002360 -0.003017 -0.010681
v 0.002359 -0.003397 -0.010779
v 0.002359 0.003397 -0.010779
v 0.002356 0.003435 -0.002541
v 0.002356 0.002929 -0.002384
v 0.002353 0.003435 -0.002467
v 0.002350 -0.003384 -0.010788
v 0.002350 0.003384 -0.010788
v 0.002350 -0.003005 -0.010636
v 0.002349 -0.002922 -0.002387
v 0.002347 -0.003001 -0.010591
v 0.002341 -0.003370 -0.010793
v 0.002341 0.003370 -0.010793
v 0.002339 -0.003447 -0.002496
v 0.002337 -0.000445 -0.004953
v 0.002337 -0.000445 -0.006477
v 0.002337 -0.000064 -0.004953
v 0.002337 -0.000064 -0.006477
v 0.002337 0.001524 -0.005080
v 0.002337 0.001524 -0.006350
v 0.002336 -0.003449 -0.002486
v 0.002333 -0.003359 -0.010795
v 0.002333 0.003359 -0.010795
v 0.002331 0.002910 -0.002393
v 0.002330 0.003452 -0.002480
v 0.002324 0.002892 -0.004290
v 0.002324 -0.002907 -0.002396
v 0.002323 0.001419 -0.005080
v 0.002323 0.001419 -0.006350
v 0.002323 0.001629 -0.005080
v 0.002323 0.001629 -0.006350
v 0.002321 -0.002860 -0.006477
v 0.002319 0.002896 -0.002545
v 0.002317 -0.003337 -0.002158
v 0.002316 0.003337 -0.002159
v 0.002311 -0.003029 -0.006604
v 0.002311 0.003029 -0.006604
v 0.002311 -0.000381 -0.004953
v 0.002311 -0.000381 -0.006477
v 0.002310 -0.003340 -0.002140
v 0.002309 -0.003026 -0.006572
v 0.002309 0.003026 -0.006572
v 0.002308 0.001147 -0.004953
v 0.002308 0.001147 -0.006477
v 0.002308 0.001901 -0.004953
v 0.002308 0.001901 -0.006477
v 0.002305 0.002900 -0.002402
v 0.002303 -0.003017 -0.006544
v 0.002303 0.003017 -0.006544
v 0.002300 0.002890 -0.004302
v 0.002300 -0.002890 -0.004302
v 0.002299 -0.000353 -0.004953
v 0.002299 -0.000353 -0.006477
v 0.002299 -0.000155 -0.004953
v 0.002299 -0.000155 -0.006477
v 0.002297 0.003348 -0.002106
v 0.002297 -0.002898 -0.002405
v 0.002295 0.002889 -0.004304
v 0.002295 -0.002890 -0.004304
v 0.002291 -0.003002 -0.006518
v 0.002291 0.003002 -0.006518
v 0.002288 0.002886 -0.004276
v 0.002288 -0.002887 -0.004276
v 0.002286 -0.001143 -0.004953
v 0.002286 -0.001143 -0.006477
v 0.002286 -0.000254 -0.004953
v 0.002286 -0.000254 -0.006477
v 0.002283 -0.003484 -0.002354
v 0.002282 0.001321 -0.005080
v 0.002282 0.001321 -0.006350
v 0.002282 0.001727 -0.005080
v 0.002282 0.001727 -0.006350
v 0.002282 -0.002990 -0.006503
v 0.002282 0.002990 -0.006503
v 0.002277 -0.002889 -0.004313
v 0.002275 -0.002896 -0.002412
v 0.002274 -0.003363 -0.002050
v 0.002274 -0.003394 -0.002057
v 0.002273 -0.002838 -0.004953
v 0.002273 0.002838 -0.004953
v 0.002273 0.002896 -0.002413
v 0.002273 -0.001242 -0.004953
v 0.002273 -0.001242 -0.006477
v 0.002273 -0.001044 -0.004953
v 0.002273 -0.001044 -0.006477
v 0.002273 -0.002845 -0.004952
v 0.002273 0.002845 -0.004952
v 0.002272 -0.003360 -0.002050
v 0.002272 -0.002856 -0.004949
v 0.002272 0.002856 -0.004949
v 0.002271 -0.002867 -0.004943
v 0.002271 0.002867 -0.004943
v 0.002271 -0.002896 -0.002401
v 0.002271 -0.002876 -0.004935
v 0.002271 0.002876 -0.004935
v 0.002270 -0.002884 -0.004924
v 0.002270 0.002884 -0.004924
v 0.002270 -0.002887 -0.004913
v 0.002270 0.002887 -0.004913
v 0.002270 -0.002889 -0.004902
v 0.002270 0.002889 -0.004902
v 0.002269 -0.003426 -0.002066
v 0.002267 0.003367 -0.002032
v 0.002267 0.003399 -0.002039
v 0.002266 -0.002969 -0.006488
v 0.002266 0.002969 -0.006488
v 0.002265 0.003364 -0.002031
v 0.002262 0.003430 -0.002048
v 0.002260 -0.003456 -0.002077
v 0.002253 0.003461 -0.002059
v 0.002248 -0.002946 -0.006479
v 0.002248 0.002946 -0.006479
v 0.002246 -0.003484 -0.002089
v 0.002239 0.003489 -0.002072
v 0.002235 -0.001334 -0.004953
v 0.002235 -0.001334 -0.006477
v 0.002235 -0.000952 -0.004953
v 0.002235 -0.000952 -0.006477
v 0.002234 0.002928 -0.006477
v 0.002233 -0.002926 -0.006477
v 0.002229 -0.003509 -0.002103
v 0.002229 -0.003023 -0.001942
v 0.002229 0.003023 -0.001942
v 0.002227 0.003000 -0.001943
v 0.002225 -0.002991 -0.001943
v 0.002222 0.002938 -0.006477
v 0.002221 0.003513 -0.002086
v 0.002219 0.002971 -0.001946
v 0.002218 0.001237 -0.005080
v 0.002218 0.001237 -0.006350
v 0.002218 0.001811 -0.005080
v 0.002218 0.001811 -0.006350
v 0.002216 -0.002963 -0.001948
v 0.002213 0.002896 -0.002240
v 0.002209 -0.003529 -0.002117
v 0.002207 0.002882 -0.004347
v 0.002207 -0.002882 -0.004347
v 0.002205 0.002945 -0.001952
v 0.002201 -0.002884 -0.004334
v 0.002201 0.002884 -0.004334
v 0.002201 0.003534 -0.002100
v 0.002198 -0.002937 -0.001955
v 0.002197 0.001062 -0.004953
v 0.002197 0.001062 -0.006477
v 0.002197 0.001986 -0.004953
v 0.002197 0.001986 -0.006477
v 0.002193 -0.003400 -0.001859
v 0.002191 0.002929 -0.001958
v 0.002189 0.002881 -0.004308
v 0.002189 -0.002882 -0.004308
v 0.002184 -0.002922 -0.001961
v 0.002181 -0.003547 -0.002134
v 0.002179 -0.002882 -0.004311
v 0.002179 0.003370 -0.010795
v 0.002178 0.002880 -0.004311
v 0.002177 0.003551 -0.002115
v 0.002176 -0.000876 -0.004953
v 0.002176 -0.000876 -0.006477
v 0.002174 -0.001412 -0.004953
v 0.002174 -0.001412 -0.006477
v 0.002174 -0.000874 -0.004953
v 0.002174 -0.000874 -0.006477
v 0.002167 0.002910 -0.001968
v 0.002165 0.003414 -0.001798
v 0.002164 0.003348 -0.010793
v 0.002163 0.003560 -0.002081
v 0.002161 -0.003382 -0.010795
v 0.002160 -0.002907 -0.001972
v 0.002159 -0.001143 -0.005080
v 0.002159 -0.001143 -0.006350
v 0.002158 -0.002896 -0.002100
v 0.002150 0.003420 -0.001767
v 0.002150 -0.001209 -0.005080
v 0.002150 -0.001209 -0.006350
v 0.002150 -0.001077 -0.005080
v 0.002150 -0.001077 -0.006350
v 0.002150 -0.003420 -0.001768
v 0.002147 -0.003023 -0.001769
v 0.002147 0.003023 -0.001769
v 0.002146 -0.003359 -0.010793
v 0.002141 0.002900 -0.001979
v 0.002139 0.003309 -0.010781
v 0.002134 -0.003002 -0.006477
v 0.002134 -0.002822 -0.004953
v 0.002134 -0.002299 -0.004953
v 0.002134 -0.002299 -0.006477
v 0.002134 -0.001651 -0.004953
v 0.002134 -0.001651 -0.006477
v 0.002134 -0.001444 -0.004953
v 0.002134 -0.001444 -0.006477
v 0.002134 -0.000842 -0.004953
v 0.002134 -0.000842 -0.006477
v 0.002134 -0.000381 -0.004953
v 0.002134 -0.000381 -0.006477
v 0.002134 0.000381 -0.004953
v 0.002134 0.000381 -0.006477
v 0.002134 0.000699 -0.004953
v 0.002134 0.000699 -0.006477
v 0.002134 0.000876 -0.004953
v 0.002134 0.000876 -0.006477
v 0.002134 0.001036 -0.004953
v 0.002134 0.001036 -0.006477
v 0.002134 0.001172 -0.005080
v 0.002134 0.001172 -0.006350
v 0.002134 0.001876 -0.005080
v 0.002134 0.001876 -0.006350
v 0.002134 0.002012 -0.004953
v 0.002134 0.002012 -0.006477
v 0.002134 0.002822 -0.004953
v 0.002134 0.003000 -0.006477
v 0.002133 -0.002898 -0.001983
v 0.002129 -0.002872 -0.004902
v 0.002129 0.002872 -0.004902
v 0.002129 -0.002875 -0.004384
v 0.002129 0.002875 -0.004384
v 0.002125 -0.001270 -0.005080
v 0.002125 -0.001270 -0.006350
v 0.002125 -0.001016 -0.005080
v 0.002125 -0.001016 -0.006350
v 0.002125 -0.003009 -0.006477
v 0.002121 -0.003320 -0.010781
v 0.002115 0.003272 -0.010758
v 0.002114 -0.002873 -0.004391
v 0.002114 0.002874 -0.004392
v 0.002112 0.002896 -0.001992
v 0.002111 -0.002896 -0.001992
v 0.002110 0.002874 -0.004393
v 0.002108 -0.003458 -0.001678
v 0.002107 -0.003492 -0.001687
v 0.002106 -0.003440 -0.001676
v 0.002102 -0.002875 -0.004365
v 0.002102 0.002875 -0.004365
v 0.002102 0.002872 -0.004398
v 0.002102 -0.002872 -0.004398
v 0.002101 -0.003526 -0.001699
v 0.002100 0.003462 -0.001661
v 0.002098 0.003497 -0.001670
v 0.002098 -0.003284 -0.010758
v 0.002097 0.003444 -0.001658
v 0.002096 -0.001473 -0.004953
v 0.002096 -0.001473 -0.006477
v 0.002096 -0.000813 -0.004953
v 0.002096 -0.000813 -0.006477
v 0.002095 0.003241 -0.010724
v 0.002092 0.003531 -0.001681
v 0.002092 0.002896 -0.001943
v 0.002090 0.002876 -0.004339
v 0.002090 -0.002878 -0.004340
v 0.002089 -0.003558 -0.001712
v 0.002084 0.003606 -0.001925
v 0.002085 -0.001323 -0.005080
v 0.002085 -0.001323 -0.006350
v 0.002085 -0.000963 -0.005080
v 0.002085 -0.000963 -0.006350
v 0.002081 0.003608 -0.001920
v 0.002083 -0.003607 -0.001923
v 0.002082 -0.002870 -0.004407
v 0.002083 -0.003606 -0.010718
v 0.002081 0.003606 -0.010718
v 0.002081 0.003563 -0.001695
v 0.002080 0.003217 -0.010681
v 0.002078 -0.003252 -0.010724
v 0.002074 -0.003587 -0.001728
v 0.002071 0.003204 -0.010636
v 0.002068 0.001009 -0.004953
v 0.002068 0.001009 -0.006477
v 0.002068 0.002039 -0.004953
v 0.002068 0.002039 -0.006477
v 0.002068 0.003200 -0.010591
v 0.002064 0.003592 -0.001711
v 0.002066 -0.003618 -0.001886
v 0.002062 -0.003228 -0.010681
v 0.002056 -0.003463 -0.001572
v 0.002055 -0.003613 -0.001744
v 0.002054 -0.003215 -0.010636
v 0.002051 -0.003211 -0.010591
v 0.002051 -0.002876 -0.004352
v 0.002048 -0.003628 -0.010718
v 0.002046 0.003628 -0.010718
v 0.002047 -0.003626 -0.010737
v 0.002045 0.003626 -0.010737
v 0.002044 0.003618 -0.001728
v 0.002044 -0.003620 -0.010754
v 0.002042 0.003620 -0.010754
v 0.002038 -0.003610 -0.010770
v 0.002036 0.003610 -0.010770
v 0.002036 0.001131 -0.005080
v 0.002036 0.001131 -0.006350
v 0.002036 0.001917 -0.005080
v 0.002036 0.001917 -0.006350
v 0.002033 -0.003023 -0.001526
v 0.002033 0.003023 -0.001526
v 0.002033 -0.003602 -0.010779
v 0.002031 0.003602 -0.010779
v 0.002032 -0.001363 -0.005080
v 0.002032 -0.001363 -0.006350
v 0.002032 -0.000923 -0.005080
v 0.002032 -0.000923 -0.006350
v 0.002033 -0.003634 -0.001762
v 0.002031 0.003000 -0.001527
v 0.002030 -0.002896 -0.001807
v 0.002029 -0.002991 -0.001528
v 0.002025 0.003476 -0.001512
v 0.002025 -0.003588 -0.010788
v 0.002024 0.003588 -0.010788
v 0.002023 0.002971 -0.001531
v 0.002022 0.003639 -0.001745
v 0.002022 0.002860 -0.004435
v 0.002020 0.003080 -0.006477
v 0.002020 -0.002963 -0.001533
v 0.002017 -0.002861 -0.004424
v 0.002017 0.002861 -0.004424
v 0.002016 -0.003573 -0.010793
v 0.002016 0.003573 -0.010793
v 0.002010 -0.003562 -0.010795
v 0.002010 0.003562 -0.010795
v 0.002009 0.002945 -0.001538
v 0.002008 -0.003238 -0.006604
v 0.002008 0.003238 -0.006604
v 0.002006 -0.003234 -0.006572
v 0.002006 0.003234 -0.006572
v 0.002004 -0.002857 -0.004444
v 0.002004 -0.002864 -0.004396
v 0.002004 0.002864 -0.004396
v 0.002004 -0.001511 -0.004953
v 0.002004 -0.001511 -0.006477
v 0.002004 -0.000775 -0.004953
v 0.002004 -0.000775 -0.006477
v 0.002005 -0.003650 -0.001781
v 0.002003 -0.002937 -0.001541
v 0.002000 -0.003225 -0.006544
v 0.002000 0.003225 -0.006544
v 0.001999 0.002871 -0.004369
v 0.001996 -0.002806 -0.004953
v 0.001996 0.002806 -0.004953
v 0.001996 0.002929 -0.001545
v 0.001995 -0.002813 -0.004952
v 0.001995 0.002813 -0.004952
v 0.001993 0.003655 -0.001765
v 0.001993 -0.002824 -0.004949
v 0.001993 0.002824 -0.004949
v 0.001992 -0.002868 -0.004370
v 0.001992 0.002870 -0.004371
v 0.001992 -0.002835 -0.004943
v 0.001992 0.002835 -0.004943
v 0.001991 -0.003209 -0.006518
v 0.001991 0.003209 -0.006518
v 0.001990 -0.002844 -0.004935
v 0.001990 0.002844 -0.004935
v 0.001989 -0.002922 -0.001548
v 0.001989 -0.002851 -0.004924
v 0.001989 0.002851 -0.004924
v 0.001988 -0.002855 -0.004913
v 0.001988 0.002855 -0.004913
v 0.001988 -0.002856 -0.004902
v 0.001988 0.002856 -0.004902
v 0.001982 -0.003196 -0.006503
v 0.001982 0.003196 -0.006503
v 0.001981 -0.002159 -0.004953
v 0.001981 -0.002159 -0.006477
v 0.001979 -0.003254 -0.006604
v 0.001979 0.003254 -0.006604
v 0.001978 -0.003253 -0.010591
v 0.001978 0.003252 -0.010591
v 0.001973 0.002910 -0.001557
v 0.001971 -0.001388 -0.005080
v 0.001971 -0.001388 -0.006350
v 0.001971 -0.000898 -0.005080
v 0.001971 -0.000898 -0.006350
v 0.001968 -0.003174 -0.006488
v 0.001968 0.003174 -0.006488
v 0.001968 -0.002258 -0.004953
v 0.001968 -0.002258 -0.006477
v 0.001968 -0.002060 -0.004953
v 0.001968 -0.002060 -0.006477
v 0.001966 -0.002907 -0.001560
v 0.001956 0.002896 -0.001654
v 0.001953 -0.003149 -0.006479
v 0.001953 0.003149 -0.006479
v 0.001951 -0.002299 -0.004953
v 0.001951 -0.002299 -0.006477
v 0.001948 0.002900 -0.001570
v 0.001941 -0.003129 -0.006477
v 0.001940 0.003128 -0.006477
v 0.001940 -0.002898 -0.001574
v 0.001930 0.000991 -0.004953
v 0.001930 0.000991 -0.006477
v 0.001930 0.001118 -0.005080
v 0.001930 0.001118 -0.006350
v 0.001930 0.001930 -0.005080
v 0.001930 0.001930 -0.006350
v 0.001930 0.002057 -0.004953
v 0.001930 0.002057 -0.006477
v 0.001930 -0.002350 -0.004953
v 0.001930 -0.002350 -0.006477
v 0.001930 -0.001968 -0.004953
v 0.001930 -0.001968 -0.006477
v 0.001930 -0.002845 -0.004479
v 0.001930 0.002845 -0.004479
v 0.001925 -0.002846 -0.004468
v 0.001919 -0.002896 -0.001585
v 0.001919 0.002896 -0.001585
v 0.001919 -0.002846 -0.004454
v 0.001919 0.002846 -0.004454
v 0.001918 -0.003144 -0.006477
v 0.001917 -0.003521 -0.001312
v 0.001917 0.003521 -0.001312
v 0.001917 -0.003557 -0.001321
v 0.001917 -0.003555 -0.001320
v 0.001917 0.003555 -0.001320
v 0.001917 0.003555 -0.001320
v 0.001916 -0.003580 -0.001326
v 0.001916 0.003580 -0.001326
v 0.001915 -0.003592 -0.001331
v 0.001913 0.003592 -0.001331
v 0.001913 0.003592 -0.001331
v 0.001915 -0.003593 -0.001331
v 0.001907 0.002842 -0.004490
v 0.001907 -0.002841 -0.004490
v 0.001907 -0.003628 -0.001344
v 0.001905 0.003628 -0.001344
v 0.001905 0.003628 -0.001344
v 0.001906 -0.002851 -0.004426
v 0.001906 0.002851 -0.004426
v 0.001907 -0.003629 -0.001345
v 0.001905 -0.001524 -0.004953
v 0.001905 -0.001524 -0.006477
v 0.001905 -0.001397 -0.005080
v 0.001905 -0.001397 -0.006350
v 0.001905 -0.000889 -0.005080
v 0.001905 -0.000889 -0.006350
v 0.001905 -0.000762 -0.004953
v 0.001905 -0.000762 -0.006477
v 0.001905 -0.003637 -0.001348
v 0.001903 0.003637 -0.001348
v 0.001896 0.002840 -0.004495
v 0.001894 -0.002854 -0.004400
v 0.001894 0.002855 -0.004400
v 0.001893 -0.003661 -0.001361
v 0.001891 0.003661 -0.001361
v 0.001891 0.003662 -0.001361
v 0.001893 -0.003662 -0.001362
v 0.001887 -0.002896 -0.001521
v 0.001885 -0.002838 -0.004500
v 0.001881 -0.003686 -0.001375
v 0.001879 0.003686 -0.001375
v 0.001876 -0.003692 -0.001379
v 0.001874 0.003692 -0.001379
v 0.001875 -0.003534 -0.001240
v 0.001875 0.003533 -0.001240
v 0.001874 0.003692 -0.001380
v 0.001875 -0.003693 -0.001380
v 0.001872 -0.003023 -0.001242
v 0.001872 0.003023 -0.001242
v 0.001870 -0.002428 -0.004953
v 0.001870 -0.002428 -0.006477
v 0.001870 -0.001890 -0.004953
v 0.001870 -0.001890 -0.006477
v 0.001854 -0.002159 -0.005080
v 0.001854 -0.002159 -0.006350
v 0.001854 -0.003717 -0.001399
v 0.001852 0.003717 -0.001399
v 0.001852 0.003718 -0.001400
v 0.001853 -0.003719 -0.001400
v 0.001849 0.003562 -0.010795
v 0.001848 -0.003542 -0.001195
v 0.001847 -0.003727 -0.001406
v 0.001846 -0.002225 -0.005080
v 0.001846 -0.002225 -0.006350
v 0.001846 -0.002093 -0.005080
v 0.001846 -0.002093 -0.006350
v 0.001845 0.003727 -0.001406
v 0.001840 0.003737 -0.001500
v 0.001839 -0.001388 -0.005080
v 0.001839 -0.001388 -0.006350
v 0.001839 -0.000898 -0.005080
v 0.001839 -0.000898 -0.006350
v 0.001838 0.002827 -0.004521
v 0.001836 0.003538 -0.010793
v 0.001834 0.002827 -0.004511
v 0.001829 -0.003572 -0.010795
v 0.001830 -0.003738 -0.001420
v 0.001828 0.003738 -0.001420
v 0.001827 0.003739 -0.001421
v 0.001828 -0.003739 -0.001421
v 0.001825 0.001131 -0.005080
v 0.001825 0.001131 -0.006350
v 0.001825 0.001917 -0.005080
v 0.001825 0.001917 -0.006350
v 0.001825 0.003547 -0.001156
v 0.001821 -0.002829 -0.004482
v 0.001821 0.002829 -0.004482
v 0.001820 -0.002286 -0.005080
v 0.001820 -0.002286 -0.006350
v 0.001820 -0.002032 -0.005080
v 0.001820 -0.002032 -0.006350
v 0.001817 -0.003548 -0.010793
v 0.001815 0.003497 -0.010781
v 0.001810 -0.002820 -0.004534
v 0.001808 -0.002835 -0.004455
v 0.001808 0.002835 -0.004455
v 0.001807 0.003209 -0.006477
v 0.001806 -0.003023 -0.001125
v 0.001806 0.003023 -0.001125
v 0.001806 -0.001511 -0.004953
v 0.001806 -0.001511 -0.006477
v 0.001806 -0.000775 -0.004953
v 0.001806 -0.000775 -0.006477
v 0.001805 0.003000 -0.001126
v 0.001805 0.002896 -0.001371
v 0.001803 -0.002991 -0.001127
v 0.001803 -0.002841 -0.004428
v 0.001804 -0.003755 -0.001440
v 0.001802 0.003755 -0.001440
v 0.001799 0.002840 -0.004429
v 0.001797 0.002971 -0.001131
v 0.001796 -0.003507 -0.010781
v 0.001796 0.002840 -0.004430
v 0.001796 -0.002840 -0.004430
v 0.001795 0.003459 -0.010758
v 0.001794 -0.002963 -0.001133
v 0.001792 0.001009 -0.004953
v 0.001792 0.001009 -0.006477
v 0.001792 0.002039 -0.004953
v 0.001792 0.002039 -0.006477
v 0.001792 0.003551 -0.001103
v 0.001792 -0.003551 -0.001102
v 0.001791 0.003590 -0.001106
v 0.001792 -0.003591 -0.001106
v 0.001791 -0.002489 -0.004953
v 0.001791 -0.002489 -0.006477
v 0.001791 -0.001829 -0.004953
v 0.001791 -0.001829 -0.006477
v 0.001785 0.003629 -0.001113
v 0.001787 -0.003631 -0.001114
v 0.001784 0.002945 -0.001139
v 0.001780 -0.002339 -0.005080
v 0.001780 -0.002339 -0.006350
v 0.001780 -0.001979 -0.005080
v 0.001780 -0.001979 -0.006350
v 0.001778 -0.001363 -0.005080
v 0.001778 -0.001363 -0.006350
v 0.001778 -0.000923 -0.005080
v 0.001778 -0.000923 -0.006350
v 0.001778 -0.002937 -0.001143
v 0.001778 0.003426 -0.010724
v 0.001776 -0.003468 -0.010758
v 0.001775 0.003668 -0.001124
v 0.001776 -0.003669 -0.001125
v 0.001772 0.002929 -0.001147
v 0.001770 -0.003771 -0.001432
v 0.001767 0.003768 -0.001372
v 0.001769 -0.003768 -0.001373
v 0.001765 -0.002922 -0.001151
v 0.001764 0.003400 -0.010681
v 0.001759 0.003704 -0.001139
v 0.001761 -0.003705 -0.001139
v 0.001759 -0.003435 -0.010724
v 0.001757 0.003386 -0.010636
v 0.001756 -0.003556 -0.001043
v 0.001755 0.003382 -0.010591
v 0.001749 0.002910 -0.001161
v 0.001746 -0.002805 -0.004563
v 0.001746 0.002805 -0.004563
v 0.001746 -0.003410 -0.010681
v 0.001742 -0.002806 -0.004554
v 0.001742 0.002806 -0.004554
v 0.001742 -0.002907 -0.001165
v 0.001739 0.003737 -0.001156
v 0.001741 -0.003738 -0.001156
v 0.001739 -0.003396 -0.010636
v 0.001737 -0.003391 -0.010591
v 0.001736 -0.002806 -0.004539
v 0.001736 0.002806 -0.004539
v 0.001730 0.003557 -0.001004
v 0.001730 -0.002807 -0.004525
v 0.001730 0.002807 -0.004525
v 0.001728 -0.002896 -0.001240
v 0.001727 -0.002379 -0.005080
v 0.001727 -0.002379 -0.006350
v 0.001727 -0.001939 -0.005080
v 0.001727 -0.001939 -0.006350
v 0.001727 0.001172 -0.005080
v 0.001727 0.001172 -0.006350
v 0.001727 0.001876 -0.005080
v 0.001727 0.001876 -0.006350
v 0.001725 -0.001323 -0.005080
v 0.001725 -0.001323 -0.006350
v 0.001725 -0.000963 -0.005080
v 0.001725 -0.000963 -0.006350
v 0.001725 0.002900 -0.001175
v 0.001723 -0.002749 -0.004953
v 0.001723 0.002749 -0.004953
v 0.001723 -0.002810 -0.004510
v 0.001723 0.002810 -0.004510
v 0.001722 -0.002755 -0.004952
v 0.001722 0.002755 -0.004952
v 0.001719 0.003786 -0.001280
v 0.001719 -0.002767 -0.004949
v 0.001719 0.002767 -0.004949
v 0.001718 -0.002898 -0.001180
v 0.001717 -0.002813 -0.004497
v 0.001717 0.002813 -0.004497
v 0.001715 0.003765 -0.001175
v 0.001717 -0.003787 -0.001273
v 0.001716 -0.002777 -0.004943
v 0.001716 0.002777 -0.004943
v 0.001717 -0.003765 -0.001175
v 0.001715 -0.001473 -0.004953
v 0.001715 -0.001473 -0.006477
v 0.001715 -0.000813 -0.004953
v 0.001715 -0.000813 -0.006477
v 0.001714 -0.002786 -0.004935
v 0.001714 0.002786 -0.004935
v 0.001713 -0.002798 -0.004578
v 0.001713 0.002798 -0.004578
v 0.001712 -0.002793 -0.004924
v 0.001712 0.002793 -0.004924
v 0.001711 -0.002797 -0.004913
v 0.001711 0.002797 -0.004913
v 0.001711 -0.002797 -0.004579
v 0.001711 0.002797 -0.004579
v 0.001710 -0.002798 -0.004902
v 0.001710 0.002798 -0.004902
v 0.001710 -0.002818 -0.004484
v 0.001710 0.002818 -0.004484
v 0.001701 -0.003267 -0.006477
v 0.001701 -0.003803 -0.010718
v 0.001699 0.003803 -0.010718
v 0.001699 -0.002527 -0.004953
v 0.001699 -0.002527 -0.006477
v 0.001699 -0.001791 -0.004953
v 0.001699 -0.001791 -0.006477
v 0.001700 -0.003801 -0.010737
v 0.001698 0.003801 -0.010737
v 0.001698 0.002825 -0.004459
v 0.001698 -0.002826 -0.004460
v 0.001697 -0.002896 -0.001192
v 0.001697 0.002896 -0.001192
v 0.001697 -0.003795 -0.010754
v 0.001695 0.003795 -0.010754
v 0.001693 -0.003785 -0.010770
v 0.001691 0.003785 -0.010770
v 0.001688 0.003788 -0.001195
v 0.001689 0.002792 -0.004589
v 0.001690 -0.003788 -0.001196
v 0.001687 0.003713 -0.001027
v 0.001689 -0.003714 -0.001027
v 0.001689 -0.003776 -0.010779
v 0.001687 0.003776 -0.010779
v 0.001686 -0.003417 -0.006604
v 0.001686 0.003417 -0.006604
v 0.001685 -0.001270 -0.005080
v 0.001685 -0.001270 -0.006350
v 0.001685 -0.001016 -0.005080
v 0.001685 -0.001016 -0.006350
v 0.001684 -0.003413 -0.006572
v 0.001684 0.003413 -0.006572
v 0.001685 -0.003792 -0.001215
v 0.001683 -0.002791 -0.004591
v 0.001682 -0.003761 -0.010788
v 0.001680 0.003761 -0.010788
v 0.001680 -0.003403 -0.006544
v 0.001680 0.003403 -0.006544
v 0.001678 -0.003793 -0.001204
v 0.001676 0.003793 -0.001204
v 0.001675 -0.003746 -0.010793
v 0.001673 0.003746 -0.010793
v 0.001671 -0.003387 -0.006518
v 0.001671 0.003387 -0.006518
v 0.001670 -0.003733 -0.010795
v 0.001668 0.003733 -0.010795
v 0.001666 0.003747 -0.001043
v 0.001667 -0.003748 -0.001043
v 0.001666 -0.002404 -0.005080
v 0.001666 -0.002404 -0.006350
v 0.001666 -0.001914 -0.005080
v 0.001666 -0.001914 -0.006350
v 0.001664 -0.003373 -0.006503
v 0.001664 0.003373 -0.006503
v 0.001664 0.001062 -0.004953
v 0.001664 0.001062 -0.006477
v 0.001664 0.001986 -0.004953
v 0.001664 0.001986 -0.006477
v 0.001662 -0.003817 -0.001314
v 0.001660 -0.001209 -0.005080
v 0.001660 -0.001209 -0.006350
v 0.001660 -0.001077 -0.005080
v 0.001660 -0.001077 -0.006350
v 0.001659 -0.003555 -0.000896
v 0.001659 -0.003023 -0.000896
v 0.001659 0.003023 -0.000896
v 0.001659 0.003555 -0.000896
v 0.001658 0.003000 -0.000898
v 0.001656 -0.002991 -0.000899
v 0.001653 0.003593 -0.000898
v 0.001655 -0.003595 -0.000898
v 0.001653 -0.003349 -0.006488
v 0.001653 0.003349 -0.006488
v 0.001654 -0.003606 -0.000898
v 0.001651 0.003608 -0.000898
v 0.001651 -0.001143 -0.005080
v 0.001651 -0.001143 -0.006350
v 0.001650 0.002971 -0.000903
v 0.001651 -0.003627 -0.000899
v 0.001649 0.003627 -0.000899
v 0.001647 -0.002963 -0.000905
v 0.001646 0.003635 -0.000900
v 0.001647 -0.003636 -0.000901
v 0.001643 0.001237 -0.005080
v 0.001643 0.001237 -0.006350
v 0.001643 0.001811 -0.005080
v 0.001643 0.001811 -0.006350
v 0.001641 0.003776 -0.001061
v 0.001642 -0.003776 -0.001062
v 0.001640 -0.003323 -0.006479
v 0.001640 0.003323 -0.006479
v 0.001640 -0.003658 -0.000905
v 0.001638 0.002896 -0.001096
v 0.001637 0.003660 -0.000905
v 0.001637 0.002945 -0.000911
v 0.001637 -0.003829 -0.001400
v 0.001636 -0.003552 -0.000863
v 0.001636 -0.001412 -0.004953
v 0.001636 -0.001412 -0.006477
v 0.001636 -0.000874 -0.004953
v 0.001636 -0.000874 -0.006477
v 0.001635 0.003552 -0.000862
v 0.001634 -0.000876 -0.004953
v 0.001634 -0.000876 -0.006477
v 0.001634 -0.003801 -0.001124
v 0.001632 0.003801 -0.001124
v 0.001632 0.003675 -0.000908
v 0.001633 -0.003676 -0.000908
v 0.001632 -0.002937 -0.000915
v 0.001630 0.003801 -0.001121
v 0.001632 -0.003801 -0.001120
v 0.001631 -0.003604 -0.000862
v 0.001629 0.003606 -0.000862
v 0.001630 -0.002817 -0.004480
v 0.001629 0.003302 -0.006477
v 0.001629 -0.003301 -0.006477
v 0.001627 -0.003695 -0.000912
v 0.001625 0.003695 -0.000912
v 0.001625 0.002929 -0.000919
v 0.001620 -0.003705 -0.000916
v 0.001619 -0.002922 -0.000924
v 0.001617 0.003707 -0.000917
v 0.001616 -0.002770 -0.004620
v 0.001616 0.002770 -0.004620
v 0.001617 -0.003657 -0.000869
v 0.001614 0.003659 -0.000869
v 0.001613 0.003713 -0.000920
v 0.001613 0.003799 -0.001082
v 0.001615 -0.003800 -0.001082
v 0.001615 -0.003714 -0.000920
v 0.001612 -0.003550 -0.000829
v 0.001612 0.003550 -0.000829
v 0.001611 -0.003801 -0.001085
v 0.001609 0.003801 -0.001085
v 0.001609 -0.003571 -0.000829
v 0.001609 0.003571 -0.000829
v 0.001605 -0.003602 -0.000829
v 0.001603 0.003603 -0.000830
v 0.001603 0.002910 -0.000934
v 0.001604 -0.003609 -0.000830
v 0.001602 0.003609 -0.000830
v 0.001602 -0.003621 -0.000830
v 0.001600 0.003621 -0.000830
v 0.001600 -0.002540 -0.004953
v 0.001600 -0.002540 -0.006477
v 0.001600 -0.002413 -0.005080
v 0.001600 -0.002413 -0.006350
v 0.001600 -0.001905 -0.005080
v 0.001600 -0.001905 -0.006350
v 0.001600 -0.001778 -0.004953
v 0.001600 -0.001778 -0.006477
v 0.001597 -0.002907 -0.000939
v 0.001596 -0.003705 -0.000881
v 0.001594 0.003706 -0.000881
v 0.001593 0.003848 -0.001390
v 0.001595 -0.003847 -0.001390
v 0.001594 -0.003845 -0.010718
v 0.001592 0.003845 -0.010718
v 0.001594 -0.003646 -0.000834
v 0.001592 0.003646 -0.000834
v 0.001593 -0.003748 -0.000934
v 0.001591 0.003748 -0.000934
v 0.001593 -0.003749 -0.000934
v 0.001591 0.003749 -0.000934
v 0.001591 -0.003654 -0.000836
v 0.001588 0.003656 -0.000836
v 0.001590 -0.003754 -0.000936
v 0.001588 0.003754 -0.000936
v 0.001588 -0.002762 -0.004632
v 0.001588 0.002762 -0.004632
v 0.001587 0.003324 -0.006477
v 0.001586 -0.002763 -0.004628
v 0.001586 0.002763 -0.004628
v 0.001585 0.003800 -0.001044
v 0.001581 -0.002762 -0.004613
v 0.001581 0.002762 -0.004613
v 0.001580 0.002900 -0.000950
v 0.001581 -0.003682 -0.000841
v 0.001579 0.003682 -0.000841
v 0.001580 -0.003800 -0.001033
v 0.001578 0.001321 -0.005080
v 0.001578 0.001321 -0.006350
v 0.001578 0.001727 -0.005080
v 0.001578 0.001727 -0.006350
v 0.001577 0.003800 -0.001030
v 0.001579 -0.003689 -0.000842
v 0.001577 0.003689 -0.000842
v 0.001576 0.003821 -0.001095
v 0.001575 -0.001334 -0.004953
v 0.001575 -0.001334 -0.006477
v 0.001575 -0.000952 -0.004953
v 0.001575 -0.000952 -0.006477
v 0.001575 0.002806 -0.004496
v 0.001575 -0.002763 -0.004599
v 0.001575 0.002763 -0.004599
v 0.001573 -0.002898 -0.000955
v 0.001569 0.003858 -0.001385
v 0.001570 -0.003702 -0.000848
v 0.001568 0.003704 -0.000848
v 0.001569 -0.003747 -0.000899
v 0.001568 -0.002764 -0.004584
v 0.001568 0.002764 -0.004584
v 0.001566 0.003749 -0.000899
v 0.001564 0.003777 -0.000952
v 0.001566 -0.003777 -0.000953
v 0.001563 -0.003715 -0.000853
v 0.001561 0.003715 -0.000853
v 0.001562 -0.002767 -0.004570
v 0.001562 0.002767 -0.004570
v 0.001561 -0.003782 -0.000956
v 0.001558 0.003783 -0.000957
v 0.001557 -0.003023 -0.000758
v 0.001557 0.003023 -0.000758
v 0.001555 0.003000 -0.000759
v 0.001555 -0.002771 -0.004556
v 0.001555 0.002771 -0.004556
v 0.001554 -0.002896 -0.000967
v 0.001554 0.002896 -0.000967
v 0.001554 -0.002991 -0.000760
v 0.001553 0.001147 -0.004953
v 0.001553 0.001147 -0.006477
v 0.001553 0.001901 -0.004953
v 0.001553 0.001901 -0.006477
v 0.001548 0.002971 -0.000764
v 0.001548 -0.002776 -0.004543
v 0.001548 0.002776 -0.004543
v 0.001547 -0.003799 -0.000977
v 0.001546 -0.002963 -0.000767
v 0.001544 -0.003869 -0.001378
v 0.001543 -0.003747 -0.000866
v 0.001541 0.003747 -0.000866
v 0.001541 0.003863 -0.001252
v 0.001543 -0.003799 -0.000969
v 0.001541 0.003799 -0.000969
v 0.001542 -0.002782 -0.004531
v 0.001542 0.002782 -0.004531
v 0.001538 0.001419 -0.005080
v 0.001538 0.001419 -0.006350
v 0.001538 0.001629 -0.005080
v 0.001538 0.001629 -0.006350
v 0.001537 -0.001242 -0.004953
v 0.001537 -0.001242 -0.006477
v 0.001537 -0.001044 -0.004953
v 0.001537 -0.001044 -0.006477
v 0.001538 -0.003783 -0.000921
v 0.001536 0.002945 -0.000774
v 0.001534 0.003784 -0.000921
v 0.001534 -0.002404 -0.005080
v 0.001534 -0.002404 -0.006350
v 0.001534 -0.001914 -0.005080
v 0.001534 -0.001914 -0.006350
v 0.001531 -0.002937 -0.000779
v 0.001531 -0.003837 -0.001072
v 0.001529 -0.002793 -0.004508
v 0.001529 0.002794 -0.004508
v 0.001525 0.002929 -0.000783
v 0.001524 -0.001143 -0.004953
v 0.001524 -0.001143 -0.006477
v 0.001524 0.001524 -0.005080
v 0.001524 0.001524 -0.006350
v 0.001520 -0.002741 -0.004661
v 0.001520 0.002742 -0.004661
v 0.001520 -0.003797 -0.000933
v 0.001518 0.003796 -0.000933
v 0.001520 -0.003771 -0.000882
v 0.001518 0.003771 -0.000882
v 0.001519 -0.002922 -0.000788
v 0.001518 0.002741 -0.004662
v 0.001516 0.003491 -0.010591
v 0.001516 -0.003491 -0.010591
v 0.001516 -0.003490 -0.006604
v 0.001516 0.003490 -0.006604
v 0.001511 -0.003780 -0.000889
v 0.001509 0.003881 -0.001371
v 0.001508 0.003781 -0.000889
v 0.001506 -0.003538 -0.000698
v 0.001504 0.002910 -0.000800
v 0.001504 -0.003023 -0.000700
v 0.001502 -0.002527 -0.004953
v 0.001502 -0.002527 -0.006477
v 0.001502 -0.001791 -0.004953
v 0.001502 -0.001791 -0.006477
v 0.001501 0.003722 -0.010795
v 0.001500 0.003537 -0.000690
v 0.001498 0.003537 -0.000688
v 0.001498 -0.002907 -0.000805
v 0.001498 -0.003794 -0.000898
v 0.001496 0.003794 -0.000898
v 0.001497 0.003023 -0.000692
v 0.001496 -0.003537 -0.000686
v 0.001496 -0.003880 -0.001228
v 0.001491 0.003697 -0.010793
v 0.001488 -0.002731 -0.004674
v 0.001483 0.002900 -0.000817
v 0.001483 -0.003730 -0.010795
v 0.001477 -0.003374 -0.006477
v 0.001476 -0.002898 -0.000823
v 0.001473 0.003654 -0.010781
v 0.001473 -0.002379 -0.005080
v 0.001473 -0.002379 -0.006350
v 0.001473 -0.001939 -0.005080
v 0.001473 -0.001939 -0.006350
v 0.001473 -0.003705 -0.010793
v 0.001469 0.003534 -0.000657
v 0.001469 -0.003534 -0.000657
v 0.001468 0.001257 -0.004953
v 0.001468 0.001257 -0.006477
v 0.001468 0.001791 -0.004953
v 0.001468 0.001791 -0.006477
v 0.001468 -0.003561 -0.000656
v 0.001468 0.003561 -0.000656
v 0.001462 -0.003600 -0.000658
v 0.001460 0.003600 -0.000658
v 0.001461 -0.003900 -0.001360
v 0.001458 -0.002896 -0.000837
v 0.001458 0.002896 -0.000837
v 0.001457 0.003614 -0.010758
v 0.001457 -0.002666 -0.004953
v 0.001457 0.002666 -0.004953
v 0.001456 -0.003662 -0.010781
v 0.001454 -0.002673 -0.004952
v 0.001454 0.002673 -0.004952
v 0.001452 -0.003639 -0.000664
v 0.001450 0.003639 -0.000664
v 0.001451 -0.002683 -0.004949
v 0.001451 0.002683 -0.004949
v 0.001449 -0.003792 -0.000839
v 0.001447 -0.002694 -0.004943
v 0.001447 0.002694 -0.004943
v 0.001444 0.003579 -0.010724
v 0.001444 -0.002773 -0.004531
v 0.001444 -0.002702 -0.004935
v 0.001444 0.002702 -0.004935
v 0.001441 -0.002709 -0.004924
v 0.001441 0.002709 -0.004924
v 0.001440 -0.002713 -0.004913
v 0.001440 0.002713 -0.004913
v 0.001439 -0.002714 -0.004902
v 0.001439 0.002714 -0.004902
v 0.001440 -0.003621 -0.010758
v 0.001438 0.002771 -0.004532
v 0.001439 -0.003676 -0.000674
v 0.001437 0.003676 -0.000674
v 0.001433 0.003552 -0.010681
v 0.001431 0.002709 -0.004696
v 0.001431 -0.002709 -0.004697
v 0.001427 0.003538 -0.010636
v 0.001426 0.002707 -0.004698
v 0.001426 -0.002708 -0.004698
v 0.001427 -0.003814 -0.000866
v 0.001426 -0.002710 -0.004683
v 0.001426 0.002710 -0.004683
v 0.001426 0.003533 -0.010591
v 0.001425 -0.003587 -0.010724
v 0.001422 -0.003710 -0.000687
v 0.001420 0.003710 -0.000687
v 0.001421 -0.002339 -0.005080
v 0.001421 -0.002339 -0.006350
v 0.001421 -0.001979 -0.005080
v 0.001421 -0.001979 -0.006350
v 0.001420 -0.002709 -0.004668
v 0.001420 0.002709 -0.004668
v 0.001415 0.001386 -0.004953
v 0.001415 0.001386 -0.006477
v 0.001415 0.001662 -0.004953
v 0.001415 0.001662 -0.006477
v 0.001414 -0.002711 -0.004653
v 0.001414 0.002711 -0.004653
v 0.001414 -0.003560 -0.010681
v 0.001414 0.001651 -0.004953
v 0.001414 0.001651 -0.006477
v 0.001410 -0.002489 -0.004953
v 0.001410 -0.002489 -0.006477
v 0.001410 -0.001829 -0.004953
v 0.001410 -0.001829 -0.006477
v 0.001408 -0.003545 -0.010636
v 0.001408 -0.002713 -0.004639
v 0.001408 0.002713 -0.004639
v 0.001407 -0.003541 -0.010591
v 0.001403 -0.003742 -0.000704
v 0.001401 0.003742 -0.000704
v 0.001402 -0.002716 -0.004624
v 0.001402 0.002716 -0.004624
v 0.001397 0.001524 -0.004953
v 0.001397 0.001524 -0.006477
v 0.001395 -0.002721 -0.004611
v 0.001395 0.002721 -0.004611
v 0.001388 -0.002726 -0.004598
v 0.001388 0.002726 -0.004598
v 0.001381 0.003791 -0.000768
v 0.001381 -0.002733 -0.004585
v 0.001381 0.002733 -0.004585
v 0.001381 -0.003769 -0.000724
v 0.001379 0.003769 -0.000724
v 0.001380 -0.002286 -0.005080
v 0.001380 -0.002286 -0.006350
v 0.001380 -0.002032 -0.005080
v 0.001380 -0.002032 -0.006350
v 0.001380 0.003526 -0.000564
v 0.001374 0.003791 -0.000761
v 0.001374 -0.002741 -0.004574
v 0.001374 0.002741 -0.004574
v 0.001375 -0.003791 -0.000762
v 0.001373 -0.003023 -0.000558
v 0.001373 0.003023 -0.000558
v 0.001372 0.003000 -0.000560
v 0.001371 -0.002991 -0.000561
v 0.001367 -0.003525 -0.000553
v 0.001366 0.002971 -0.000566
v 0.001363 -0.002963 -0.000569
v 0.001362 0.002752 -0.004552
v 0.001361 0.003423 -0.006477
v 0.001361 -0.002753 -0.004553
v 0.001357 0.003790 -0.000745
v 0.001358 -0.003790 -0.000745
v 0.001355 0.002945 -0.000578
v 0.001355 -0.002225 -0.005080
v 0.001355 -0.002225 -0.006350
v 0.001355 -0.002093 -0.005080
v 0.001355 -0.002093 -0.006350
v 0.001351 0.003940 -0.001336
v 0.001350 -0.002937 -0.000583
v 0.001348 -0.003563 -0.006604
v 0.001348 0.003563 -0.006604
v 0.001347 -0.003560 -0.006572
v 0.001347 0.003560 -0.006572
v 0.001346 -0.002159 -0.005080
v 0.001346 -0.002159 -0.006350
v 0.001345 0.003942 -0.001334
v 0.001345 0.002929 -0.000588
v 0.001346 -0.003942 -0.001334
v 0.001343 -0.003550 -0.006544
v 0.001343 0.003550 -0.006544
v 0.001340 -0.002922 -0.000594
v 0.001339 -0.003945 -0.010718
v 0.001337 0.003945 -0.010718
v 0.001338 -0.003943 -0.010737
v 0.001336 0.003943 -0.010737
v 0.001336 -0.003532 -0.006518
v 0.001336 0.003532 -0.006518
v 0.001336 0.002674 -0.004734
v 0.001336 -0.003937 -0.010754
v 0.001334 0.003937 -0.010754
v 0.001333 0.003837 -0.000828
v 0.001335 -0.003837 -0.000828
v 0.001333 -0.002673 -0.004735
v 0.001333 0.002673 -0.004735
v 0.001332 -0.003926 -0.010770
v 0.001330 0.003926 -0.010770
v 0.001331 -0.003518 -0.006503
v 0.001331 0.003518 -0.006503
v 0.001331 -0.002428 -0.004953
v 0.001331 -0.002428 -0.006477
v 0.001331 -0.001890 -0.004953
v 0.001331 -0.001890 -0.006477
v 0.001329 -0.003917 -0.010779
v 0.001327 0.003917 -0.010779
v 0.001327 0.002910 -0.000607
v 0.001327 -0.003790 -0.000713
v 0.001324 -0.003902 -0.010788
v 0.001322 0.003902 -0.010788
v 0.001322 -0.003493 -0.006488
v 0.001322 0.003493 -0.006488
v 0.001321 -0.002907 -0.000613
v 0.001319 -0.002667 -0.004740
v 0.001318 -0.003886 -0.010793
v 0.001316 0.003886 -0.010793
v 0.001318 -0.003952 -0.001328
v 0.001314 -0.003873 -0.010795
v 0.001312 0.003873 -0.010795
v 0.001311 -0.003466 -0.006479
v 0.001311 0.003466 -0.006479
v 0.001308 -0.002659 -0.004902
v 0.001308 0.002659 -0.004902
v 0.001308 0.002662 -0.004744
v 0.001308 0.002900 -0.000627
v 0.001307 -0.002662 -0.004744
v 0.001303 0.003845 -0.000815
v 0.001303 -0.003444 -0.006477
v 0.001303 0.003444 -0.006477
v 0.001302 -0.002898 -0.000634
v 0.001300 0.003519 -0.000494
v 0.001300 -0.003519 -0.000494
v 0.001298 -0.003549 -0.000492
v 0.001298 0.003549 -0.000492
v 0.001292 -0.003590 -0.000496
v 0.001291 0.003590 -0.000496
v 0.001287 0.002653 -0.004751
v 0.001287 -0.002653 -0.004751
v 0.001286 -0.002896 -0.000650
v 0.001286 0.002896 -0.000650
v 0.001284 -0.002653 -0.004744
v 0.001284 0.002653 -0.004744
v 0.001282 0.003910 -0.000960
v 0.001283 -0.003631 -0.000504
v 0.001281 0.003631 -0.000504
v 0.001279 -0.002652 -0.004729
v 0.001279 0.002652 -0.004729
v 0.001277 0.003852 -0.000804
v 0.001274 -0.002653 -0.004714
v 0.001274 0.002653 -0.004714
v 0.001270 -0.002350 -0.004953
v 0.001270 -0.002350 -0.006477
v 0.001270 -0.001968 -0.004953
v 0.001270 -0.001968 -0.006477
v 0.001270 -0.003670 -0.000516
v 0.001268 0.003670 -0.000516
v 0.001268 -0.002654 -0.004700
v 0.001268 0.002654 -0.004700
v 0.001262 -0.002657 -0.004685
v 0.001262 0.002657 -0.004685
v 0.001256 -0.002661 -0.004671
v 0.001256 0.002661 -0.004671
v 0.001255 0.003789 -0.000650
v 0.001256 -0.002728 -0.004581
v 0.001256 -0.003857 -0.000796
v 0.001255 -0.003706 -0.000533
v 0.001253 0.003706 -0.000533
v 0.001252 0.003957 -0.001116
v 0.001252 0.003515 -0.000452
v 0.001249 -0.002299 -0.004953
v 0.001249 -0.002299 -0.006477
v 0.001249 -0.002666 -0.004657
v 0.001249 0.002666 -0.004657
v 0.001249 -0.003465 -0.006477
v 0.001245 -0.003514 -0.000448
v 0.001245 -0.002432 -0.006477
v 0.001245 0.002432 -0.006477
v 0.001243 -0.003023 -0.000450
v 0.001242 -0.002672 -0.004644
v 0.001242 0.002672 -0.004644
v 0.001240 -0.002520 -0.006477
v 0.001240 0.002520 -0.006477
v 0.001239 0.003514 -0.000442
v 0.001237 0.003023 -0.000445
v 0.001236 -0.003738 -0.000553
v 0.001234 0.003738 -0.000553
v 0.001235 -0.002679 -0.004632
v 0.001235 0.002679 -0.004632
v 0.001236 -0.003922 -0.000940
v 0.001232 -0.002258 -0.004953
v 0.001232 -0.002258 -0.006477
v 0.001232 -0.002060 -0.004953
v 0.001232 -0.002060 -0.006477
v 0.001230 -0.002347 -0.006477
v 0.001230 0.002347 -0.006477
v 0.001228 -0.002687 -0.004621
v 0.001228 0.002687 -0.004621
v 0.001227 -0.003513 -0.000432
v 0.001221 -0.002696 -0.004610
v 0.001221 0.002696 -0.004610
v 0.001219 -0.002159 -0.004953
v 0.001219 -0.002159 -0.006477
v 0.001220 -0.003866 -0.000781
v 0.001216 0.003984 -0.001276
v 0.001216 -0.002603 -0.006477
v 0.001216 0.002603 -0.006477
v 0.001216 -0.003766 -0.000577
v 0.001214 0.003766 -0.000577
v 0.001215 -0.002621 -0.004776
v 0.001215 0.002621 -0.004776
v 0.001214 -0.002434 -0.006481
v 0.001214 0.002434 -0.006481
v 0.001212 -0.002299 -0.006477
v 0.001210 -0.002295 -0.006477
v 0.001210 0.002295 -0.006477
v 0.001209 -0.002514 -0.006481
v 0.001209 0.002514 -0.006481
v 0.001209 -0.002621 -0.004758
v 0.001209 0.002621 -0.004758
v 0.001207 0.003985 -0.001307
v 0.001207 -0.002712 -0.004592
v 0.001207 0.002713 -0.004593
v 0.001207 -0.003970 -0.001096
v 0.001200 -0.002356 -0.006481
v 0.001200 0.002356 -0.006481
v 0.001199 -0.002559 -0.004953
v 0.001199 0.002559 -0.004953
v 0.001196 -0.002565 -0.004952
v 0.001196 0.002565 -0.004952
v 0.001193 0.003789 -0.000603
v 0.001193 -0.003789 -0.000598
v 0.001191 -0.002576 -0.004949
v 0.001191 0.002576 -0.004949
v 0.001191 0.002709 -0.004597
v 0.001187 -0.002591 -0.006481
v 0.001187 0.002591 -0.006481
v 0.001187 -0.002586 -0.004943
v 0.001187 0.002586 -0.004943
v 0.001186 -0.002436 -0.006491
v 0.001186 0.002436 -0.006491
v 0.001185 -0.002307 -0.006480
v 0.001183 -0.002594 -0.004935
v 0.001183 0.002594 -0.004935
v 0.001182 -0.002510 -0.006491
v 0.001182 0.002510 -0.006491
v 0.001182 -0.002308 -0.006481
v 0.001182 0.002308 -0.006481
v 0.001180 0.002309 -0.006481
v 0.001180 -0.002600 -0.004924
v 0.001180 0.002600 -0.004924
v 0.001178 -0.002604 -0.004913
v 0.001178 0.002604 -0.004913
v 0.001177 -0.002605 -0.004902
v 0.001177 0.002605 -0.004902
v 0.001173 -0.002679 -0.006477
v 0.001173 0.002679 -0.006477
v 0.001173 -0.002364 -0.006491
v 0.001173 0.002364 -0.006491
v 0.001172 -0.003997 -0.001256
v 0.001165 0.002599 -0.004794
v 0.001165 -0.003023 -0.000385
v 0.001165 0.003023 -0.000385
v 0.001163 0.003000 -0.000387
v 0.001162 -0.002991 -0.000388
v 0.001161 -0.002580 -0.006491
v 0.001161 0.002580 -0.006491
v 0.001160 -0.002318 -0.006490
v 0.001161 -0.003999 -0.001298
v 0.001159 -0.002438 -0.006510
v 0.001159 0.002438 -0.006510
v 0.001158 0.002971 -0.000394
v 0.001156 -0.002320 -0.006491
v 0.001156 0.002320 -0.006491
v 0.001156 -0.002179 -0.006477
v 0.001156 0.002179 -0.006477
v 0.001156 -0.002963 -0.000397
v 0.001156 -0.002505 -0.006510
v 0.001156 0.002505 -0.006510
v 0.001155 0.002594 -0.004797
v 0.001155 -0.002594 -0.004797
v 0.001153 0.002321 -0.006494
v 0.001149 0.002945 -0.000407
v 0.001149 -0.002591 -0.004799
v 0.001148 -0.002661 -0.006481
v 0.001148 0.002661 -0.006481
v 0.001147 -0.002371 -0.006510
v 0.001147 0.002371 -0.006510
v 0.001145 -0.002439 -0.006526
v 0.001145 0.002439 -0.006526
v 0.001145 -0.002937 -0.000412
v 0.001143 0.002588 -0.004800
v 0.001143 -0.002589 -0.004801
v 0.001143 -0.002588 -0.004799
v 0.001143 0.002588 -0.004799
v 0.001142 -0.002503 -0.006526
v 0.001142 0.002503 -0.006526
v 0.001140 0.003848 -0.010795
v 0.001141 0.002929 -0.000418
v 0.001139 -0.002328 -0.006505
v 0.001137 0.004007 -0.001293
v 0.001137 -0.002570 -0.006510
v 0.001137 0.002570 -0.006510
v 0.001136 -0.002922 -0.000425
v 0.001134 -0.002587 -0.004769
v 0.001134 0.002587 -0.004769
v 0.001134 -0.002375 -0.006526
v 0.001134 0.002375 -0.006526
v 0.001132 0.003822 -0.010793
v 0.001132 -0.002331 -0.006510
v 0.001132 0.002331 -0.006510
v 0.001131 -0.002191 -0.006480
v 0.001130 0.003506 -0.006477
v 0.001130 -0.002588 -0.004754
v 0.001130 0.002588 -0.004754
v 0.001129 -0.002440 -0.006552
v 0.001129 0.002440 -0.006552
v 0.001129 0.002332 -0.006514
v 0.001128 -0.002192 -0.006481
v 0.001128 0.002192 -0.006481
v 0.001127 -0.002127 -0.006477
v 0.001127 0.002127 -0.006477
v 0.001126 0.002193 -0.006481
v 0.001126 -0.002500 -0.006552
v 0.001126 0.002500 -0.006552
v 0.001125 -0.002644 -0.006491
v 0.001125 0.002644 -0.006491
v 0.001125 0.002910 -0.000440
v 0.001124 -0.002591 -0.004739
v 0.001124 0.002591 -0.004739
v 0.001124 -0.002564 -0.006526
v 0.001124 0.002564 -0.006526
v 0.001120 -0.002907 -0.000446
v 0.001120 -0.002440 -0.006581
v 0.001120 0.002440 -0.006581
v 0.001121 -0.003854 -0.010795
v 0.001120 -0.002337 -0.006525
v 0.001119 0.003778 -0.010781
v 0.001119 -0.002337 -0.006526
v 0.001119 0.002337 -0.006526
v 0.001119 -0.002457 -0.008255
v 0.001119 -0.002380 -0.006552
v 0.001119 0.002380 -0.006552
v 0.001119 0.002466 -0.008255
v 0.001119 0.002466 -0.008255
v 0.001118 -0.002440 -0.006604
v 0.001118 0.002440 -0.006604
v 0.001118 -0.002594 -0.004725
v 0.001118 0.002594 -0.004725
v 0.001118 0.003504 -0.000352
v 0.001118 -0.002466 -0.008255
v 0.001116 0.003788 -0.000543
v 0.001117 -0.002499 -0.006581
v 0.001117 0.002499 -0.006581
v 0.001117 -0.002466 -0.006604
v 0.001117 0.002466 -0.006604
v 0.001115 -0.002498 -0.006604
v 0.001115 0.002498 -0.006604
v 0.001114 -0.002744 -0.006477
v 0.001114 0.002744 -0.006477
v 0.001114 0.002406 -0.008255
v 0.001114 0.002406 -0.008255
v 0.001113 0.003504 -0.000349
v 0.001113 -0.002455 -0.008307
v 0.001113 0.002463 -0.008308
v 0.001113 -0.002406 -0.008255
v 0.001114 -0.003828 -0.010793
v 0.001113 -0.003504 -0.000351
v 0.001112 -0.002406 -0.006604
v 0.001112 0.002406 -0.006604
v 0.001112 -0.002680 -0.004612
v 0.001112 -0.002398 -0.008255
v 0.001112 -0.002598 -0.004711
v 0.001112 0.002598 -0.004711
v 0.001111 0.002341 -0.006541
v 0.001111 -0.002518 -0.008255
v 0.001111 -0.003539 -0.000350
v 0.001111 0.003539 -0.000350
v 0.001110 -0.002382 -0.006581
v 0.001110 0.002382 -0.006581
v 0.001109 0.002404 -0.008302
v 0.001109 -0.002558 -0.006552
v 0.001109 0.002558 -0.006552
v 0.001109 0.002900 -0.000462
v 0.001108 0.002525 -0.008255
v 0.001108 -0.002525 -0.008255
v 0.001108 -0.002383 -0.006604
v 0.001108 0.002383 -0.006604
v 0.001107 0.003736 -0.010758
v 0.001108 0.002530 -0.008255
v 0.001107 -0.002525 -0.006604
v 0.001107 0.002525 -0.006604
v 0.001107 -0.002395 -0.008301
v 0.001107 -0.002343 -0.006549
v 0.001106 -0.002202 -0.006490
v 0.001105 -0.002516 -0.008311
v 0.001105 -0.002604 -0.004697
v 0.001105 0.002604 -0.004697
v 0.001105 -0.002344 -0.006552
v 0.001105 0.002344 -0.006552
v 0.001104 -0.003581 -0.000354
v 0.001104 0.003581 -0.000354
v 0.001104 -0.002629 -0.006510
v 0.001104 0.002629 -0.006510
v 0.001104 -0.002898 -0.000470
v 0.001103 0.002679 -0.004615
v 0.001102 -0.002204 -0.006491
v 0.001102 0.002204 -0.006491
v 0.001102 0.002528 -0.008311
v 0.001101 -0.002555 -0.006581
v 0.001101 0.002555 -0.006581
v 0.001101 -0.002145 -0.006481
v 0.001101 0.002145 -0.006481
v 0.001101 -0.003784 -0.010781
v 0.001100 0.002346 -0.006571
v 0.001099 -0.002554 -0.006604
v 0.001099 0.002554 -0.006604
v 0.001099 0.002206 -0.006494
v 0.001098 -0.002347 -0.006575
v 0.001098 -0.002611 -0.004685
v 0.001098 0.002611 -0.004685
v 0.001096 0.003700 -0.010724
v 0.001097 -0.002448 -0.008357
v 0.001097 -0.002347 -0.006581
v 0.001097 0.002347 -0.006581
v 0.001097 0.002456 -0.008358
v 0.001096 -0.003624 -0.000364
v 0.001094 0.003624 -0.000364
v 0.001095 -0.002348 -0.006604
v 0.001095 -0.002348 -0.008255
v 0.001095 0.002348 -0.006604
v 0.001095 0.002348 -0.008255
v 0.001095 0.002398 -0.008346
v 0.001094 -0.002720 -0.006481
v 0.001094 0.002720 -0.006481
v 0.001093 -0.002390 -0.008344
v 0.001092 -0.002620 -0.006526
v 0.001092 0.002620 -0.006526
v 0.001091 -0.002350 -0.008293
v 0.001091 -0.002618 -0.004672
v 0.001091 0.002618 -0.004672
v 0.001090 0.002350 -0.008293
v 0.001090 -0.002896 -0.000488
v 0.001090 0.002896 -0.000488
v 0.001089 -0.002351 -0.008311
v 0.001088 0.003673 -0.010681
v 0.001088 -0.002577 -0.008255
v 0.001089 -0.003742 -0.010758
v 0.001088 -0.002509 -0.008364
v 0.001087 0.002352 -0.008320
v 0.001085 -0.002581 -0.008255
v 0.001085 0.002581 -0.008255
v 0.001085 -0.002212 -0.006505
v 0.001084 0.003657 -0.010636
v 0.001084 0.002521 -0.008365
v 0.001084 -0.002580 -0.006604
v 0.001084 0.002580 -0.006604
v 0.001083 0.003788 -0.000522
v 0.001085 -0.003788 -0.000522
v 0.001083 -0.002626 -0.004661
v 0.001083 0.002626 -0.004661
v 0.001082 0.003653 -0.010591
v 0.001084 -0.003664 -0.000379
v 0.001082 0.003664 -0.000379
v 0.001082 0.002354 -0.008333
v 0.001082 -0.002354 -0.008333
v 0.001082 -0.002574 -0.008311
v 0.001082 0.002588 -0.008255
v 0.001079 -0.002611 -0.006552
v 0.001079 0.002611 -0.006552
v 0.001078 -0.002215 -0.006510
v 0.001078 0.002215 -0.006510
v 0.001079 -0.004024 -0.001283
v 0.001077 0.004022 -0.001283
v 0.001077 -0.002160 -0.006491
v 0.001077 0.002160 -0.006491
v 0.001078 -0.003706 -0.010724
v 0.001078 -0.004020 -0.010718
v 0.001076 0.004020 -0.010718
v 0.001076 0.002585 -0.008311
v 0.001076 -0.002635 -0.004651
v 0.001076 0.002635 -0.004651
v 0.001076 -0.003501 -0.000324
v 0.001075 -0.002699 -0.006491
v 0.001075 0.002699 -0.006491
v 0.001075 0.002217 -0.006514
v 0.001074 -0.004025 -0.001282
v 0.001072 -0.002359 -0.008365
v 0.001072 -0.002606 -0.006581
v 0.001072 0.002606 -0.006581
v 0.001071 0.002388 -0.008387
v 0.001071 -0.002437 -0.008402
v 0.001070 -0.002605 -0.006604
v 0.001070 0.002605 -0.006604
v 0.001070 -0.002380 -0.008383
v 0.001070 0.002445 -0.008404
v 0.001070 -0.002060 -0.006477
v 0.001070 0.002060 -0.006477
v 0.001070 -0.003678 -0.010681
v 0.001070 -0.003702 -0.000399
v 0.001068 0.003702 -0.000399
v 0.001069 -0.002550 -0.004822
v 0.001068 -0.002645 -0.004642
v 0.001068 0.002645 -0.004642
v 0.001067 0.002362 -0.008375
v 0.001066 -0.002362 -0.008375
v 0.001066 -0.002221 -0.006525
v 0.001065 -0.002221 -0.006526
v 0.001065 0.002221 -0.006526
v 0.001066 -0.003663 -0.010636
v 0.001065 -0.002550 -0.004809
v 0.001065 -0.002567 -0.008365
v 0.001064 0.002547 -0.004823
v 0.001064 0.002363 -0.008382
v 0.001065 -0.003659 -0.010591
v 0.001060 0.002548 -0.004809
v 0.001060 -0.002497 -0.008412
v 0.001059 0.002578 -0.008364
v 0.001058 -0.002679 -0.006510
v 0.001058 0.002679 -0.006510
v 0.001057 0.002225 -0.006541
v 0.001056 -0.002551 -0.004779
v 0.001056 0.002509 -0.008413
v 0.001055 -0.002175 -0.006510
v 0.001055 0.002175 -0.006510
v 0.001055 -0.002661 -0.004624
v 0.001055 0.002662 -0.004625
v 0.001053 -0.002227 -0.006549
v 0.001053 -0.003736 -0.000422
v 0.001051 0.003736 -0.000422
v 0.001052 0.002548 -0.004780
v 0.001051 -0.002228 -0.006552
v 0.001051 0.002228 -0.006552
v 0.001050 -0.002630 -0.008255
v 0.001050 -0.002630 -0.008255
v 0.001048 0.003901 -0.000721
v 0.001049 0.002629 -0.008255
v 0.001049 -0.002668 -0.006526
v 0.001049 0.002668 -0.006526
v 0.001049 -0.002629 -0.006604
v 0.001049 0.002629 -0.006604
v 0.001048 -0.002083 -0.006481
v 0.001048 0.002083 -0.006481
v 0.001048 -0.002370 -0.008408
v 0.001047 -0.003788 -0.000496
v 0.001046 0.002230 -0.006571
v 0.001046 -0.002556 -0.004750
v 0.001045 -0.002372 -0.008413
v 0.001044 -0.002231 -0.006575
v 0.001044 -0.002628 -0.008308
v 0.001044 -0.002183 -0.006526
v 0.001044 0.002183 -0.006526
v 0.001044 0.002636 -0.008255
v 0.001043 -0.002232 -0.006581
v 0.001043 0.002232 -0.006581
v 0.001042 -0.002793 -0.006477
v 0.001042 0.002793 -0.006477
v 0.001041 0.002554 -0.004750
v 0.001041 -0.002233 -0.006604
v 0.001041 -0.002233 -0.008255
v 0.001041 0.002233 -0.006604
v 0.001041 0.002233 -0.008255
v 0.001039 -0.002374 -0.008419
v 0.001038 -0.002656 -0.006552
v 0.001038 0.002656 -0.006552
v 0.001038 0.002375 -0.008419
v 0.001038 0.002375 -0.008419
v 0.001038 0.002634 -0.008307
v 0.001037 -0.002235 -0.008297
v 0.001037 -0.002555 -0.008413
v 0.001036 -0.002422 -0.008439
v 0.001036 0.002235 -0.008297
v 0.001035 -0.002235 -0.008311
v 0.001035 0.002431 -0.008441
v 0.001036 -0.003765 -0.000450
v 0.001034 0.003765 -0.000450
v 0.001033 0.002236 -0.008320
v 0.001033 -0.002565 -0.004722
v 0.001033 -0.002649 -0.006581
v 0.001033 0.002649 -0.006581
v 0.001031 -0.002648 -0.006604
v 0.001031 0.002648 -0.006604
v 0.001031 0.002566 -0.008412
v 0.001030 -0.002192 -0.006552
v 0.001030 0.002192 -0.006552
v 0.001029 -0.002104 -0.006491
v 0.001029 0.002104 -0.006491
v 0.001029 0.002563 -0.004722
v 0.001028 -0.002765 -0.006481
v 0.001028 -0.002621 -0.008358
v 0.001028 0.002380 -0.008434
v 0.001028 0.002765 -0.006481
v 0.001029 -0.003667 -0.010591
v 0.001028 -0.003667 -0.006604
v 0.001026 0.003667 -0.006604
v 0.001026 0.003666 -0.010591
v 0.001026 -0.002240 -0.008340
v 0.001026 0.002240 -0.008340
v 0.001023 -0.002197 -0.006581
v 0.001023 0.002197 -0.006581
v 0.001023 -0.002481 -0.008452
v 0.001022 0.002627 -0.008357
v 0.001021 -0.002198 -0.006604
v 0.001021 0.002198 -0.006604
v 0.001019 -0.002579 -0.004697
v 0.001019 0.002493 -0.008453
v 0.001019 -0.002466 -0.004953
v 0.001019 0.002466 -0.004953
v 0.001018 -0.002243 -0.008365
v 0.001017 -0.003788 -0.000479
v 0.001015 0.003788 -0.000479
v 0.001015 -0.002472 -0.004952
v 0.001015 0.002472 -0.004952
v 0.001015 -0.002473 -0.004952
v 0.001015 -0.003541 -0.006477
v 0.001015 -0.002740 -0.006491
v 0.001015 0.002740 -0.006491
v 0.001015 0.002577 -0.004697
v 0.001011 -0.002123 -0.006510
v 0.001011 0.002123 -0.006510
v 0.001012 -0.003908 -0.000709
v 0.001010 0.002247 -0.008382
v 0.001010 0.002483 -0.004949
v 0.001009 -0.002483 -0.004949
v 0.001009 -0.002181 -0.008255
v 0.001008 -0.002389 -0.008453
v 0.001008 0.002180 -0.008255
v 0.001008 0.002180 -0.008255
v 0.001008 -0.002180 -0.008255
v 0.001007 -0.002248 -0.008384
v 0.001007 -0.002181 -0.006604
v 0.001007 0.002181 -0.006604
v 0.001007 -0.002186 -0.008305
v 0.001006 0.002185 -0.008305
v 0.001004 -0.002492 -0.004943
v 0.001004 0.002492 -0.004943
v 0.001004 -0.002492 -0.004943
v 0.001004 -0.002596 -0.004675
v 0.001004 -0.002668 -0.008255
v 0.001005 -0.003909 -0.000707
v 0.001003 -0.002668 -0.008255
v 0.001002 0.003909 -0.000708
v 0.001003 0.002668 -0.008255
v 0.001002 -0.002667 -0.006604
v 0.001002 0.002667 -0.006604
v 0.001002 -0.002717 -0.006510
v 0.001002 0.002717 -0.006510
v 0.001002 -0.002134 -0.006526
v 0.001002 0.002134 -0.006526
v 0.001001 -0.002610 -0.008404
v 0.001000 -0.002201 -0.008352
v 0.000999 0.003909 -0.000707
v 0.001000 0.002500 -0.004935
v 0.001000 -0.002500 -0.004935
v 0.001000 0.002201 -0.008352
v 0.001000 0.002594 -0.004675
v 0.000999 -0.002539 -0.008453
v 0.000999 -0.002666 -0.008302
v 0.000999 -0.002009 -0.006477
v 0.000999 0.002009 -0.006477
v 0.000999 -0.003677 -0.006604
v 0.000997 0.003677 -0.006604
v 0.000998 -0.003673 -0.006572
v 0.000996 0.003673 -0.006572
v 0.000996 -0.002394 -0.008461
v 0.000996 -0.002506 -0.004924
v 0.000996 0.002506 -0.004924
v 0.000996 0.002673 -0.008255
v 0.000996 -0.002507 -0.004924
v 0.000996 0.002616 -0.008402
v 0.000996 0.002395 -0.008461
v 0.000996 -0.002704 -0.006526
v 0.000996 0.002704 -0.006526
v 0.000995 -0.002405 -0.008467
v 0.000994 -0.002510 -0.004913
v 0.000994 0.002510 -0.004913
v 0.000994 -0.002510 -0.004912
v 0.000995 -0.003663 -0.006544
v 0.000993 0.003663 -0.006544
v 0.000994 -0.002511 -0.004844
v 0.000994 -0.002511 -0.004902
v 0.000994 0.002511 -0.004844
v 0.000994 0.002511 -0.004902
v 0.000994 0.002551 -0.008452
v 0.000993 0.002413 -0.008470
v 0.000991 0.002671 -0.008301
v 0.000991 -0.002815 -0.006477
v 0.000991 0.002815 -0.006477
v 0.000991 -0.002256 -0.008413
v 0.000991 -0.002146 -0.006552
v 0.000991 0.002146 -0.006552
v 0.000989 -0.002226 -0.008395
v 0.000989 0.002226 -0.008395
v 0.000990 -0.003645 -0.006518
v 0.000988 0.003645 -0.006518
v 0.000989 -0.002616 -0.004657
v 0.000988 -0.002690 -0.006552
v 0.000988 0.002690 -0.006552
v 0.000987 -0.002511 -0.004817
v 0.000987 0.002511 -0.004817
v 0.000987 -0.002511 -0.004815
v 0.000987 0.002511 -0.004815
v 0.000986 -0.003630 -0.006503
v 0.000984 0.003630 -0.006503
v 0.000985 -0.002152 -0.006581
v 0.000985 0.002152 -0.006581
v 0.000984 -0.002660 -0.008346
v 0.000984 0.002614 -0.004657
v 0.000984 -0.002682 -0.006581
v 0.000984 0.002682 -0.006581
v 0.000984 -0.002505 -0.004847
v 0.000983 0.003977 -0.000850
v 0.000984 -0.002794 -0.006479
v 0.000984 0.002794 -0.006479
v 0.000983 -0.002154 -0.006604
v 0.000983 0.002154 -0.006604
v 0.000983 -0.002400 -0.008471
v 0.000983 -0.002036 -0.006481
v 0.000983 0.002036 -0.006481
v 0.000983 -0.002680 -0.006604
v 0.000983 0.002680 -0.006604
v 0.000982 -0.002511 -0.004795
v 0.000982 0.002511 -0.004795
v 0.000981 -0.002785 -0.006481
v 0.000981 0.002785 -0.006481
v 0.000980 0.002402 -0.008475
v 0.000979 -0.002513 -0.004787
v 0.000979 0.002513 -0.004787
v 0.000978 -0.002463 -0.008482
v 0.000978 0.003495 -0.000265
v 0.000979 -0.003604 -0.006488
v 0.000977 0.003604 -0.006488
v 0.000978 -0.002514 -0.004785
v 0.000978 0.002514 -0.004785
v 0.000978 0.002262 -0.008428
v 0.000978 -0.002504 -0.004817
v 0.000977 0.002665 -0.008344
v 0.000977 -0.002262 -0.008428
v 0.000976 -0.002259 -0.008430
v 0.000975 0.002259 -0.008431
v 0.000975 -0.002634 -0.004641
v 0.000974 -0.002500 -0.004850
v 0.000974 0.002500 -0.004850
v 0.000974 -0.002766 -0.006488
v 0.000974 0.002766 -0.006488
v 0.000974 0.002474 -0.008483
v 0.000974 0.002405 -0.008477
v 0.000974 0.002264 -0.008434
v 0.000973 0.002499 -0.004844
v 0.000973 -0.002264 -0.008432
v 0.000973 0.002265 -0.008435
v 0.000972 -0.002759 -0.006492
v 0.000972 0.002759 -0.006492
v 0.000971 -0.003576 -0.006479
v 0.000971 0.003576 -0.006479
v 0.000970 0.002633 -0.004642
v 0.000970 -0.002060 -0.006491
v 0.000970 0.002060 -0.006491
v 0.000968 0.003788 -0.000449
v 0.000969 -0.002507 -0.004788
v 0.000968 -0.002521 -0.004758
v 0.000968 0.002521 -0.004758
v 0.000967 0.002500 -0.004820
v 0.000967 -0.002500 -0.004820
v 0.000967 0.002500 -0.004819
v 0.000967 -0.002521 -0.004756
v 0.000967 0.002521 -0.004756
v 0.000967 -0.002500 -0.004818
v 0.000966 -0.002139 -0.008255
v 0.000966 -0.002595 -0.008441
v 0.000966 -0.002742 -0.006503
v 0.000966 0.002742 -0.006503
v 0.000965 -0.002409 -0.008483
v 0.000965 0.002138 -0.008255
v 0.000964 -0.003553 -0.006477
v 0.000964 0.003553 -0.006477
v 0.000965 -0.004053 -0.010718
v 0.000963 0.004053 -0.010718
v 0.000964 -0.002145 -0.008310
v 0.000964 0.002137 -0.008255
v 0.000963 -0.002137 -0.008255
v 0.000964 -0.004050 -0.010737
v 0.000962 0.004050 -0.010737
v 0.000963 -0.002523 -0.004747
v 0.000963 0.002523 -0.004747
v 0.000963 -0.002734 -0.006510
v 0.000963 0.002734 -0.006510
v 0.000963 -0.002138 -0.006604
v 0.000963 0.002138 -0.006604
v 0.000962 -0.002500 -0.004800
v 0.000962 0.002143 -0.008310
v 0.000963 -0.004044 -0.010754
v 0.000961 0.004044 -0.010754
v 0.000961 0.002500 -0.004797
v 0.000960 0.004027 -0.001007
v 0.000961 0.002601 -0.008439
v 0.000961 -0.002650 -0.008387
v 0.000960 -0.002727 -0.006518
v 0.000960 0.002727 -0.006518
v 0.000960 -0.004033 -0.010770
v 0.000958 0.004033 -0.010770
v 0.000959 0.002502 -0.004791
v 0.000959 -0.002502 -0.004791
v 0.000958 -0.002721 -0.006526
v 0.000958 0.002721 -0.006526
v 0.000957 -0.002515 -0.004758
v 0.000957 0.002503 -0.004787
v 0.000958 -0.004024 -0.010779
v 0.000956 0.004024 -0.010779
v 0.000957 -0.002504 -0.004786
v 0.000957 -0.002162 -0.008362
v 0.000956 -0.002083 -0.006510
v 0.000956 0.002083 -0.006510
v 0.000956 -0.003917 -0.000693
v 0.000955 0.002160 -0.008362
v 0.000955 -0.002521 -0.008483
v 0.000955 -0.002532 -0.004732
v 0.000955 0.002532 -0.004732
v 0.000954 0.002655 -0.008383
v 0.000954 -0.002273 -0.008453
v 0.000954 -0.002709 -0.006544
v 0.000954 0.002709 -0.006544
v 0.000953 -0.002533 -0.004729
v 0.000953 0.002533 -0.004729
v 0.000954 -0.004008 -0.010788
v 0.000952 0.004008 -0.010788
v 0.000953 -0.002706 -0.006552
v 0.000953 0.002706 -0.006552
v 0.000951 -0.002699 -0.006572
v 0.000951 0.002699 -0.006572
v 0.000950 -0.002698 -0.006581
v 0.000950 0.002698 -0.006581
v 0.000949 0.002532 -0.008482
v 0.000949 -0.002096 -0.006526
v 0.000949 0.002096 -0.006526
v 0.000950 -0.003991 -0.010793
v 0.000948 0.003991 -0.010793
v 0.000949 -0.002695 -0.006604
v 0.000949 -0.002695 -0.008255
v 0.000949 0.002695 -0.006604
v 0.000949 0.002695 -0.008255
v 0.000948 -0.002691 -0.008293
v 0.000948 0.002691 -0.008293
v 0.000947 0.002510 -0.004762
v 0.000947 -0.002510 -0.004762
v 0.000947 -0.002688 -0.008317
v 0.000947 0.002688 -0.008317
v 0.000947 -0.003978 -0.010795
v 0.000945 0.003978 -0.010795
v 0.000945 -0.002189 -0.008409
v 0.000945 -0.003023 -0.000247
v 0.000945 0.002511 -0.004754
v 0.000945 -0.002682 -0.008333
v 0.000945 0.002682 -0.008333
v 0.000945 -0.003493 -0.000248
v 0.000944 -0.002526 -0.004731
v 0.000944 -0.002512 -0.004752
v 0.000944 0.002512 -0.004752
v 0.000943 0.002188 -0.008409
v 0.000942 -0.002110 -0.006552
v 0.000942 0.002110 -0.006552
v 0.000941 -0.002545 -0.004708
v 0.000941 0.002545 -0.004708
v 0.000941 -0.003985 -0.000836
v 0.000940 0.003023 -0.000244
v 0.000939 -0.002668 -0.008373
v 0.000939 0.002668 -0.008373
v 0.000939 0.003492 -0.000245
v 0.000939 -0.002548 -0.004705
v 0.000939 0.002548 -0.004705
v 0.000939 0.002666 -0.008375
v 0.000937 -0.002117 -0.006581
v 0.000937 0.002117 -0.006581
v 0.000936 -0.002119 -0.006604
v 0.000936 0.002119 -0.006604
v 0.000936 -0.002423 -0.008495
v 0.000936 0.002423 -0.008495
v 0.000935 -0.003023 -0.000241
v 0.000935 0.003023 -0.000241
v 0.000934 -0.002521 -0.004735
v 0.000934 0.002521 -0.004735
v 0.000934 0.003000 -0.000243
v 0.000934 0.002283 -0.008468
v 0.000934 -0.002283 -0.008468
v 0.000933 -0.002991 -0.000245
v 0.000932 0.004057 -0.001167
v 0.000933 0.002414 -0.004953
v 0.000932 -0.002413 -0.004953
v 0.000932 0.002646 -0.008406
v 0.000930 -0.002225 -0.008447
v 0.000930 0.002971 -0.000251
v 0.000930 -0.002636 -0.008419
v 0.000929 -0.002542 -0.004707
v 0.000929 0.002526 -0.004725
v 0.000929 -0.002442 -0.008500
v 0.000929 0.002419 -0.004952
v 0.000929 -0.002526 -0.004725
v 0.000929 -0.002637 -0.008419
v 0.000929 0.002637 -0.008419
v 0.000928 -0.002636 -0.008420
v 0.000928 -0.002419 -0.004952
v 0.000928 -0.002471 -0.004863
v 0.000928 0.002471 -0.004863
v 0.000928 0.002224 -0.008448
v 0.000928 -0.002963 -0.000254
v 0.000927 -0.002632 -0.008426
v 0.000927 0.002632 -0.008426
v 0.000926 0.002286 -0.008475
v 0.000925 -0.002565 -0.004687
v 0.000925 0.002565 -0.004687
v 0.000925 -0.002530 -0.004718
v 0.000925 0.002530 -0.004718
v 0.000925 0.002454 -0.008501
v 0.000924 0.002428 -0.008500
v 0.000924 -0.002577 -0.008470
v 0.000923 -0.002568 -0.004685
v 0.000923 0.002568 -0.004685
v 0.000923 0.002429 -0.004949
v 0.000922 0.002945 -0.000265
v 0.000922 -0.002429 -0.004949
v 0.000920 0.002584 -0.008467
v 0.000919 -0.002537 -0.004710
v 0.000919 0.002537 -0.004710
v 0.000919 -0.002937 -0.000271
v 0.000919 -0.004035 -0.000993
v 0.000918 -0.001974 -0.006477
v 0.000918 0.001974 -0.006477
v 0.000917 -0.002575 -0.004677
v 0.000917 0.002575 -0.004677
v 0.000916 0.002438 -0.004943
v 0.000916 -0.002602 -0.008456
v 0.000916 0.002602 -0.008456
v 0.000916 -0.002432 -0.008502
v 0.000916 -0.003491 -0.000231
v 0.000916 -0.002438 -0.004943
v 0.000915 0.002929 -0.000277
v 0.000914 -0.002561 -0.004686
v 0.000913 -0.002593 -0.008462
v 0.000913 0.002593 -0.008462
v 0.000911 0.004064 -0.001255
v 0.000912 0.002546 -0.004701
v 0.000912 -0.002922 -0.000284
v 0.000912 -0.002546 -0.004700
v 0.000911 -0.002268 -0.008477
v 0.000911 0.002445 -0.004935
v 0.000911 0.002107 -0.008255
v 0.000911 -0.002293 -0.008483
v 0.000911 -0.002434 -0.008503
v 0.000911 -0.002445 -0.004935
v 0.000910 -0.002106 -0.008255
v 0.000910 -0.002106 -0.008255
v 0.000910 0.002106 -0.008255
v 0.000910 -0.003490 -0.000228
v 0.000910 -0.002586 -0.004670
v 0.000910 0.002586 -0.004670
v 0.000910 0.002267 -0.008477
v 0.000910 0.002106 -0.008255
v 0.000909 -0.002108 -0.006604
v 0.000909 0.002108 -0.006604
v 0.000909 -0.002005 -0.006481
v 0.000909 0.002005 -0.006481
v 0.000909 0.003490 -0.000230
v 0.000909 -0.002106 -0.008255
v 0.000908 0.002112 -0.008311
v 0.000908 0.002579 -0.008470
v 0.000908 -0.002112 -0.008311
v 0.000908 -0.002589 -0.004669
v 0.000908 0.002589 -0.004669
v 0.000907 0.002451 -0.004924
v 0.000907 0.002112 -0.008311
v 0.000907 -0.003529 -0.000229
v 0.000907 0.003529 -0.000229
v 0.000907 -0.002451 -0.004924
v 0.000906 -0.002112 -0.008311
v 0.000905 -0.002500 -0.008501
v 0.000905 0.002455 -0.004913
v 0.000905 -0.002569 -0.008477
v 0.000904 -0.002454 -0.004912
v 0.000904 0.002456 -0.004902
v 0.000904 -0.002455 -0.004902
v 0.000904 -0.002555 -0.004690
v 0.000904 0.002555 -0.004690
v 0.000903 0.002910 -0.000301
v 0.000901 -0.002031 -0.006491
v 0.000901 0.002031 -0.006491
v 0.000901 0.002130 -0.008365
v 0.000901 -0.003573 -0.000235
v 0.000901 0.003573 -0.000235
v 0.000901 -0.002559 -0.004686
v 0.000900 -0.002130 -0.008365
v 0.000900 0.002511 -0.008500
v 0.000900 0.002129 -0.008365
v 0.000899 -0.002907 -0.000308
v 0.000899 -0.002129 -0.008365
v 0.000899 0.002561 -0.004684
v 0.000899 -0.002552 -0.008487
v 0.000899 0.002552 -0.008487
v 0.000898 -0.002299 -0.008488
v 0.000898 -0.002582 -0.004670
v 0.000895 0.002441 -0.008504
v 0.000895 0.002301 -0.008489
v 0.000895 -0.002607 -0.004658
v 0.000895 0.002607 -0.004658
v 0.000894 0.002568 -0.004680
v 0.000894 -0.002057 -0.006510
v 0.000894 0.002057 -0.006510
v 0.000894 -0.002568 -0.004680
v 0.000894 -0.003618 -0.000247
v 0.000892 0.003618 -0.000247
v 0.000892 0.003573 -0.006477
v 0.000892 -0.004065 -0.001154
v 0.000891 -0.002529 -0.008494
v 0.000891 0.002529 -0.008494
v 0.000891 -0.003788 -0.000407
v 0.000890 -0.002071 -0.006526
v 0.000890 0.002071 -0.006526
v 0.000890 0.002900 -0.000325
v 0.000889 0.002158 -0.008414
v 0.000888 -0.002158 -0.008414
v 0.000888 0.002158 -0.008414
v 0.000887 -0.002577 -0.004674
v 0.000887 0.002577 -0.004674
v 0.000887 -0.002157 -0.008414
v 0.000886 -0.002898 -0.000333
v 0.000885 -0.002086 -0.006552
v 0.000885 0.002086 -0.006552
v 0.000884 -0.002602 -0.004660
v 0.000883 -0.002094 -0.006581
v 0.000883 0.002094 -0.006581
v 0.000882 -0.002096 -0.006604
v 0.000882 0.002096 -0.006604
v 0.000883 -0.003660 -0.000264
v 0.000881 0.003660 -0.000264
v 0.000882 0.002503 -0.008503
v 0.000880 -0.002497 -0.008505
v 0.000880 0.002497 -0.008505
v 0.000878 -0.002450 -0.004810
v 0.000876 -0.002488 -0.008506
v 0.000876 0.002310 -0.008498
v 0.000876 0.002593 -0.004665
v 0.000876 -0.002593 -0.004664
v 0.000876 -0.002310 -0.008497
v 0.000875 -0.002593 -0.004664
v 0.000875 -0.002896 -0.000353
v 0.000875 0.002896 -0.000353
v 0.000873 0.002196 -0.008454
v 0.000874 -0.004072 -0.001250
v 0.000873 -0.002195 -0.008454
v 0.000872 -0.002598 -0.004662
v 0.000872 0.002598 -0.004662
v 0.000872 0.002195 -0.008454
v 0.000871 -0.002195 -0.008454
v 0.000870 0.002312 -0.008500
v 0.000871 -0.003699 -0.000286
v 0.000869 0.003699 -0.000286
v 0.000865 -0.002456 -0.008509
v 0.000865 0.002456 -0.008509
v 0.000863 -0.002458 -0.004778
v 0.000862 -0.002316 -0.008502
v 0.000861 0.002456 -0.004780
v 0.000857 -0.003734 -0.000313
v 0.000855 0.003734 -0.000313
v 0.000854 0.002240 -0.008484
v 0.000854 -0.002240 -0.008484
v 0.000853 0.002240 -0.008484
v 0.000852 -0.002353 -0.004953
v 0.000852 0.002353 -0.004953
v 0.000852 -0.002239 -0.008484
v 0.000850 -0.002089 -0.008255
v 0.000850 0.002089 -0.008255
v 0.000850 -0.002091 -0.006604
v 0.000850 0.002091 -0.006604
v 0.000849 0.002584 -0.004668
v 0.000849 -0.002089 -0.008255
v 0.000848 0.002358 -0.004952
v 0.000848 -0.002359 -0.004952
v 0.000847 0.002089 -0.008255
v 0.000847 -0.002095 -0.008310
v 0.000847 0.002360 -0.004952
v 0.000846 -0.002360 -0.004951
v 0.000846 -0.002471 -0.004749
v 0.000845 0.002094 -0.008310
v 0.000844 -0.002363 -0.004951
v 0.000844 0.002468 -0.004751
v 0.000841 -0.002579 -0.004670
v 0.000841 0.002367 -0.004949
v 0.000840 -0.002368 -0.004949
v 0.000840 -0.002368 -0.004949
v 0.000841 -0.003764 -0.000344
v 0.000839 0.003764 -0.000344
v 0.000840 -0.002112 -0.008362
v 0.000837 0.002111 -0.008362
v 0.000836 -0.002373 -0.004946
v 0.000835 0.002375 -0.004944
v 0.000834 0.002376 -0.004943
v 0.000834 -0.002376 -0.004943
v 0.000833 0.002290 -0.008503
v 0.000832 -0.002290 -0.008503
v 0.000832 0.002290 -0.008503
v 0.000832 -0.001960 -0.006477
v 0.000832 0.001960 -0.006477
v 0.000831 -0.002289 -0.008503
v 0.000830 -0.001991 -0.006481
v 0.000830 0.001991 -0.006481
v 0.000830 0.003486 -0.000189
v 0.000829 -0.002381 -0.004938
v 0.000829 -0.002381 -0.004938
v 0.000830 -0.004082 -0.001243
v 0.000828 -0.002019 -0.006491
v 0.000828 0.002019 -0.006491
v 0.000828 -0.002139 -0.008409
v 0.000828 0.002383 -0.004935
v 0.000827 -0.002488 -0.004724
v 0.000827 -0.002045 -0.006510
v 0.000827 0.002045 -0.006510
v 0.000826 -0.002060 -0.006526
v 0.000826 0.002060 -0.006526
v 0.000826 0.002138 -0.008409
v 0.000825 0.002386 -0.004929
v 0.000825 -0.002075 -0.006552
v 0.000825 0.002075 -0.006552
v 0.000825 -0.002084 -0.006581
v 0.000825 0.002084 -0.006581
v 0.000824 0.003788 -0.000376
v 0.000825 -0.002086 -0.006604
v 0.000825 0.002086 -0.006604
v 0.000825 0.002485 -0.004725
v 0.000824 -0.002387 -0.004927
v 0.000824 0.002469 -0.008509
v 0.000825 -0.003788 -0.000377
v 0.000823 -0.002388 -0.004923
v 0.000823 0.002389 -0.004924
v 0.000822 -0.002389 -0.004920
v 0.000822 0.002390 -0.004920
v 0.000820 0.003939 -0.000655
v 0.000821 -0.002391 -0.004915
v 0.000821 -0.002391 -0.004912
v 0.000821 0.002392 -0.004913
v 0.000821 -0.002392 -0.004911
v 0.000821 0.002392 -0.004911
v 0.000820 -0.002393 -0.004902
v 0.000820 -0.002392 -0.004902
v 0.000820 0.002392 -0.004902
v 0.000818 0.002390 -0.004902
v 0.000813 -0.002175 -0.008448
v 0.000812 0.002339 -0.008508
v 0.000812 -0.002389 -0.004870
v 0.000811 -0.002340 -0.008509
v 0.000810 0.003788 -0.000369
v 0.000811 -0.002340 -0.008509
v 0.000811 0.002340 -0.008509
v 0.000811 0.002339 -0.008509
v 0.000811 0.002175 -0.008447
v 0.000810 -0.002338 -0.008508
v 0.000810 0.002387 -0.004872
v 0.000807 -0.002509 -0.004704
v 0.000804 0.002506 -0.004705
v 0.000804 -0.003941 -0.000650
v 0.000800 -0.002391 -0.004838
v 0.000798 0.002388 -0.004840
v 0.000794 -0.002219 -0.008477
v 0.000792 0.002218 -0.008477
v 0.000791 -0.002299 -0.004953
v 0.000792 -0.003943 -0.000648
v 0.000790 -0.002281 -0.008501
v 0.000790 0.002281 -0.008501
v 0.000788 -0.002089 -0.006604
v 0.000788 0.002089 -0.006604
v 0.000788 -0.002087 -0.008255
v 0.000788 0.002087 -0.008255
v 0.000788 -0.002087 -0.008255
v 0.000788 0.002087 -0.008255
v 0.000787 -0.002272 -0.008497
v 0.000787 0.002272 -0.008497
v 0.000788 -0.004091 -0.001905
v 0.000788 -0.003924 -0.001905
v 0.000786 0.003924 -0.001905
v 0.000786 0.004091 -0.001905
v 0.000787 -0.002532 -0.004689
v 0.000786 -0.002092 -0.008305
v 0.000785 0.002092 -0.008305
v 0.000785 -0.002396 -0.004807
v 0.000784 0.002529 -0.004690
v 0.000783 0.002394 -0.004809
v 0.000782 -0.002538 -0.004687
v 0.000782 -0.004092 -0.002007
v 0.000780 0.004092 -0.002007
v 0.000782 -0.004092 -0.001802
v 0.000780 0.004092 -0.001802
v 0.000780 -0.002252 -0.008489
v 0.000779 -0.002108 -0.008352
v 0.000779 0.002249 -0.008488
v 0.000779 0.002108 -0.008352
v 0.000778 0.002536 -0.004688
v 0.000779 -0.004011 -0.000792
v 0.000776 -0.003601 -0.006477
v 0.000772 -0.002228 -0.008479
v 0.000772 0.002228 -0.008479
v 0.000769 0.003939 -0.010795
v 0.000769 -0.002133 -0.008395
v 0.000769 -0.002884 -0.006477
v 0.000769 0.002884 -0.006477
v 0.000768 0.002133 -0.008395
v 0.000767 -0.002212 -0.008468
v 0.000767 0.002212 -0.008468
v 0.000766 -0.002090 -0.006604
v 0.000766 0.002090 -0.006604
v 0.000766 -0.002407 -0.004778
v 0.000766 -0.002088 -0.006581
v 0.000766 0.002088 -0.006581
v 0.000764 0.003912 -0.010793
v 0.000764 -0.002079 -0.006552
v 0.000764 0.002079 -0.006552
v 0.000764 0.002404 -0.004780
v 0.000763 -0.002862 -0.006479
v 0.000763 0.002862 -0.006479
v 0.000762 -0.002064 -0.006526
v 0.000762 0.002064 -0.006526
v 0.000762 -0.004096 -0.001701
v 0.000762 -0.004096 -0.002108
v 0.000762 -0.003924 -0.001701
v 0.000762 -0.003924 -0.002108
v 0.000760 0.003924 -0.001701
v 0.000760 0.003924 -0.002108
v 0.000760 0.004096 -0.001701
v 0.000760 0.004096 -0.002108
v 0.000761 -0.004063 -0.000948
v 0.000759 -0.002050 -0.006510
v 0.000759 0.002050 -0.006510
v 0.000755 0.003867 -0.010781
v 0.000755 -0.002834 -0.006488
v 0.000755 0.002834 -0.006488
v 0.000755 -0.002166 -0.008431
v 0.000755 -0.002178 -0.008442
v 0.000755 0.002178 -0.008442
v 0.000754 -0.002023 -0.006491
v 0.000754 0.002023 -0.006491
v 0.000754 0.002166 -0.008430
v 0.000752 -0.002171 -0.008435
v 0.000752 0.002171 -0.008434
v 0.000751 -0.002166 -0.008428
v 0.000751 0.002166 -0.008428
v 0.000750 -0.001996 -0.006481
v 0.000750 0.001996 -0.006481
v 0.000750 -0.003943 -0.010795
v 0.000750 -0.003788 -0.000343
v 0.000749 -0.002809 -0.006503
v 0.000749 0.002809 -0.006503
v 0.000747 0.003788 -0.000344
v 0.000748 -0.003481 -0.000153
v 0.000747 0.003824 -0.010758
v 0.000745 -0.002422 -0.004753
v 0.000745 -0.002150 -0.008409
v 0.000745 0.002150 -0.008409
v 0.000745 -0.002794 -0.006518
v 0.000745 0.002794 -0.006518
v 0.000744 -0.001965 -0.006477
v 0.000744 0.001965 -0.006477
v 0.000745 -0.003916 -0.010793
v 0.000743 -0.002759 -0.008255
v 0.000743 0.002759 -0.008255
v 0.000743 0.002420 -0.004754
v 0.000741 -0.002752 -0.008317
v 0.000741 0.002752 -0.008317
v 0.000740 0.003788 -0.010724
v 0.000740 -0.002136 -0.008384
v 0.000740 0.002136 -0.008384
v 0.000740 -0.002775 -0.006544
v 0.000740 0.002775 -0.006544
v 0.000739 -0.004094 -0.001110
v 0.000737 -0.002765 -0.006572
v 0.000737 0.002765 -0.006572
v 0.000736 -0.002761 -0.006604
v 0.000736 0.002761 -0.006604
v 0.000735 -0.002731 -0.008373
v 0.000735 0.002731 -0.008373
v 0.000736 -0.003871 -0.010781
v 0.000734 0.003760 -0.010681
v 0.000735 -0.002120 -0.008356
v 0.000735 0.002120 -0.008356
v 0.000733 -0.002116 -0.008341
v 0.000733 0.002116 -0.008341
v 0.000733 0.002505 -0.004700
v 0.000731 0.003744 -0.010636
v 0.000730 0.003739 -0.010591
v 0.000729 -0.002104 -0.008299
v 0.000729 0.002104 -0.008299
v 0.000729 -0.002104 -0.008297
v 0.000729 0.002104 -0.008297
v 0.000728 0.002311 -0.004909
v 0.000728 -0.002100 -0.006604
v 0.000728 -0.002100 -0.008255
v 0.000728 0.002100 -0.006604
v 0.000728 0.002100 -0.008255
v 0.000727 0.004102 -0.001604
v 0.000729 -0.004102 -0.001604
v 0.000726 0.004102 -0.002206
v 0.000728 -0.004102 -0.002206
v 0.000728 -0.003828 -0.010758
v 0.000727 -0.002098 -0.006581
v 0.000727 0.002098 -0.006581
v 0.000726 -0.002695 -0.008426
v 0.000726 0.002695 -0.008426
v 0.000725 -0.002307 -0.004910
v 0.000726 -0.003788 -0.000332
v 0.000724 -0.002090 -0.006552
v 0.000724 0.002090 -0.006552
v 0.000723 -0.002497 -0.004703
v 0.000723 -0.002441 -0.004733
v 0.000721 0.002438 -0.004734
v 0.000721 -0.003792 -0.010724
v 0.000719 -0.002075 -0.006526
v 0.000719 0.002075 -0.006526
v 0.000719 -0.004101 -0.001230
v 0.000717 -0.002663 -0.008456
v 0.000717 0.002663 -0.008456
v 0.000717 -0.002300 -0.004910
v 0.000716 0.002299 -0.004910
v 0.000715 -0.002231 -0.004953
v 0.000715 0.002231 -0.004953
v 0.000716 -0.003763 -0.010681
v 0.000714 -0.002061 -0.006510
v 0.000714 0.002061 -0.006510
v 0.000713 -0.003748 -0.010636
v 0.000712 -0.003743 -0.010591
v 0.000709 0.002237 -0.004952
v 0.000709 -0.002238 -0.004952
v 0.000706 -0.002036 -0.006491
v 0.000706 0.002036 -0.006491
v 0.000705 0.002290 -0.004911
v 0.000704 -0.002612 -0.008487
v 0.000704 0.002612 -0.008487
v 0.000703 0.002244 -0.004949
v 0.000702 -0.002244 -0.004949
v 0.000702 -0.002769 -0.006604
v 0.000702 0.002769 -0.006604
v 0.000702 -0.002768 -0.008255
v 0.000702 0.002768 -0.008255
v 0.000701 -0.002462 -0.004718
v 0.000698 0.002460 -0.004720
v 0.000696 -0.002010 -0.006481
v 0.000696 0.002010 -0.006481
v 0.000696 0.002251 -0.004944
v 0.000696 -0.002251 -0.004944
v 0.000695 -0.002280 -0.004912
v 0.000692 -0.002471 -0.004714
v 0.000692 0.003478 -0.000132
v 0.000692 -0.003478 -0.000133
v 0.000691 0.002257 -0.004938
v 0.000690 0.002335 -0.004811
v 0.000690 -0.002257 -0.004938
v 0.000689 0.003955 -0.000626
v 0.000690 0.002468 -0.004716
v 0.000689 -0.003520 -0.000133
v 0.000689 0.003520 -0.000133
v 0.000689 -0.002557 -0.008505
v 0.000689 0.002557 -0.008505
v 0.000688 -0.003023 -0.000129
v 0.000688 0.003023 -0.000129
v 0.000687 0.003000 -0.000131
v 0.000686 0.004109 -0.001225
v 0.000687 -0.002991 -0.000133
v 0.000686 -0.001980 -0.006477
v 0.000686 0.001980 -0.006477
v 0.000686 0.002262 -0.004929
v 0.000686 -0.002262 -0.004929
v 0.000684 -0.003566 -0.000140
v 0.000684 0.003566 -0.000140
v 0.000684 0.002971 -0.000140
v 0.000683 -0.002963 -0.000143
v 0.000683 0.002265 -0.004920
v 0.000683 -0.002265 -0.004920
v 0.000683 -0.004109 -0.001511
v 0.000683 -0.004109 -0.002298
v 0.000683 -0.003924 -0.001511
v 0.000683 -0.003924 -0.002298
v 0.000681 0.003924 -0.001511
v 0.000681 0.003924 -0.002298
v 0.000681 0.004109 -0.001511
v 0.000681 0.004109 -0.002298
v 0.000682 0.002266 -0.004914
v 0.000682 -0.002266 -0.004914
v 0.000678 0.004025 -0.000768
v 0.000679 0.002945 -0.000154
v 0.000679 -0.003612 -0.000153
v 0.000677 0.003612 -0.000153
v 0.000677 -0.002514 -0.008509
v 0.000677 0.002513 -0.008509
v 0.000676 -0.002937 -0.000161
v 0.000674 0.002929 -0.000168
v 0.000671 -0.002922 -0.000175
v 0.000672 -0.003957 -0.000622
v 0.000669 0.003957 -0.000622
v 0.000670 -0.002350 -0.004785
v 0.000669 -0.002253 -0.004915
v 0.000670 -0.003656 -0.000173
v 0.000668 0.003656 -0.000173
v 0.000668 0.003477 -0.000122
v 0.000668 0.002348 -0.004786
v 0.000667 0.002250 -0.004915
v 0.000664 0.002910 -0.000193
v 0.000662 0.004077 -0.000925
v 0.000663 -0.002254 -0.004903
v 0.000662 0.002251 -0.004905
v 0.000661 -0.002907 -0.000200
v 0.000660 -0.003697 -0.000198
v 0.000658 0.003697 -0.000198
v 0.000654 0.002900 -0.000219
v 0.000651 -0.002898 -0.000227
v 0.000649 -0.003733 -0.000227
v 0.000647 0.003733 -0.000227
v 0.000649 -0.003626 -0.006477
v 0.000648 -0.002913 -0.006477
v 0.000648 0.002913 -0.006477
v 0.000647 0.003626 -0.006477
v 0.000646 -0.002256 -0.004872
v 0.000646 -0.002367 -0.004765
v 0.000644 0.003789 -0.000303
v 0.000645 0.002228 -0.004917
v 0.000645 0.002253 -0.004874
v 0.000643 0.004108 -0.001087
v 0.000644 0.002364 -0.004766
v 0.000643 -0.002896 -0.000248
v 0.000643 0.002896 -0.000248
v 0.000642 -0.002392 -0.008509
v 0.000642 0.002392 -0.008509
v 0.000641 -0.002224 -0.004917
v 0.000639 -0.003756 -0.006604
v 0.000637 0.003756 -0.006604
v 0.000638 -0.003752 -0.006572
v 0.000636 0.003752 -0.006572
v 0.000637 -0.003764 -0.000261
v 0.000637 -0.003742 -0.006544
v 0.000635 0.003742 -0.006544
v 0.000635 0.003764 -0.000261
v 0.000634 0.002525 -0.008509
v 0.000633 -0.003723 -0.006518
v 0.000631 0.003723 -0.006518
v 0.000631 0.002900 -0.006478
v 0.000631 -0.003708 -0.006503
v 0.000629 0.003708 -0.006503
v 0.000627 -0.002896 -0.006480
v 0.000628 -0.003650 -0.006480
v 0.000627 0.002896 -0.006479
v 0.000625 0.003651 -0.006479
v 0.000625 -0.002331 -0.008501
v 0.000625 0.002331 -0.008501
v 0.000626 -0.003682 -0.006488
v 0.000624 0.003682 -0.006488
v 0.000625 -0.002263 -0.004843
v 0.000624 0.004117 -0.001219
v 0.000625 0.002895 -0.006479
v 0.000625 -0.002895 -0.006480
v 0.000626 -0.003652 -0.006481
v 0.000626 -0.004118 -0.001426
v 0.000624 0.004118 -0.001425
v 0.000624 0.003653 -0.006479
v 0.000625 -0.004119 -0.002384
v 0.000623 0.004119 -0.002384
v 0.000624 0.002260 -0.004845
v 0.000622 0.003789 -0.000296
v 0.000624 -0.003789 -0.000297
v 0.000624 -0.003963 -0.000611
v 0.000622 -0.002386 -0.004750
v 0.000622 -0.003657 -0.006481
v 0.000620 0.003657 -0.006479
v 0.000619 0.003658 -0.006480
v 0.000620 0.002409 -0.004740
v 0.000619 0.002383 -0.004752
v 0.000615 -0.002197 -0.004920
v 0.000614 -0.002404 -0.004742
v 0.000614 0.002195 -0.004920
v 0.000613 -0.003474 -0.000105
v 0.000614 -0.004033 -0.000755
v 0.000613 -0.003023 -0.000107
v 0.000611 -0.002278 -0.008479
v 0.000611 0.002278 -0.008479
v 0.000610 0.003474 -0.000104
v 0.000609 0.003023 -0.000106
v 0.000609 -0.002398 -0.004745
v 0.000608 -0.002881 -0.006483
v 0.000606 0.002394 -0.004746
v 0.000606 -0.003676 -0.006484
v 0.000602 -0.002273 -0.004819
v 0.000600 0.002270 -0.004820
v 0.000600 -0.004085 -0.000911
v 0.000596 0.003685 -0.006489
v 0.000597 -0.002226 -0.008442
v 0.000597 0.002226 -0.008442
v 0.000597 -0.002872 -0.006488
v 0.000598 -0.003685 -0.006488
v 0.000597 0.002872 -0.006488
v 0.000596 0.003686 -0.006489
v 0.000597 -0.002872 -0.006489
v 0.000598 -0.003686 -0.006489
v 0.000596 0.002872 -0.006488
v 0.000596 -0.003966 -0.000605
v 0.000593 0.003966 -0.000605
v 0.000592 0.002868 -0.006490
v 0.000590 -0.002197 -0.008409
v 0.000590 0.002197 -0.008409
v 0.000585 -0.002101 -0.004953
v 0.000585 0.002101 -0.004953
v 0.000584 -0.004125 -0.001214
v 0.000583 -0.004125 -0.010718
v 0.000581 0.004125 -0.010718
v 0.000581 -0.002167 -0.008356
v 0.000581 0.002167 -0.008356
v 0.000582 -0.004122 -0.010737
v 0.000580 0.004122 -0.010737
v 0.000582 -0.004117 -0.001073
v 0.000581 -0.004116 -0.010754
v 0.000579 0.004116 -0.010754
v 0.000580 -0.004105 -0.010770
v 0.000578 0.004105 -0.010770
v 0.000579 -0.002107 -0.004952
v 0.000579 0.002107 -0.004952
v 0.000577 0.003707 -0.006497
v 0.000578 0.002107 -0.004952
v 0.000578 -0.002107 -0.004952
v 0.000579 -0.004095 -0.010779
v 0.000577 0.004095 -0.010779
v 0.000577 -0.002150 -0.008299
v 0.000577 0.002150 -0.008299
v 0.000577 -0.002108 -0.004951
v 0.000577 0.002108 -0.004951
v 0.000576 -0.002288 -0.004799
v 0.000576 -0.002147 -0.008255
v 0.000576 0.002147 -0.008255
v 0.000576 -0.004080 -0.010788
v 0.000574 0.004080 -0.010788
v 0.000575 -0.002854 -0.006499
v 0.000574 0.002285 -0.004800
v 0.000574 -0.003473 -0.000090
v 0.000574 -0.004063 -0.010793
v 0.000572 0.004063 -0.010793
v 0.000572 -0.003708 -0.001905
v 0.000571 -0.002896 -0.001905
v 0.000571 0.002896 -0.001905
v 0.000570 0.003708 -0.001905
v 0.000572 -0.004049 -0.010795
v 0.000570 0.004049 -0.010795
v 0.000570 0.002851 -0.006504
v 0.000569 0.003717 -0.006504
v 0.000570 0.002851 -0.006504
v 0.000569 0.003717 -0.006504
v 0.000570 -0.002850 -0.006504
v 0.000570 -0.002850 -0.006504
v 0.000571 -0.003717 -0.006503
v 0.000571 -0.003718 -0.006503
v 0.000569 -0.002116 -0.004948
v 0.000569 0.002116 -0.004948
v 0.000566 -0.002119 -0.004945
v 0.000566 0.002119 -0.004945
v 0.000565 0.002120 -0.004944
v 0.000565 0.002145 -0.004925
v 0.000565 -0.002120 -0.004944
v 0.000564 -0.004127 -0.001213
v 0.000563 -0.002122 -0.004942
v 0.000563 0.002122 -0.004942
v 0.000562 -0.002142 -0.004925
v 0.000562 0.002844 -0.006510
v 0.000561 0.002124 -0.004940
v 0.000557 -0.002128 -0.004935
v 0.000557 0.002128 -0.004935
v 0.000558 -0.004128 -0.001348
v 0.000558 -0.004128 -0.002461
v 0.000558 -0.003924 -0.001348
v 0.000558 -0.003924 -0.002461
v 0.000556 0.003924 -0.001348
v 0.000556 0.003924 -0.002461
v 0.000556 0.004128 -0.001348
v 0.000556 -0.002129 -0.004933
v 0.000556 0.002129 -0.004933
v 0.000555 0.004128 -0.002461
v 0.000556 -0.003734 -0.006518
v 0.000555 0.002838 -0.006518
v 0.000554 0.002131 -0.004929
v 0.000554 -0.002131 -0.004929
v 0.000553 0.003735 -0.006518
v 0.000554 -0.002837 -0.006518
v 0.000553 0.003736 -0.006518
v 0.000553 -0.002132 -0.004926
v 0.000553 0.002132 -0.004926
v 0.000553 -0.003708 -0.001757
v 0.000553 -0.003708 -0.002053
v 0.000552 -0.002896 -0.001757
v 0.000552 -0.002896 -0.002053
v 0.000552 0.002896 -0.001757
v 0.000552 0.002896 -0.002053
v 0.000551 0.003708 -0.001757
v 0.000551 0.003708 -0.002053
v 0.000553 -0.003789 -0.000273
v 0.000550 -0.002305 -0.004785
v 0.000548 0.002832 -0.006526
v 0.000548 -0.002832 -0.006526
v 0.000547 0.003742 -0.006526
v 0.000549 -0.003743 -0.006526
v 0.000548 0.002302 -0.004786
v 0.000547 -0.002059 -0.004953
v 0.000547 -0.003745 -0.006527
v 0.000543 0.004130 -0.002474
v 0.000545 -0.004130 -0.001336
v 0.000545 -0.004130 -0.002473
v 0.000543 0.004130 -0.001336
v 0.000545 -0.004129 -0.001211
v 0.000545 -0.004128 -0.010718
v 0.000543 0.004128 -0.010718
v 0.000543 0.004128 -0.001212
v 0.000542 0.002827 -0.006533
v 0.000542 0.002057 -0.004953
v 0.000539 -0.002067 -0.004952
v 0.000538 -0.002156 -0.006604
v 0.000538 0.002156 -0.006604
v 0.000538 -0.002154 -0.006581
v 0.000538 0.002154 -0.006581
v 0.000537 -0.002823 -0.006541
v 0.000537 -0.002135 -0.004907
v 0.000537 0.002135 -0.004907
v 0.000536 0.003756 -0.006542
v 0.000537 0.002822 -0.006545
v 0.000536 -0.002822 -0.006544
v 0.000537 -0.003756 -0.006544
v 0.000535 0.003757 -0.006544
v 0.000536 -0.002146 -0.006552
v 0.000536 0.002146 -0.006552
v 0.000534 0.002111 -0.004928
v 0.000533 0.002136 -0.004903
v 0.000533 -0.002317 -0.004778
v 0.000533 -0.002073 -0.004949
v 0.000534 -0.003760 -0.006550
v 0.000533 -0.002819 -0.006553
v 0.000532 -0.002136 -0.004902
v 0.000532 0.002819 -0.006553
v 0.000531 0.003761 -0.006553
v 0.000532 -0.002130 -0.006526
v 0.000532 0.002130 -0.006526
v 0.000533 -0.003761 -0.006552
v 0.000530 0.003971 -0.000596
v 0.000530 0.002314 -0.004779
v 0.000529 0.002816 -0.006558
v 0.000528 -0.002117 -0.006510
v 0.000528 0.002117 -0.006510
v 0.000526 0.003767 -0.006564
v 0.000527 -0.002814 -0.006566
v 0.000527 -0.002079 -0.004945
v 0.000526 0.002813 -0.006572
v 0.000525 -0.002813 -0.006572
v 0.000524 0.003769 -0.006572
v 0.000526 -0.003769 -0.006571
v 0.000526 -0.003769 -0.006572
v 0.000523 -0.002812 -0.006582
v 0.000524 -0.003772 -0.006582
v 0.000522 0.004042 -0.000738
v 0.000523 0.002811 -0.006582
v 0.000522 0.003772 -0.006582
v 0.000523 0.002811 -0.006583
v 0.000521 0.003773 -0.006585
v 0.000522 -0.002091 -0.006491
v 0.000522 0.002091 -0.006491
v 0.000522 -0.003773 -0.006590
v 0.000521 -0.002084 -0.004940
v 0.000521 -0.002810 -0.006592
v 0.000522 -0.003774 -0.006604
v 0.000522 -0.003774 -0.008001
v 0.000521 -0.002810 -0.006604
v 0.000521 -0.002810 -0.008001
v 0.000521 0.002810 -0.006604
v 0.000521 0.002810 -0.008001
v 0.000520 0.003774 -0.006604
v 0.000520 0.003774 -0.008001
v 0.000520 -0.002138 -0.004888
v 0.000520 0.002139 -0.004888
v 0.000519 0.002139 -0.004887
v 0.000519 -0.002139 -0.004887
v 0.000520 -0.003775 -0.008023
v 0.000518 0.003775 -0.008023
v 0.000519 -0.003770 -0.010591
v 0.000517 0.003770 -0.010591
v 0.000518 0.002301 -0.004785
v 0.000517 -0.002088 -0.004933
v 0.000516 -0.002089 -0.004930
v 0.000515 -0.002064 -0.006481
v 0.000515 0.002064 -0.006481
v 0.000515 -0.002298 -0.004786
v 0.000515 -0.003775 -0.008086
v 0.000514 -0.002811 -0.008086
v 0.000514 0.002811 -0.008086
v 0.000513 0.003775 -0.008086
v 0.000510 0.004095 -0.000895
v 0.000508 0.002143 -0.004878
v 0.000508 -0.002033 -0.006477
v 0.000508 0.002033 -0.006477
v 0.000507 -0.002143 -0.004878
v 0.000504 0.002076 -0.004931
v 0.000504 -0.002075 -0.004931
v 0.000502 0.003470 -0.000070
v 0.000499 -0.002146 -0.004871
v 0.000499 0.002146 -0.004872
v 0.000495 0.004127 -0.001057
v 0.000496 -0.003708 -0.001619
v 0.000496 -0.003708 -0.002190
v 0.000495 -0.002896 -0.001619
v 0.000495 -0.002896 -0.002190
v 0.000495 0.002896 -0.001619
v 0.000495 0.002896 -0.002190
v 0.000494 0.003708 -0.001619
v 0.000494 0.003708 -0.002190
v 0.000486 -0.002054 -0.004933
v 0.000486 -0.002816 -0.008255
v 0.000486 0.002816 -0.008255
v 0.000486 0.002053 -0.004933
v 0.000485 0.002052 -0.004933
v 0.000485 -0.002052 -0.004933
v 0.000484 -0.002808 -0.008317
v 0.000484 0.002808 -0.008317
v 0.000483 -0.002152 -0.004859
v 0.000481 -0.002787 -0.008373
v 0.000481 0.002787 -0.008373
v 0.000480 0.002153 -0.004857
v 0.000479 0.004137 -0.001205
v 0.000480 -0.004138 -0.002529
v 0.000480 -0.004138 -0.001280
v 0.000478 -0.002154 -0.004856
v 0.000479 -0.003780 -0.008205
v 0.000478 -0.002817 -0.008205
v 0.000478 0.002817 -0.008205
v 0.000477 0.003780 -0.008205
v 0.000474 -0.002750 -0.008426
v 0.000474 0.002750 -0.008426
v 0.000474 -0.001977 -0.004953
v 0.000472 -0.002056 -0.004922
v 0.000472 0.002056 -0.004922
v 0.000471 0.003789 -0.000251
v 0.000471 0.004139 -0.001274
v 0.000471 0.004139 -0.002535
v 0.000469 -0.002718 -0.008456
v 0.000469 0.002718 -0.008456
v 0.000464 0.003468 -0.000061
v 0.000464 -0.001986 -0.004952
v 0.000464 -0.003468 -0.000062
v 0.000462 -0.003512 -0.000062
v 0.000462 0.003512 -0.000062
v 0.000460 -0.002666 -0.008487
v 0.000460 0.002666 -0.008487
v 0.000458 -0.003560 -0.000070
v 0.000458 0.003560 -0.000070
v 0.000457 -0.001992 -0.004949
v 0.000454 0.004141 -0.001203
v 0.000455 -0.002165 -0.004846
v 0.000455 0.002165 -0.004846
v 0.000453 0.002015 -0.004936
v 0.000453 -0.002015 -0.004936
v 0.000454 -0.003608 -0.000085
v 0.000452 0.003608 -0.000085
v 0.000453 -0.002821 -0.008255
v 0.000453 0.002821 -0.008255
v 0.000452 0.002167 -0.004845
v 0.000452 -0.002061 -0.004905
v 0.000452 0.002061 -0.004905
v 0.000452 -0.002166 -0.004844
v 0.000451 -0.001997 -0.004945
v 0.000450 -0.002609 -0.008505
v 0.000450 0.002609 -0.008505
v 0.000448 -0.003653 -0.000106
v 0.000446 0.003653 -0.000106
v 0.000445 -0.002002 -0.004940
v 0.000444 -0.002004 -0.004937
v 0.000443 -0.002171 -0.004840
v 0.000442 -0.002566 -0.008509
v 0.000442 0.002565 -0.008509
v 0.000441 -0.003694 -0.000133
v 0.000439 0.003694 -0.000133
v 0.000438 0.002173 -0.004838
v 0.000436 -0.001996 -0.004938
v 0.000432 -0.002177 -0.004837
v 0.000432 0.002177 -0.004836
v 0.000433 -0.003732 -0.000165
v 0.000431 0.003732 -0.000165
v 0.000430 -0.002068 -0.004890
v 0.000430 0.002068 -0.004890
v 0.000430 0.002568 -0.008509
v 0.000428 -0.003023 -0.000051
v 0.000428 0.003023 -0.000051
v 0.000428 0.003000 -0.000053
v 0.000427 -0.002991 -0.000055
v 0.000427 0.002822 -0.008294
v 0.000426 0.002971 -0.000062
v 0.000426 -0.002180 -0.004835
v 0.000426 0.002180 -0.004835
v 0.000425 -0.002963 -0.000066
v 0.000424 -0.003764 -0.000201
v 0.000422 0.003764 -0.000201
v 0.000422 0.002945 -0.000077
v 0.000421 -0.002937 -0.000084
v 0.000419 0.002929 -0.000091
v 0.000417 -0.002922 -0.000099
v 0.000416 -0.001968 -0.004940
v 0.000416 0.001970 -0.004940
v 0.000415 0.001968 -0.004940
v 0.000415 -0.003789 -0.000239
v 0.000413 0.003789 -0.000240
v 0.000414 -0.003788 -0.008313
v 0.000412 0.003788 -0.008313
v 0.000413 0.002910 -0.000117
v 0.000413 -0.001964 -0.004940
v 0.000413 -0.002820 -0.008313
v 0.000412 0.001964 -0.004940
v 0.000412 0.002819 -0.008312
v 0.000412 -0.002820 -0.008314
v 0.000411 -0.002907 -0.000125
v 0.000410 -0.001970 -0.004936
v 0.000410 0.001970 -0.004936
v 0.000409 -0.002820 -0.008317
v 0.000408 0.002819 -0.008317
v 0.000407 0.002900 -0.000144
v 0.000407 -0.002077 -0.004879
v 0.000407 0.002077 -0.004879
v 0.000405 -0.002898 -0.000153
v 0.000405 -0.003708 -0.001500
v 0.000405 -0.003708 -0.002309
v 0.000404 -0.002896 -0.001500
v 0.000404 -0.002896 -0.002309
v 0.000404 0.002896 -0.001500
v 0.000404 0.002896 -0.002309
v 0.000403 0.003708 -0.001500
v 0.000403 0.003708 -0.002309
v 0.000404 -0.001951 -0.004941
v 0.000403 0.001951 -0.004941
v 0.000400 -0.002896 -0.000175
v 0.000400 0.002896 -0.000175
v 0.000396 0.001886 -0.004953
v 0.000395 -0.003466 -0.000044
v 0.000395 -0.004147 -0.002587
v 0.000395 -0.003924 -0.001223
v 0.000395 -0.003924 -0.002587
v 0.000393 0.003924 -0.001223
v 0.000393 0.003924 -0.002587
v 0.000393 0.004147 -0.001223
v 0.000393 0.004147 -0.002587
v 0.000391 0.003994 -0.010795
v 0.000393 -0.004147 -0.001226
v 0.000389 0.003967 -0.010793
v 0.000388 -0.002446 -0.008509
v 0.000388 0.002446 -0.008509
v 0.000388 -0.001976 -0.004921
v 0.000388 0.001976 -0.004921
v 0.000386 0.001895 -0.004952
v 0.000384 0.003921 -0.010781
v 0.000383 -0.002088 -0.004871
v 0.000383 0.002088 -0.004871
v 0.000383 -0.003789 -0.000232
v 0.000381 0.003789 -0.000233
v 0.000380 0.003878 -0.010758
v 0.000381 -0.003983 -0.000573
v 0.000379 0.003983 -0.000573
v 0.000380 0.002813 -0.008350
v 0.000379 0.001900 -0.004949
v 0.000378 -0.002384 -0.008501
v 0.000378 0.002384 -0.008501
v 0.000376 0.003841 -0.010724
v 0.000376 -0.004050 -0.000706
v 0.000373 0.003812 -0.010681
v 0.000375 -0.004053 -0.000717
v 0.000373 0.004049 -0.000719
v 0.000373 0.001905 -0.004945
v 0.000372 0.003797 -0.010636
v 0.000371 0.003792 -0.010591
v 0.000373 -0.003789 -0.000229
v 0.000372 0.001906 -0.004943
v 0.000372 -0.003996 -0.010795
v 0.000369 0.004086 -0.000802
v 0.000369 -0.002329 -0.008479
v 0.000369 0.002329 -0.008479
v 0.000369 -0.001860 -0.004953
v 0.000369 -0.002191 -0.008255
v 0.000369 0.002191 -0.008255
v 0.000369 -0.003969 -0.010793
v 0.000368 -0.002188 -0.006604
v 0.000368 0.002188 -0.006604
v 0.000368 -0.002095 -0.004866
v 0.000368 0.002095 -0.004866
v 0.000364 0.004103 -0.000875
v 0.000366 -0.004103 -0.000875
v 0.000366 -0.004103 -0.000875
v 0.000365 -0.003923 -0.010781
v 0.000364 -0.001983 -0.004909
v 0.000364 0.001983 -0.004909
v 0.000362 -0.004125 -0.000947
v 0.000361 -0.002276 -0.008442
v 0.000361 0.002276 -0.008442
v 0.000361 -0.003880 -0.010758
v 0.000357 -0.002805 -0.008373
v 0.000358 -0.003843 -0.010724
v 0.000356 -0.002247 -0.008409
v 0.000356 0.002247 -0.008409
v 0.000356 -0.002805 -0.008374
v 0.000356 0.002804 -0.008372
v 0.000355 0.001883 -0.004945
v 0.000355 -0.001883 -0.004945
v 0.000354 0.004139 -0.001036
v 0.000355 -0.004135 -0.001036
v 0.000353 0.004142 -0.001047
v 0.000355 -0.003814 -0.010681
v 0.000353 -0.003799 -0.010636
v 0.000353 -0.003794 -0.010591
v 0.000351 -0.002216 -0.008356
v 0.000351 0.002216 -0.008356
v 0.000351 0.001876 -0.004945
v 0.000351 0.002070 -0.004876
v 0.000350 -0.002068 -0.004876
v 0.000350 -0.001876 -0.004945
v 0.000349 -0.002199 -0.008299
v 0.000349 0.002199 -0.008299
v 0.000348 -0.002195 -0.008255
v 0.000348 0.002195 -0.008255
v 0.000344 -0.004151 -0.001196
v 0.000342 0.004151 -0.001196
v 0.000340 -0.001992 -0.004901
v 0.000340 0.001992 -0.004901
v 0.000337 -0.003985 -0.000570
v 0.000335 0.003985 -0.000570
v 0.000336 -0.001857 -0.004946
v 0.000332 0.003464 -0.000032
v 0.000332 0.001811 -0.004953
v 0.000326 -0.003796 -0.008401
v 0.000324 0.003796 -0.008401
v 0.000325 0.002792 -0.008401
v 0.000324 -0.002018 -0.004890
v 0.000324 0.002019 -0.004890
v 0.000324 -0.002791 -0.008400
v 0.000322 0.002791 -0.008403
v 0.000316 -0.002001 -0.004895
v 0.000316 0.002001 -0.004895
v 0.000316 0.001826 -0.004948
v 0.000315 -0.002001 -0.004895
v 0.000315 0.002002 -0.004895
v 0.000311 -0.001774 -0.004953
v 0.000309 -0.001812 -0.004948
v 0.000308 0.001813 -0.004948
v 0.000307 -0.001904 -0.004923
v 0.000307 0.001904 -0.004923
v 0.000306 -0.001808 -0.004948
v 0.000306 0.001808 -0.004948
v 0.000303 -0.004155 -0.002632
v 0.000301 0.004155 -0.002632
v 0.000300 -0.001782 -0.004952
v 0.000293 0.003789 -0.000215
v 0.000294 -0.001786 -0.004949
v 0.000292 0.001957 -0.004908
v 0.000291 -0.002776 -0.008425
v 0.000290 -0.001781 -0.004949
v 0.000290 0.001781 -0.004949
v 0.000290 -0.002776 -0.008426
v 0.000289 0.002774 -0.008425
v 0.000287 -0.001948 -0.004910
v 0.000287 -0.003708 -0.001410
v 0.000287 -0.003708 -0.002400
v 0.000286 -0.002896 -0.001410
v 0.000286 -0.002896 -0.002400
v 0.000286 0.002896 -0.001410
v 0.000286 0.002896 -0.002400
v 0.000285 0.003708 -0.001410
v 0.000285 0.003708 -0.002400
v 0.000282 -0.001912 -0.004918
v 0.000282 0.001912 -0.004918
v 0.000281 -0.001814 -0.004941
v 0.000281 0.001814 -0.004941
v 0.000275 0.001914 -0.004917
v 0.000275 -0.001914 -0.004917
v 0.000271 -0.002206 -0.006604
v 0.000271 0.002206 -0.006604
v 0.000271 -0.002204 -0.006581
v 0.000271 0.002204 -0.006581
v 0.000270 -0.002195 -0.006552
v 0.000270 0.002195 -0.006552
v 0.000268 -0.002179 -0.006526
v 0.000268 0.002179 -0.006526
v 0.000265 0.003987 -0.000566
v 0.000266 -0.002165 -0.006510
v 0.000266 0.002165 -0.006510
v 0.000266 -0.001891 -0.004921
v 0.000266 0.001739 -0.004951
v 0.000265 -0.001739 -0.004951
v 0.000264 0.001887 -0.004922
v 0.000263 -0.001736 -0.004951
v 0.000263 -0.002139 -0.006491
v 0.000263 0.002139 -0.006491
v 0.000262 0.004061 -0.000706
v 0.000262 0.001698 -0.004953
v 0.000262 -0.003462 -0.000022
v 0.000261 -0.003023 -0.000025
v 0.000260 0.001729 -0.004951
v 0.000260 0.003462 -0.000022
v 0.000260 -0.001729 -0.004951
v 0.000260 0.003023 -0.000024
v 0.000260 -0.002111 -0.006481
v 0.000260 0.002111 -0.006481
v 0.000259 -0.004157 -0.001161
v 0.000257 0.002759 -0.008446
v 0.000256 0.004114 -0.000862
v 0.000256 -0.001820 -0.004936
v 0.000256 0.001820 -0.004936
v 0.000256 -0.002080 -0.006477
v 0.000256 0.002080 -0.006477
v 0.000252 0.001714 -0.004951
v 0.000250 0.001706 -0.004952
v 0.000248 0.004147 -0.001025
v 0.000248 0.001707 -0.004951
v 0.000246 0.001842 -0.004932
v 0.000241 0.004158 -0.001155
v 0.000241 0.004158 -0.001155
v 0.000241 0.001824 -0.004934
v 0.000240 -0.001823 -0.004935
v 0.000238 -0.001683 -0.004952
v 0.000238 0.001683 -0.004952
v 0.000237 -0.002747 -0.008455
v 0.000237 -0.001733 -0.004947
v 0.000237 0.001733 -0.004947
v 0.000237 0.002747 -0.008455
v 0.000233 0.001651 -0.004953
v 0.000228 -0.003461 -0.000016
v 0.000228 -0.001651 -0.004953
v 0.000228 -0.001662 -0.004952
v 0.000228 0.003461 -0.000018
v 0.000228 0.001662 -0.004952
v 0.000227 -0.003507 -0.000018
v 0.000227 0.003507 -0.000018
v 0.000225 -0.001647 -0.004953
v 0.000225 -0.003556 -0.000028
v 0.000225 0.003556 -0.000028
v 0.000224 -0.002740 -0.008463
v 0.000223 0.002594 -0.008509
v 0.000223 -0.003604 -0.000043
v 0.000221 0.003604 -0.000043
v 0.000221 0.001646 -0.004952
v 0.000220 -0.001646 -0.004952
v 0.000220 -0.003989 -0.000563
v 0.000219 -0.003650 -0.000066
v 0.000217 0.003650 -0.000066
v 0.000218 -0.001737 -0.004945
v 0.000219 -0.003804 -0.008465
v 0.000217 0.003804 -0.008465
v 0.000218 0.001737 -0.004945
v 0.000217 -0.002736 -0.008465
v 0.000217 0.002736 -0.008464
v 0.000217 -0.004063 -0.000702
v 0.000215 0.002734 -0.008465
v 0.000215 -0.002735 -0.008466
v 0.000215 0.001727 -0.004946
v 0.000215 -0.003692 -0.000094
v 0.000213 0.003692 -0.000094
v 0.000214 -0.004159 -0.001147
v 0.000213 -0.003461 -0.000014
v 0.000212 -0.002697 -0.008487
v 0.000212 0.002697 -0.008487
v 0.000211 -0.001709 -0.004948
v 0.000212 -0.004116 -0.000859
v 0.000211 -0.003730 -0.000127
v 0.000209 0.003730 -0.000127
v 0.000207 -0.002640 -0.008505
v 0.000207 0.002640 -0.008505
v 0.000206 -0.003763 -0.000165
v 0.000204 0.003763 -0.000165
v 0.000205 -0.004149 -0.001021
v 0.000204 -0.002595 -0.008509
v 0.000204 0.002595 -0.008509
v 0.000205 -0.004161 -0.002665
v 0.000205 -0.003924 -0.001144
v 0.000205 -0.003924 -0.002665
v 0.000203 0.003924 -0.001144
v 0.000203 0.003924 -0.002665
v 0.000203 0.004161 -0.002665
v 0.000205 -0.004160 -0.001145
v 0.000202 0.004160 -0.001146
v 0.000203 -0.001648 -0.004950
v 0.000202 0.001648 -0.004950
v 0.000201 -0.001606 -0.004953
v 0.000202 -0.003789 -0.000204
v 0.000199 0.003789 -0.000205
v 0.000200 -0.004160 -0.001144
v 0.000196 0.001613 -0.004952
v 0.000195 -0.004161 -0.010718
v 0.000193 0.004161 -0.010718
v 0.000195 -0.004159 -0.010737
v 0.000193 0.004159 -0.010737
v 0.000195 -0.004152 -0.010754
v 0.000193 0.004152 -0.010754
v 0.000194 -0.001587 -0.004953
v 0.000194 0.001587 -0.004953
v 0.000195 -0.004141 -0.010770
v 0.000193 0.004141 -0.010770
v 0.000194 -0.004131 -0.010779
v 0.000192 0.004131 -0.010779
v 0.000193 -0.004116 -0.010788
v 0.000191 0.004116 -0.010788
v 0.000193 -0.004098 -0.010793
v 0.000191 0.004098 -0.010793
v 0.000192 -0.004085 -0.010795
v 0.000190 0.004085 -0.010795
v 0.000188 -0.003789 -0.000201
v 0.000186 0.002718 -0.008478
v 0.000162 0.003460 -0.000009
v 0.000161 -0.003023 -0.000008
v 0.000161 0.003023 -0.000008
v 0.000160 0.003000 -0.000010
v 0.000160 -0.002991 -0.000012
v 0.000160 0.002971 -0.000019
v 0.000159 -0.002963 -0.000023
v 0.000158 -0.002701 -0.008487
v 0.000158 0.002945 -0.000035
v 0.000158 0.002700 -0.008486
v 0.000158 -0.002937 -0.000042
v 0.000157 0.002929 -0.000049
v 0.000156 -0.002922 -0.000057
v 0.000155 -0.002699 -0.008488
v 0.000154 0.002910 -0.000076
v 0.000154 -0.002907 -0.000084
v 0.000152 0.002900 -0.000103
v 0.000151 -0.002898 -0.000112
v 0.000149 -0.002896 -0.000135
v 0.000149 0.002896 -0.000135
v 0.000149 -0.003708 -0.001353
v 0.000149 -0.003708 -0.002457
v 0.000148 -0.002896 -0.001353
v 0.000148 -0.002896 -0.002457
v 0.000148 0.002896 -0.001353
v 0.000148 0.002896 -0.002457
v 0.000147 0.003708 -0.001353
v 0.000147 0.003708 -0.002457
v 0.000137 0.004162 -0.001129
v 0.000130 -0.002473 -0.008509
v 0.000130 0.002473 -0.008509
v 0.000126 -0.002410 -0.008501
v 0.000126 0.002410 -0.008501
v 0.000124 -0.002355 -0.008479
v 0.000124 0.002355 -0.008479
v 0.000121 -0.002302 -0.008442
v 0.000121 0.002302 -0.008442
v 0.000119 -0.002272 -0.008409
v 0.000119 0.002272 -0.008409
v 0.000118 -0.002241 -0.008356
v 0.000118 0.002241 -0.008356
v 0.000117 -0.002223 -0.008299
v 0.000117 0.002223 -0.008299
v 0.000116 -0.002219 -0.008255
v 0.000116 0.002219 -0.008255
v 0.000110 0.003788 -0.000195
v 0.000109 -0.004163 -0.001125
v 0.000105 0.002667 -0.008500
v 0.000104 0.003992 -0.000557
v 0.000103 0.004066 -0.000696
v 0.000102 0.004164 -0.002685
v 0.000104 -0.004164 -0.002685
v 0.000100 0.004120 -0.000853
v 0.000097 0.004153 -0.001016
v 0.000099 -0.003809 -0.008501
v 0.000097 0.003809 -0.008501
v 0.000098 0.002661 -0.008501
v 0.000097 -0.002661 -0.008500
v 0.000091 0.004163 -0.001123
v 0.000076 0.002646 -0.008503
v 0.000075 -0.002647 -0.008505
v 0.000073 -0.002645 -0.008505
v 0.000058 -0.003994 -0.000554
v 0.000057 -0.004067 -0.000695
v 0.000056 -0.004121 -0.000852
v 0.000054 -0.004154 -0.001014
v 0.000053 -0.004163 -0.001121
v 0.000040 -0.003458 -0.000001
v 0.000014 -0.003810 -0.008509
v 0.000013 -0.002603 -0.008509
v 0.000013 0.002603 -0.008509
v 0.000012 0.003810 -0.008509
v 0.000010 0.004013 -0.010795
v 0.000010 0.003987 -0.010793
v 0.000010 0.003940 -0.010781
v 0.000009 0.003897 -0.010758
v 0.000009 0.003860 -0.010724
v 0.000009 0.003831 -0.010681
v 0.000009 0.003815 -0.010636
v 0.000009 0.003810 -0.010591
v 0.000003 -0.003995 -0.000551
v 0.000000 0.003622 -0.000037
v 0.000000 0.003601 -0.000030
v 0.000000 0.003647 -0.000053
v -0.000001 0.003690 -0.000079
v -0.000000 0.003554 -0.000013
v -0.000000 0.002938 -0.000032
v -0.000000 0.002945 -0.000027
v -0.000000 0.002930 -0.000042
v -0.000000 0.002964 -0.000014
v -0.000001 0.003728 -0.000115
v -0.000000 0.002918 -0.000055
v -0.000000 0.002971 -0.000012
v -0.000001 0.003740 -0.000126
v -0.000000 0.002911 -0.000068
v -0.000000 0.002911 -0.000068
v -0.000000 0.002991 -0.000004
v -0.000000 0.003504 -0.000005
v -0.000000 0.002904 -0.000083
v -0.000000 0.003000 -0.000003
v -0.000001 0.003760 -0.000153
v -0.000000 0.002900 -0.000096
v -0.000000 0.003478 -0.000001
v -0.000000 0.002897 -0.000112
v -0.000001 0.003810 -0.010591
v 0.000001 -0.004166 -0.002692
v 0.000001 -0.004164 -0.001117
v 0.000001 -0.004161 -0.010718
v 0.000001 -0.004013 -0.010795
v 0.000001 -0.003995 -0.000551
v 0.000001 -0.003924 -0.001117
v 0.000001 -0.003924 -0.002692
v 0.000001 -0.003810 -0.008509
v 0.000001 -0.003788 -0.000191
v 0.000001 -0.003708 -0.001333
v 0.000001 -0.003708 -0.002476
v 0.000000 -0.003457 0.000000
v 0.000000 -0.003023 0.000000
v 0.000000 -0.002896 -0.000127
v 0.000000 -0.002896 -0.001333
v 0.000000 -0.002896 -0.002476
v 0.000000 -0.002223 -0.006604
v 0.000000 -0.002220 -0.006581
v 0.000000 -0.002219 -0.008255
v 0.000000 -0.002212 -0.006552
v 0.000000 -0.002196 -0.006526
v 0.000000 -0.002181 -0.006510
v 0.000000 -0.002155 -0.006491
v 0.000000 -0.002127 -0.006481
v 0.000000 -0.002096 -0.006477
v 0.000000 -0.001651 -0.006477
v 0.000000 -0.001587 -0.004953
v 0.000000 -0.000876 -0.004953
v 0.000000 -0.000876 -0.006477
v 0.000000 -0.000381 -0.004953
v 0.000000 -0.000381 -0.006477
v -0.000000 0.000381 -0.004953
v -0.000000 0.000381 -0.006477
v -0.000000 0.000699 -0.004953
v -0.000000 0.000699 -0.006477
v -0.000000 0.000876 -0.004953
v -0.000000 0.000876 -0.006477
v -0.000000 0.001587 -0.004953
v -0.000000 0.001651 -0.006477
v -0.000000 0.002096 -0.006477
v -0.000000 0.002127 -0.006481
v -0.000000 0.002155 -0.006491
v -0.000000 0.002181 -0.006510
v -0.000000 0.002196 -0.006526
v -0.000000 0.002212 -0.006552
v -0.000000 0.002219 -0.008255
v -0.000000 0.002220 -0.006581
v -0.000000 0.002223 -0.006604
v -0.000000 0.002896 -0.000127
v -0.000000 0.002896 -0.001333
v -0.000000 0.002896 -0.002476
v -0.000000 0.003023 0.000000
v -0.000000 0.003457 0.000000
v -0.000001 0.003708 -0.001333
v -0.000001 0.003708 -0.002476
v -0.000001 0.003788 -0.000191
v -0.000001 0.003810 -0.008509
v -0.000001 0.003924 -0.001117
v -0.000001 0.003924 -0.002692
v -0.000001 0.003995 -0.000551
v -0.000001 0.004013 -0.010795
v -0.000001 0.004161 -0.010718
v -0.000001 0.004164 -0.001117
v -0.000001 0.004166 -0.002692
v 0.000001 -0.003810 -0.010591
v 0.000000 -0.002897 -0.000112
v 0.000000 -0.002898 -0.000104
v 0.000000 -0.003478 -0.000001
v 0.000001 -0.003760 -0.000153
v 0.000000 -0.002904 -0.000083
v 0.000000 -0.003504 -0.000005
v 0.000000 -0.002991 -0.000004
v 0.000000 -0.002991 -0.000004
v 0.000000 -0.002907 -0.000076
v 0.000001 -0.003740 -0.000126
v 0.000000 -0.002918 -0.000055
v 0.000001 -0.003728 -0.000115
v 0.000000 -0.002923 -0.000050
v 0.000000 -0.002964 -0.000014
v 0.000000 -0.002938 -0.000032
v 0.000000 -0.002937 -0.000034
v 0.000000 -0.003554 -0.000013
v 0.000001 -0.003690 -0.000079
v -0.000000 -0.003647 -0.000053
v -0.000000 -0.003601 -0.000030
v -0.000000 -0.003622 -0.000037
v -0.000003 0.003995 -0.000551
v -0.000009 -0.003810 -0.010591
v -0.000009 -0.003815 -0.010636
v -0.000009 -0.003831 -0.010681
v -0.000009 -0.003860 -0.010724
v -0.000009 -0.003897 -0.010758
v -0.000010 -0.003940 -0.010781
v -0.000010 -0.003987 -0.010793
v -0.000010 -0.004013 -0.010795
v -0.000012 -0.003810 -0.008509
v -0.000013 -0.002603 -0.008509
v -0.000013 0.002603 -0.008509
v -0.000014 0.003810 -0.008509
v -0.000040 0.003458 -0.000001
v -0.000053 0.004163 -0.001121
v -0.000054 0.004154 -0.001014
v -0.000056 0.004121 -0.000852
v -0.000057 0.004067 -0.000695
v -0.000058 0.003994 -0.000554
v -0.000073 0.002645 -0.008505
v -0.000075 0.002647 -0.008505
v -0.000076 -0.002646 -0.008503
v -0.000091 -0.004163 -0.001123
v -0.000097 0.002661 -0.008500
v -0.000098 -0.002661 -0.008501
v -0.000097 -0.003809 -0.008501
v -0.000099 0.003809 -0.008501
v -0.000097 -0.004153 -0.001016
v -0.000100 -0.004120 -0.000853
v -0.000104 0.004164 -0.002685
v -0.000102 -0.004164 -0.002685
v -0.000103 -0.004066 -0.000696
v -0.000104 -0.003992 -0.000557
v -0.000105 -0.002667 -0.008500
v -0.000109 0.004163 -0.001125
v -0.000110 -0.003788 -0.000195
v -0.000116 -0.002219 -0.008255
v -0.000116 0.002219 -0.008255
v -0.000117 -0.002223 -0.008299
v -0.000117 0.002223 -0.008299
v -0.000118 -0.002241 -0.008356
v -0.000118 0.002241 -0.008356
v -0.000119 -0.002272 -0.008409
v -0.000119 0.002272 -0.008409
v -0.000121 -0.002302 -0.008442
v -0.000121 0.002302 -0.008442
v -0.000124 -0.002355 -0.008479
v -0.000124 0.002355 -0.008479
v -0.000126 -0.002410 -0.008501
v -0.000126 0.002410 -0.008501
v -0.000130 -0.002473 -0.008509
v -0.000130 0.002473 -0.008509
v -0.000137 -0.004162 -0.001129
v -0.000147 -0.003708 -0.001353
v -0.000147 -0.003708 -0.002457
v -0.000148 -0.002896 -0.001353
v -0.000148 -0.002896 -0.002457
v -0.000148 0.002896 -0.001353
v -0.000148 0.002896 -0.002457
v -0.000149 0.003708 -0.001353
v -0.000149 0.003708 -0.002457
v -0.000149 -0.002896 -0.000135
v -0.000149 0.002896 -0.000135
v -0.000151 -0.002898 -0.000112
v -0.000152 0.002900 -0.000103
v -0.000154 -0.002907 -0.000084
v -0.000154 0.002910 -0.000076
v -0.000155 0.002699 -0.008488
v -0.000156 -0.002922 -0.000057
v -0.000157 0.002929 -0.000049
v -0.000158 -0.002937 -0.000042
v -0.000158 -0.002700 -0.008486
v -0.000158 0.002945 -0.000035
v -0.000158 0.002701 -0.008487
v -0.000159 -0.002963 -0.000023
v -0.000160 0.002971 -0.000019
v -0.000160 -0.002991 -0.000012
v -0.000160 0.003000 -0.000010
v -0.000161 -0.003023 -0.000008
v -0.000161 0.003023 -0.000008
v -0.000162 -0.003460 -0.000009
v -0.000186 -0.002718 -0.008478
v -0.000188 0.003789 -0.000202
v -0.000190 -0.004085 -0.010795
v -0.000192 0.004085 -0.010795
v -0.000191 -0.004098 -0.010793
v -0.000193 0.004098 -0.010793
v -0.000191 -0.004116 -0.010788
v -0.000193 0.004116 -0.010788
v -0.000192 -0.004131 -0.010779
v -0.000194 0.004131 -0.010779
v -0.000193 -0.004141 -0.010770
v -0.000195 0.004141 -0.010770
v -0.000194 -0.001587 -0.004953
v -0.000194 0.001587 -0.004953
v -0.000193 -0.004152 -0.010754
v -0.000195 0.004152 -0.010754
v -0.000193 -0.004159 -0.010737
v -0.000195 0.004159 -0.010737
v -0.000193 -0.004161 -0.010718
v -0.000195 0.004161 -0.010718
v -0.000196 -0.001613 -0.004952
v -0.000200 0.004160 -0.001144
v -0.000199 -0.003789 -0.000205
v -0.000202 0.003789 -0.000204
v -0.000201 0.001606 -0.004953
v -0.000202 -0.001648 -0.004950
v -0.000203 0.001648 -0.004950
v -0.000202 -0.004160 -0.001146
v -0.000205 0.004160 -0.001145
v -0.000203 -0.004161 -0.002665
v -0.000203 -0.003924 -0.001144
v -0.000203 -0.003924 -0.002665
v -0.000205 0.003924 -0.001144
v -0.000205 0.003924 -0.002665
v -0.000205 0.004161 -0.002665
v -0.000204 -0.002595 -0.008509
v -0.000204 0.002595 -0.008509
v -0.000205 0.004149 -0.001021
v -0.000204 -0.003763 -0.000165
v -0.000206 0.003763 -0.000165
v -0.000207 -0.002640 -0.008505
v -0.000207 0.002640 -0.008505
v -0.000209 -0.003730 -0.000127
v -0.000211 0.003730 -0.000127
v -0.000212 0.004116 -0.000859
v -0.000211 0.001709 -0.004948
v -0.000212 -0.002697 -0.008487
v -0.000212 0.002697 -0.008487
v -0.000213 0.003461 -0.000014
v -0.000214 0.004159 -0.001147
v -0.000213 -0.003692 -0.000094
v -0.000215 0.003692 -0.000094
v -0.000215 -0.001727 -0.004946
v -0.000215 0.002735 -0.008466
v -0.000215 -0.002734 -0.008465
v -0.000217 0.004063 -0.000702
v -0.000217 -0.002736 -0.008464
v -0.000217 0.002736 -0.008465
v -0.000218 -0.001737 -0.004945
v -0.000217 -0.003804 -0.008465
v -0.000219 0.003804 -0.008465
v -0.000218 0.001737 -0.004945
v -0.000217 -0.003650 -0.000066
v -0.000219 0.003650 -0.000066
v -0.000220 0.003989 -0.000563
v -0.000220 0.001646 -0.004952
v -0.000221 -0.001646 -0.004952
v -0.000221 -0.003604 -0.000043
v -0.000223 0.003604 -0.000043
v -0.000224 0.002740 -0.008463
v -0.000225 -0.003556 -0.000028
v -0.000225 0.003556 -0.000028
v -0.000225 0.001647 -0.004953
v -0.000227 -0.003507 -0.000018
v -0.000227 0.003507 -0.000018
v -0.000228 -0.001662 -0.004952
v -0.000228 -0.003461 -0.000018
v -0.000228 0.001662 -0.004952
v -0.000228 0.001651 -0.004953
v -0.000228 0.003461 -0.000016
v -0.000233 -0.001651 -0.004953
v -0.000237 -0.002747 -0.008455
v -0.000237 -0.001733 -0.004947
v -0.000237 0.001733 -0.004947
v -0.000237 0.002747 -0.008455
v -0.000238 -0.001684 -0.004952
v -0.000238 0.001683 -0.004952
v -0.000240 0.001823 -0.004935
v -0.000241 -0.001824 -0.004934
v -0.000241 -0.004158 -0.001155
v -0.000241 -0.004158 -0.001155
v -0.000246 -0.001842 -0.004932
v -0.000248 -0.004147 -0.001025
v -0.000250 -0.003023 -0.000023
v -0.000250 -0.003462 -0.000021
v -0.000252 -0.001714 -0.004951
v -0.000256 -0.002080 -0.006477
v -0.000256 0.002080 -0.006477
v -0.000256 -0.001820 -0.004936
v -0.000256 0.001820 -0.004936
v -0.000256 -0.004114 -0.000862
v -0.000257 -0.002759 -0.008446
v -0.000259 0.004157 -0.001161
v -0.000260 -0.002111 -0.006481
v -0.000260 0.002111 -0.006481
v -0.000260 0.001729 -0.004951
v -0.000260 -0.001729 -0.004951
v -0.000261 0.003023 -0.000025
v -0.000262 0.003462 -0.000022
v -0.000262 -0.004061 -0.000706
v -0.000263 -0.002139 -0.006491
v -0.000263 0.002139 -0.006491
v -0.000263 0.001736 -0.004951
v -0.000264 0.001887 -0.004922
v -0.000265 0.001739 -0.004951
v -0.000266 -0.001891 -0.004921
v -0.000266 -0.001739 -0.004951
v -0.000266 -0.002165 -0.006510
v -0.000266 0.002165 -0.006510
v -0.000265 -0.003987 -0.000566
v -0.000268 -0.002179 -0.006526
v -0.000268 0.002179 -0.006526
v -0.000270 -0.002195 -0.006552
v -0.000270 0.002195 -0.006552
v -0.000271 -0.002204 -0.006581
v -0.000271 0.002204 -0.006581
v -0.000271 -0.002206 -0.006604
v -0.000271 0.002206 -0.006604
v -0.000275 0.001914 -0.004917
v -0.000275 -0.001914 -0.004917
v -0.000281 -0.001814 -0.004941
v -0.000281 0.001814 -0.004941
v -0.000282 -0.001912 -0.004918
v -0.000282 0.001912 -0.004918
v -0.000285 -0.003708 -0.001410
v -0.000285 -0.003708 -0.002400
v -0.000286 -0.002896 -0.001410
v -0.000286 -0.002896 -0.002400
v -0.000286 0.002896 -0.001410
v -0.000286 0.002896 -0.002400
v -0.000287 0.003708 -0.001410
v -0.000287 0.003708 -0.002400
v -0.000287 0.001948 -0.004910
v -0.000289 -0.002774 -0.008425
v -0.000290 0.002776 -0.008426
v -0.000290 0.001781 -0.004949
v -0.000291 0.002776 -0.008425
v -0.000292 -0.001957 -0.004908
v -0.000293 -0.001786 -0.004949
v -0.000293 -0.001787 -0.004949
v -0.000294 0.001786 -0.004949
v -0.000293 -0.003789 -0.000215
v -0.000300 -0.001781 -0.004952
v -0.000300 0.001782 -0.004952
v -0.000301 -0.004155 -0.002632
v -0.000303 0.004155 -0.002632
v -0.000306 -0.001808 -0.004948
v -0.000306 0.001808 -0.004948
v -0.000307 -0.001904 -0.004923
v -0.000307 0.001904 -0.004923
v -0.000308 -0.001813 -0.004948
v -0.000309 0.001812 -0.004948
v -0.000309 -0.001775 -0.004953
v -0.000311 0.001774 -0.004953
v -0.000315 -0.002002 -0.004895
v -0.000315 0.002001 -0.004895
v -0.000316 -0.001826 -0.004948
v -0.000316 -0.002001 -0.004895
v -0.000316 0.002001 -0.004895
v -0.000322 -0.002791 -0.008403
v -0.000324 0.002791 -0.008400
v -0.000324 -0.002019 -0.004890
v -0.000324 0.002018 -0.004890
v -0.000325 -0.002792 -0.008401
v -0.000324 -0.003796 -0.008401
v -0.000326 0.003796 -0.008401
v -0.000332 -0.001811 -0.004953
v -0.000333 -0.003464 -0.000032
v -0.000336 0.001857 -0.004946
v -0.000335 -0.003985 -0.000570
v -0.000337 0.003985 -0.000570
v -0.000340 -0.001992 -0.004901
v -0.000340 0.001992 -0.004901
v -0.000342 -0.004151 -0.001196
v -0.000344 0.004151 -0.001196
v -0.000348 -0.002195 -0.008255
v -0.000348 0.002195 -0.008255
v -0.000349 -0.002199 -0.008299
v -0.000349 0.002199 -0.008299
v -0.000350 0.001876 -0.004945
v -0.000350 0.002068 -0.004876
v -0.000351 -0.002070 -0.004876
v -0.000351 -0.001876 -0.004945
v -0.000351 -0.002216 -0.008356
v -0.000351 0.002216 -0.008356
v -0.000353 0.003794 -0.010591
v -0.000353 0.003799 -0.010636
v -0.000355 0.003814 -0.010681
v -0.000353 -0.004142 -0.001047
v -0.000355 0.004135 -0.001036
v -0.000354 -0.004139 -0.001037
v -0.000354 -0.004139 -0.001036
v -0.000355 0.001883 -0.004945
v -0.000355 -0.001883 -0.004945
v -0.000356 -0.002804 -0.008372
v -0.000356 0.002805 -0.008374
v -0.000356 -0.002247 -0.008409
v -0.000356 0.002247 -0.008409
v -0.000358 0.003843 -0.010724
v -0.000357 0.002805 -0.008373
v -0.000361 0.003880 -0.010758
v -0.000361 -0.002276 -0.008442
v -0.000361 0.002276 -0.008442
v -0.000362 0.004125 -0.000947
v -0.000365 0.003923 -0.010781
v -0.000364 -0.001983 -0.004909
v -0.000364 0.001983 -0.004909
v -0.000364 -0.004103 -0.000877
v -0.000366 0.004103 -0.000875
v -0.000364 -0.004103 -0.000875
v -0.000368 -0.002095 -0.004866
v -0.000368 0.002095 -0.004866
v -0.000368 -0.002188 -0.006604
v -0.000368 0.002188 -0.006604
v -0.000369 0.003969 -0.010793
v -0.000369 -0.002191 -0.008255
v -0.000369 0.002191 -0.008255
v -0.000369 0.001860 -0.004953
v -0.000369 -0.002329 -0.008479
v -0.000369 0.002329 -0.008479
v -0.000369 -0.004086 -0.000802
v -0.000372 0.003996 -0.010795
v -0.000373 0.003789 -0.000229
v -0.000371 -0.003792 -0.010591
v -0.000372 -0.003797 -0.010636
v -0.000372 -0.004050 -0.000722
v -0.000373 -0.004049 -0.000719
v -0.000375 0.004053 -0.000717
v -0.000373 -0.003812 -0.010681
v -0.000376 0.004050 -0.000706
v -0.000376 -0.003841 -0.010724
v -0.000378 -0.002384 -0.008501
v -0.000378 0.002384 -0.008501
v -0.000380 -0.002813 -0.008350
v -0.000379 -0.003983 -0.000573
v -0.000381 0.003983 -0.000573
v -0.000380 -0.003878 -0.010758
v -0.000381 -0.003789 -0.000233
v -0.000383 0.003789 -0.000232
v -0.000383 -0.002088 -0.004871
v -0.000383 0.002088 -0.004871
v -0.000384 -0.003921 -0.010781
v -0.000388 -0.001976 -0.004921
v -0.000388 0.001976 -0.004921
v -0.000388 -0.002446 -0.008509
v -0.000388 0.002446 -0.008509
v -0.000389 -0.003967 -0.010793
v -0.000393 0.004147 -0.001226
v -0.000391 -0.003994 -0.010795
v -0.000393 -0.004147 -0.001223
v -0.000393 -0.004147 -0.002587
v -0.000393 -0.003924 -0.001223
v -0.000393 -0.003924 -0.002587
v -0.000395 0.003924 -0.001223
v -0.000395 0.003924 -0.002587
v -0.000395 0.004147 -0.002587
v -0.000395 0.003466 -0.000044
v -0.000400 -0.002896 -0.000175
v -0.000400 0.002896 -0.000175
v -0.000403 -0.001951 -0.004941
v -0.000404 0.001951 -0.004941
v -0.000403 -0.003708 -0.001500
v -0.000403 -0.003708 -0.002309
v -0.000404 -0.002896 -0.001500
v -0.000404 -0.002896 -0.002309
v -0.000404 0.002896 -0.001500
v -0.000404 0.002896 -0.002309
v -0.000405 0.003708 -0.001500
v -0.000405 0.003708 -0.002309
v -0.000405 -0.002898 -0.000153
v -0.000407 -0.002077 -0.004879
v -0.000407 0.002077 -0.004879
v -0.000407 0.002900 -0.000144
v -0.000408 -0.002819 -0.008317
v -0.000409 0.002820 -0.008317
v -0.000410 -0.001970 -0.004936
v -0.000410 0.001970 -0.004936
v -0.000411 -0.002907 -0.000125
v -0.000412 0.002820 -0.008314
v -0.000412 -0.002819 -0.008312
v -0.000413 0.002820 -0.008313
v -0.000413 0.001964 -0.004940
v -0.000413 0.002910 -0.000117
v -0.000412 -0.003788 -0.008313
v -0.000414 0.003788 -0.008313
v -0.000413 -0.003789 -0.000240
v -0.000415 0.003789 -0.000239
v -0.000415 -0.001968 -0.004940
v -0.000416 -0.001970 -0.004940
v -0.000416 0.001968 -0.004940
v -0.000416 -0.001970 -0.004940
v -0.000417 -0.002922 -0.000099
v -0.000419 0.002929 -0.000091
v -0.000421 -0.002937 -0.000084
v -0.000422 0.002945 -0.000077
v -0.000422 -0.003764 -0.000201
v -0.000424 0.003764 -0.000201
v -0.000425 -0.002963 -0.000066
v -0.000426 -0.002180 -0.004835
v -0.000426 0.002180 -0.004835
v -0.000426 0.002971 -0.000062
v -0.000427 -0.002822 -0.008294
v -0.000427 -0.002991 -0.000055
v -0.000428 0.003000 -0.000053
v -0.000428 -0.003023 -0.000051
v -0.000428 0.003023 -0.000051
v -0.000430 -0.002068 -0.004890
v -0.000430 0.002068 -0.004890
v -0.000431 -0.003732 -0.000165
v -0.000433 0.003732 -0.000165
v -0.000432 -0.002177 -0.004836
v -0.000432 0.002177 -0.004837
v -0.000436 0.001996 -0.004938
v -0.000438 -0.002173 -0.004838
v -0.000439 -0.003694 -0.000133
v -0.000441 0.003694 -0.000133
v -0.000442 -0.002566 -0.008509
v -0.000442 0.002566 -0.008509
v -0.000443 0.002171 -0.004840
v -0.000444 0.002004 -0.004937
v -0.000444 -0.002003 -0.004937
v -0.000445 0.002002 -0.004940
v -0.000446 -0.002002 -0.004939
v -0.000446 -0.003653 -0.000106
v -0.000448 0.003653 -0.000106
v -0.000450 -0.002609 -0.008505
v -0.000450 0.002609 -0.008505
v -0.000451 -0.001997 -0.004945
v -0.000451 0.001997 -0.004945
v -0.000452 0.002166 -0.004844
v -0.000452 -0.002061 -0.004905
v -0.000452 0.002061 -0.004905
v -0.000452 -0.002167 -0.004845
v -0.000453 -0.002821 -0.008255
v -0.000453 0.002821 -0.008255
v -0.000452 -0.003608 -0.000085
v -0.000454 0.003608 -0.000085
v -0.000453 0.002015 -0.004936
v -0.000453 -0.002015 -0.004936
v -0.000455 -0.002165 -0.004846
v -0.000455 0.002165 -0.004846
v -0.000455 -0.004141 -0.001203
v -0.000457 -0.001992 -0.004949
v -0.000457 0.001992 -0.004949
v -0.000458 -0.003560 -0.000070
v -0.000458 0.003560 -0.000070
v -0.000460 -0.002666 -0.008487
v -0.000460 0.002666 -0.008487
v -0.000462 -0.003512 -0.000062
v -0.000462 0.003512 -0.000062
v -0.000464 -0.001985 -0.004952
v -0.000464 0.003468 -0.000062
v -0.000464 0.001986 -0.004952
v -0.000464 -0.003468 -0.000061
v -0.000469 -0.002718 -0.008456
v -0.000469 0.002718 -0.008456
v -0.000473 0.004139 -0.002535
v -0.000473 0.004139 -0.001274
v -0.000471 -0.003789 -0.000251
v -0.000472 -0.002056 -0.004922
v -0.000472 0.002056 -0.004922
v -0.000473 -0.001977 -0.004953
v -0.000474 0.001977 -0.004953
v -0.000474 -0.002750 -0.008426
v -0.000474 0.002750 -0.008426
v -0.000477 -0.003780 -0.008205
v -0.000478 -0.002817 -0.008205
v -0.000478 0.002817 -0.008205
v -0.000479 0.003780 -0.008205
v -0.000478 0.002154 -0.004856
v -0.000478 -0.004138 -0.001280
v -0.000478 -0.004138 -0.002529
v -0.000479 -0.004137 -0.001205
v -0.000480 -0.002153 -0.004857
v -0.000481 -0.002787 -0.008373
v -0.000481 0.002787 -0.008373
v -0.000483 0.002152 -0.004859
v -0.000484 -0.002808 -0.008317
v -0.000484 0.002808 -0.008317
v -0.000485 0.002052 -0.004933
v -0.000485 -0.002052 -0.004933
v -0.000486 -0.002816 -0.008255
v -0.000486 0.002816 -0.008255
v -0.000486 0.002054 -0.004933
v -0.000486 -0.002054 -0.004933
v -0.000494 -0.003708 -0.001619
v -0.000494 -0.003708 -0.002190
v -0.000495 -0.002896 -0.001619
v -0.000495 -0.002896 -0.002190
v -0.000495 0.002896 -0.001619
v -0.000495 0.002896 -0.002190
v -0.000496 0.003708 -0.001619
v -0.000496 0.003708 -0.002190
v -0.000495 -0.004127 -0.001058
v -0.000499 -0.002146 -0.004872
v -0.000499 0.002146 -0.004871
v -0.000502 -0.003470 -0.000070
v -0.000504 0.002075 -0.004931
v -0.000504 -0.002076 -0.004931
v -0.000507 0.002143 -0.004878
v -0.000508 -0.002033 -0.006477
v -0.000508 0.002033 -0.006477
v -0.000508 -0.002143 -0.004878
v -0.000510 -0.004096 -0.000897
v -0.000513 -0.003775 -0.008086
v -0.000514 -0.002811 -0.008086
v -0.000514 0.002811 -0.008086
v -0.000515 0.003775 -0.008086
v -0.000515 0.002298 -0.004786
v -0.000515 -0.002064 -0.006481
v -0.000515 0.002064 -0.006481
v -0.000516 0.002089 -0.004930
v -0.000516 -0.002090 -0.004930
v -0.000517 0.002088 -0.004933
v -0.000517 -0.002089 -0.004933
v -0.000518 -0.002301 -0.004785
v -0.000517 -0.003770 -0.010591
v -0.000519 0.003770 -0.010591
v -0.000518 -0.003775 -0.008023
v -0.000520 0.003775 -0.008023
v -0.000519 0.002139 -0.004887
v -0.000519 -0.002139 -0.004887
v -0.000520 -0.002139 -0.004888
v -0.000520 0.002138 -0.004888
v -0.000520 -0.003774 -0.006604
v -0.000520 -0.003774 -0.008001
v -0.000521 -0.002810 -0.006604
v -0.000521 -0.002810 -0.008001
v -0.000521 0.002810 -0.006604
v -0.000521 0.002810 -0.008001
v -0.000522 0.003774 -0.006604
v -0.000522 0.003774 -0.008001
v -0.000521 0.002810 -0.006592
v -0.000521 0.002084 -0.004940
v -0.000522 0.003773 -0.006590
v -0.000522 -0.002085 -0.004940
v -0.000522 -0.002091 -0.006491
v -0.000522 0.002091 -0.006491
v -0.000521 -0.003773 -0.006585
v -0.000523 -0.002811 -0.006583
v -0.000522 -0.004043 -0.000741
v -0.000522 -0.003772 -0.006582
v -0.000523 -0.002811 -0.006582
v -0.000524 0.003772 -0.006582
v -0.000523 0.002812 -0.006582
v -0.000526 0.003769 -0.006572
v -0.000526 0.003769 -0.006571
v -0.000524 -0.003769 -0.006572
v -0.000525 0.002813 -0.006572
v -0.000526 -0.002813 -0.006572
v -0.000527 0.002079 -0.004945
v -0.000527 0.002814 -0.006566
v -0.000526 -0.003767 -0.006564
v -0.000527 -0.002079 -0.004945
v -0.000528 -0.002117 -0.006510
v -0.000528 0.002117 -0.006510
v -0.000529 -0.002816 -0.006558
v -0.000530 -0.003971 -0.000596
v -0.000533 0.003761 -0.006552
v -0.000532 -0.002130 -0.006526
v -0.000532 0.002130 -0.006526
v -0.000531 -0.003761 -0.006553
v -0.000532 -0.002819 -0.006553
v -0.000532 0.002136 -0.004902
v -0.000533 0.002819 -0.006553
v -0.000534 0.003760 -0.006550
v -0.000533 -0.002317 -0.004778
v -0.000533 0.002073 -0.004949
v -0.000533 0.002317 -0.004778
v -0.000533 -0.002136 -0.004903
v -0.000533 -0.002074 -0.004949
v -0.000534 -0.002111 -0.004928
v -0.000536 -0.002146 -0.006552
v -0.000536 0.002146 -0.006552
v -0.000535 -0.003757 -0.006544
v -0.000537 0.003756 -0.006544
v -0.000536 0.002822 -0.006544
v -0.000537 -0.002822 -0.006545
v -0.000536 -0.003756 -0.006542
v -0.000537 -0.002135 -0.004907
v -0.000537 0.002135 -0.004907
v -0.000537 0.002823 -0.006541
v -0.000538 -0.002154 -0.006581
v -0.000538 0.002154 -0.006581
v -0.000538 -0.002156 -0.006604
v -0.000538 0.002156 -0.006604
v -0.000539 0.002067 -0.004952
v -0.000540 -0.002067 -0.004952
v -0.000542 -0.002057 -0.004953
v -0.000542 -0.002827 -0.006533
v -0.000543 -0.004128 -0.001212
v -0.000543 -0.004128 -0.010718
v -0.000545 0.004128 -0.010718
v -0.000545 0.004129 -0.001211
v -0.000543 -0.004130 -0.001336
v -0.000543 -0.004130 -0.002473
v -0.000545 0.004130 -0.002473
v -0.000545 0.004130 -0.001335
v -0.000546 -0.002061 -0.004953
v -0.000547 0.003745 -0.006527
v -0.000547 0.002059 -0.004953
v -0.000549 0.003743 -0.006526
v -0.000547 -0.003742 -0.006526
v -0.000548 0.002832 -0.006526
v -0.000548 -0.002832 -0.006526
v -0.000550 0.002305 -0.004785
v -0.000550 -0.002304 -0.004785
v -0.000553 0.003789 -0.000273
v -0.000551 -0.003708 -0.001757
v -0.000551 -0.003708 -0.002053
v -0.000552 -0.002896 -0.001757
v -0.000552 -0.002896 -0.002053
v -0.000552 0.002896 -0.001757
v -0.000552 0.002896 -0.002053
v -0.000553 0.003708 -0.001757
v -0.000553 0.003708 -0.002053
v -0.000553 -0.002132 -0.004926
v -0.000553 0.002132 -0.004926
v -0.000553 -0.003736 -0.006518
v -0.000554 0.002837 -0.006518
v -0.000553 -0.003735 -0.006518
v -0.000554 0.002131 -0.004929
v -0.000554 0.002837 -0.006518
v -0.000554 -0.002131 -0.004929
v -0.000555 -0.002838 -0.006518
v -0.000556 0.003734 -0.006518
v -0.000557 0.004128 -0.001349
v -0.000556 -0.002129 -0.004933
v -0.000556 0.002129 -0.004933
v -0.000556 -0.004128 -0.001348
v -0.000556 -0.004128 -0.002461
v -0.000556 -0.003924 -0.001348
v -0.000556 -0.003924 -0.002461
v -0.000558 0.003924 -0.001348
v -0.000558 0.003924 -0.002461
v -0.000558 0.004128 -0.002461
v -0.000557 -0.002128 -0.004935
v -0.000557 0.002128 -0.004935
v -0.000562 -0.002844 -0.006510
v -0.000562 0.002142 -0.004925
v -0.000563 -0.002122 -0.004942
v -0.000563 0.002122 -0.004942
v -0.000564 0.004127 -0.001213
v -0.000565 0.002120 -0.004944
v -0.000565 -0.002145 -0.004925
v -0.000565 -0.002120 -0.004944
v -0.000566 -0.002119 -0.004945
v -0.000566 0.002119 -0.004945
v -0.000569 -0.002116 -0.004948
v -0.000569 0.002116 -0.004948
v -0.000571 0.003718 -0.006503
v -0.000571 0.003717 -0.006503
v -0.000570 0.002850 -0.006504
v -0.000570 0.002850 -0.006504
v -0.000569 -0.003717 -0.006504
v -0.000570 -0.002851 -0.006504
v -0.000569 -0.003717 -0.006504
v -0.000570 -0.002851 -0.006504
v -0.000570 -0.004049 -0.010795
v -0.000572 0.004049 -0.010795
v -0.000570 -0.003708 -0.001905
v -0.000571 -0.002896 -0.001905
v -0.000571 0.002896 -0.001905
v -0.000572 0.003708 -0.001905
v -0.000572 -0.004063 -0.010793
v -0.000574 0.004063 -0.010793
v -0.000574 0.003473 -0.000090
v -0.000575 0.002854 -0.006499
v -0.000574 -0.004080 -0.010788
v -0.000576 0.004080 -0.010788
v -0.000576 -0.002147 -0.008255
v -0.000576 0.002147 -0.008255
v -0.000576 0.002288 -0.004799
v -0.000576 -0.002287 -0.004799
v -0.000577 -0.002108 -0.004951
v -0.000577 0.002108 -0.004951
v -0.000577 -0.002150 -0.008299
v -0.000577 0.002150 -0.008299
v -0.000577 -0.004095 -0.010779
v -0.000579 0.004095 -0.010779
v -0.000578 0.002107 -0.004952
v -0.000578 -0.002107 -0.004952
v -0.000577 -0.003707 -0.006497
v -0.000578 -0.002107 -0.004952
v -0.000579 0.002107 -0.004952
v -0.000578 -0.004105 -0.010770
v -0.000580 0.004105 -0.010770
v -0.000579 -0.004116 -0.010754
v -0.000581 0.004116 -0.010754
v -0.000582 0.004117 -0.001073
v -0.000580 -0.004122 -0.010737
v -0.000582 0.004122 -0.010737
v -0.000581 -0.002167 -0.008356
v -0.000581 0.002167 -0.008356
v -0.000581 -0.004125 -0.010718
v -0.000583 0.004125 -0.010718
v -0.000584 0.004125 -0.001214
v -0.000585 -0.002101 -0.004953
v -0.000585 0.002101 -0.004953
v -0.000590 -0.002197 -0.008409
v -0.000590 0.002197 -0.008409
v -0.000592 -0.002868 -0.006490
v -0.000593 -0.003966 -0.000605
v -0.000596 0.003966 -0.000605
v -0.000596 -0.002872 -0.006488
v -0.000598 0.003686 -0.006489
v -0.000597 0.002872 -0.006489
v -0.000596 -0.003686 -0.006489
v -0.000597 -0.002872 -0.006488
v -0.000598 0.003685 -0.006488
v -0.000597 0.002872 -0.006488
v -0.000597 -0.002226 -0.008442
v -0.000597 0.002226 -0.008442
v -0.000596 -0.003685 -0.006489
v -0.000600 0.004085 -0.000911
v -0.000601 -0.003023 -0.000103
v -0.000602 0.002273 -0.004819
v -0.000602 -0.002273 -0.004819
v -0.000602 -0.003474 -0.000101
v -0.000606 0.003676 -0.006484
v -0.000608 0.002881 -0.006483
v -0.000609 0.002398 -0.004745
v -0.000609 -0.002397 -0.004745
v -0.000611 -0.002278 -0.008479
v -0.000611 0.002278 -0.008479
v -0.000613 0.003023 -0.000107
v -0.000614 0.004033 -0.000755
v -0.000613 0.003474 -0.000105
v -0.000614 -0.002195 -0.004920
v -0.000614 0.002404 -0.004742
v -0.000615 0.002197 -0.004920
v -0.000620 -0.002409 -0.004740
v -0.000619 -0.003658 -0.006480
v -0.000620 -0.003657 -0.006479
v -0.000622 0.003657 -0.006481
v -0.000622 0.002386 -0.004750
v -0.000622 -0.002386 -0.004750
v -0.000624 0.003963 -0.000611
v -0.000624 0.003789 -0.000297
v -0.000622 -0.003789 -0.000296
v -0.000623 -0.004119 -0.002384
v -0.000625 0.004119 -0.002384
v -0.000624 -0.003653 -0.006479
v -0.000624 -0.004118 -0.001425
v -0.000626 0.004118 -0.001426
v -0.000626 0.003652 -0.006481
v -0.000625 0.002895 -0.006480
v -0.000625 -0.002895 -0.006479
v -0.000624 -0.004117 -0.001219
v -0.000625 0.002263 -0.004843
v -0.000624 -0.003682 -0.006488
v -0.000626 0.003682 -0.006488
v -0.000625 -0.002331 -0.008501
v -0.000625 0.002331 -0.008501
v -0.000626 -0.002262 -0.004844
v -0.000625 -0.003651 -0.006479
v -0.000627 -0.002896 -0.006479
v -0.000628 0.003650 -0.006480
v -0.000627 0.002896 -0.006480
v -0.000629 -0.003708 -0.006503
v -0.000631 0.003708 -0.006503
v -0.000631 -0.002900 -0.006478
v -0.000631 -0.003723 -0.006518
v -0.000633 0.003723 -0.006518
v -0.000635 -0.003764 -0.000261
v -0.000635 -0.003742 -0.006544
v -0.000637 0.003742 -0.006544
v -0.000637 0.003764 -0.000261
v -0.000636 -0.003752 -0.006572
v -0.000638 0.003752 -0.006572
v -0.000637 -0.003756 -0.006604
v -0.000639 0.003756 -0.006604
v -0.000641 0.002224 -0.004917
v -0.000642 -0.002392 -0.008509
v -0.000642 0.002392 -0.008509
v -0.000643 -0.002896 -0.000248
v -0.000643 0.002896 -0.000248
v -0.000643 -0.004109 -0.001088
v -0.000645 -0.002228 -0.004917
v -0.000644 -0.003789 -0.000303
v -0.000646 0.002367 -0.004765
v -0.000646 -0.002367 -0.004765
v -0.000646 0.002256 -0.004872
v -0.000647 -0.002256 -0.004873
v -0.000647 -0.003626 -0.006477
v -0.000648 -0.002913 -0.006477
v -0.000648 0.002913 -0.006477
v -0.000649 0.003626 -0.006477
v -0.000647 -0.003733 -0.000227
v -0.000649 0.003733 -0.000227
v -0.000651 -0.002898 -0.000227
v -0.000654 0.002900 -0.000219
v -0.000658 -0.003697 -0.000198
v -0.000660 0.003697 -0.000198
v -0.000661 -0.002907 -0.000200
v -0.000662 -0.004078 -0.000927
v -0.000663 0.002254 -0.004903
v -0.000664 -0.002254 -0.004904
v -0.000664 0.002910 -0.000193
v -0.000668 -0.003477 -0.000122
v -0.000668 -0.003656 -0.000173
v -0.000670 0.003656 -0.000173
v -0.000669 0.002253 -0.004915
v -0.000669 -0.002253 -0.004915
v -0.000670 0.002350 -0.004785
v -0.000670 -0.002350 -0.004785
v -0.000669 -0.003957 -0.000622
v -0.000672 0.003957 -0.000622
v -0.000671 -0.002922 -0.000175
v -0.000674 0.002929 -0.000168
v -0.000676 -0.002937 -0.000161
v -0.000677 -0.002514 -0.008509
v -0.000677 0.002514 -0.008509
v -0.000677 -0.003612 -0.000153
v -0.000679 0.003612 -0.000153
v -0.000679 0.002945 -0.000154
v -0.000678 -0.004026 -0.000771
v -0.000682 0.002266 -0.004914
v -0.000681 -0.004109 -0.001511
v -0.000681 -0.004109 -0.002298
v -0.000681 -0.003924 -0.001511
v -0.000681 -0.003924 -0.002298
v -0.000683 0.003924 -0.001511
v -0.000683 0.003924 -0.002298
v -0.000683 0.004109 -0.001511
v -0.000683 0.004109 -0.002298
v -0.000683 0.002265 -0.004920
v -0.000683 -0.002267 -0.004913
v -0.000683 -0.002963 -0.000143
v -0.000683 -0.002266 -0.004920
v -0.000684 0.002971 -0.000140
v -0.000684 -0.003566 -0.000140
v -0.000684 0.003566 -0.000140
v -0.000686 0.002262 -0.004929
v -0.000686 -0.001980 -0.006477
v -0.000686 0.001980 -0.006477
v -0.000687 -0.002991 -0.000133
v -0.000687 -0.002262 -0.004929
v -0.000686 -0.004109 -0.001225
v -0.000687 0.003000 -0.000131
v -0.000688 -0.003023 -0.000129
v -0.000688 0.003023 -0.000129
v -0.000689 -0.002557 -0.008505
v -0.000689 0.002557 -0.008505
v -0.000689 -0.003520 -0.000133
v -0.000689 0.003520 -0.000133
v -0.000689 -0.003955 -0.000626
v -0.000690 0.002257 -0.004938
v -0.000691 -0.002258 -0.004938
v -0.000692 0.003478 -0.000133
v -0.000692 -0.003478 -0.000132
v -0.000692 0.002471 -0.004714
v -0.000693 -0.002471 -0.004715
v -0.000693 -0.002337 -0.004810
v -0.000695 0.002280 -0.004912
v -0.000696 0.002251 -0.004944
v -0.000696 -0.002010 -0.006481
v -0.000696 0.002010 -0.006481
v -0.000697 -0.002252 -0.004944
v -0.000701 0.002462 -0.004718
v -0.000701 -0.002462 -0.004719
v -0.000702 -0.002768 -0.008255
v -0.000702 0.002768 -0.008255
v -0.000702 -0.002769 -0.006604
v -0.000702 0.002769 -0.006604
v -0.000702 0.002244 -0.004949
v -0.000703 -0.002245 -0.004949
v -0.000704 -0.002612 -0.008487
v -0.000704 0.002612 -0.008487
v -0.000705 -0.002290 -0.004911
v -0.000706 -0.002036 -0.006491
v -0.000706 0.002036 -0.006491
v -0.000709 0.002238 -0.004952
v -0.000710 -0.002238 -0.004952
v -0.000712 0.003743 -0.010591
v -0.000713 0.003748 -0.010636
v -0.000714 -0.002061 -0.006510
v -0.000714 0.002061 -0.006510
v -0.000716 0.003763 -0.010681
v -0.000715 -0.002231 -0.004953
v -0.000715 0.002231 -0.004953
v -0.000716 -0.002299 -0.004910
v -0.000716 -0.002232 -0.004953
v -0.000717 0.002300 -0.004910
v -0.000717 -0.002663 -0.008456
v -0.000717 0.002663 -0.008456
v -0.000719 0.004101 -0.001230
v -0.000719 -0.002075 -0.006526
v -0.000719 0.002075 -0.006526
v -0.000721 0.003792 -0.010724
v -0.000723 0.002441 -0.004733
v -0.000723 0.002497 -0.004703
v -0.000723 -0.002441 -0.004733
v -0.000724 -0.002090 -0.006552
v -0.000724 0.002090 -0.006552
v -0.000726 0.003788 -0.000332
v -0.000725 0.002307 -0.004910
v -0.000726 -0.002695 -0.008426
v -0.000726 0.002695 -0.008426
v -0.000727 -0.002098 -0.006581
v -0.000727 0.002098 -0.006581
v -0.000728 0.003828 -0.010758
v -0.000728 0.004102 -0.002206
v -0.000726 -0.004102 -0.002206
v -0.000729 0.004102 -0.001604
v -0.000727 -0.004102 -0.001604
v -0.000728 -0.002100 -0.006604
v -0.000728 -0.002100 -0.008255
v -0.000728 0.002100 -0.006604
v -0.000728 0.002100 -0.008255
v -0.000728 -0.002311 -0.004909
v -0.000729 -0.002104 -0.008297
v -0.000729 -0.002104 -0.008299
v -0.000729 0.002104 -0.008299
v -0.000729 0.002104 -0.008299
v -0.000730 -0.003739 -0.010591
v -0.000731 -0.003744 -0.010636
v -0.000733 -0.002505 -0.004700
v -0.000733 0.002115 -0.008339
v -0.000733 -0.002116 -0.008341
v -0.000735 -0.002120 -0.008356
v -0.000735 0.002120 -0.008356
v -0.000734 -0.003760 -0.010681
v -0.000736 0.003871 -0.010781
v -0.000735 -0.002731 -0.008373
v -0.000735 0.002731 -0.008373
v -0.000736 -0.002761 -0.006604
v -0.000736 0.002761 -0.006604
v -0.000737 -0.002765 -0.006572
v -0.000737 0.002765 -0.006572
v -0.000739 0.004094 -0.001110
v -0.000740 -0.002775 -0.006544
v -0.000740 0.002775 -0.006544
v -0.000740 -0.002136 -0.008384
v -0.000740 0.002136 -0.008386
v -0.000740 -0.003788 -0.010724
v -0.000741 -0.002752 -0.008317
v -0.000741 0.002752 -0.008317
v -0.000743 -0.002759 -0.008255
v -0.000743 0.002759 -0.008255
v -0.000745 0.003916 -0.010793
v -0.000744 -0.001965 -0.006477
v -0.000744 0.001965 -0.006477
v -0.000745 -0.002794 -0.006518
v -0.000745 0.002794 -0.006518
v -0.000745 -0.002150 -0.008409
v -0.000745 0.002150 -0.008409
v -0.000745 0.002422 -0.004753
v -0.000746 0.002152 -0.008412
v -0.000746 -0.002422 -0.004753
v -0.000747 -0.003824 -0.010758
v -0.000748 0.003481 -0.000153
v -0.000747 -0.003788 -0.000344
v -0.000749 -0.002809 -0.006503
v -0.000749 0.002809 -0.006503
v -0.000750 0.003788 -0.000343
v -0.000750 0.003943 -0.010795
v -0.000750 -0.001996 -0.006481
v -0.000750 0.001996 -0.006481
v -0.000751 -0.002166 -0.008428
v -0.000751 0.002102 -0.008319
v -0.000752 -0.002171 -0.008434
v -0.000754 -0.002166 -0.008430
v -0.000754 -0.002023 -0.006491
v -0.000754 0.002023 -0.006491
v -0.000755 -0.002178 -0.008442
v -0.000755 0.002178 -0.008442
v -0.000755 -0.002834 -0.006488
v -0.000755 0.002834 -0.006488
v -0.000755 -0.003867 -0.010781
v -0.000757 0.002094 -0.008255
v -0.000758 0.002139 -0.008401
v -0.000759 -0.002050 -0.006510
v -0.000759 0.002050 -0.006510
v -0.000761 0.004063 -0.000948
v -0.000760 -0.004096 -0.001701
v -0.000760 -0.004096 -0.002108
v -0.000760 -0.003924 -0.001701
v -0.000760 -0.003924 -0.002108
v -0.000762 0.003924 -0.001701
v -0.000762 0.003924 -0.002108
v -0.000762 0.004096 -0.001701
v -0.000762 0.004096 -0.002108
v -0.000761 0.002197 -0.008456
v -0.000762 -0.002064 -0.006526
v -0.000762 0.002064 -0.006526
v -0.000763 0.002201 -0.008459
v -0.000763 -0.002862 -0.006479
v -0.000763 0.002862 -0.006479
v -0.000764 -0.002079 -0.006552
v -0.000764 0.002079 -0.006552
v -0.000764 -0.003912 -0.010793
v -0.000765 0.002199 -0.008458
v -0.000766 -0.002088 -0.006581
v -0.000766 0.002088 -0.006581
v -0.000766 0.002407 -0.004778
v -0.000766 -0.002090 -0.006604
v -0.000766 0.002090 -0.006604
v -0.000767 -0.002212 -0.008468
v -0.000767 -0.002407 -0.004779
v -0.000768 -0.002133 -0.008395
v -0.000769 -0.002884 -0.006477
v -0.000769 0.002884 -0.006477
v -0.000769 -0.003939 -0.010795
v -0.000772 -0.002228 -0.008479
v -0.000772 0.002228 -0.008479
v -0.000776 0.003601 -0.006477
v -0.000779 0.004011 -0.000792
v -0.000779 -0.002108 -0.008352
v -0.000779 -0.002249 -0.008488
v -0.000780 0.002250 -0.008488
v -0.000780 -0.004092 -0.001802
v -0.000782 0.004092 -0.001802
v -0.000780 -0.004092 -0.002007
v -0.000782 0.004092 -0.002007
v -0.000782 -0.002538 -0.004687
v -0.000782 0.002538 -0.004687
v -0.000785 0.002089 -0.008282
v -0.000785 0.002396 -0.004807
v -0.000785 -0.002092 -0.008305
v -0.000785 -0.002396 -0.004808
v -0.000787 0.002532 -0.004689
v -0.000787 -0.002532 -0.004689
v -0.000786 -0.004091 -0.001905
v -0.000786 -0.003924 -0.001905
v -0.000788 0.003924 -0.001905
v -0.000788 0.004091 -0.001905
v -0.000787 -0.002272 -0.008497
v -0.000788 -0.002087 -0.008255
v -0.000788 -0.002087 -0.008255
v -0.000788 0.002087 -0.008255
v -0.000788 -0.002089 -0.006604
v -0.000788 0.002089 -0.006604
v -0.000790 -0.002281 -0.008501
v -0.000790 0.002281 -0.008501
v -0.000792 0.003943 -0.000648
v -0.000791 -0.002299 -0.004953
v -0.000792 -0.002218 -0.008477
v -0.000796 0.002296 -0.008503
v -0.000799 0.002109 -0.008360
v -0.000800 0.002391 -0.004838
v -0.000801 -0.002390 -0.004839
v -0.000804 0.003941 -0.000650
v -0.000804 0.002228 -0.008482
v -0.000804 0.002160 -0.008434
v -0.000807 0.002509 -0.004704
v -0.000807 -0.002508 -0.004704
v -0.000809 0.002088 -0.008255
v -0.000811 -0.002175 -0.008447
v -0.000811 -0.002339 -0.008509
v -0.000811 -0.002340 -0.008509
v -0.000811 0.002340 -0.008509
v -0.000810 -0.003788 -0.000369
v -0.000812 0.002389 -0.004870
v -0.000812 -0.002339 -0.008508
v -0.000813 -0.002389 -0.004871
v -0.000820 -0.002392 -0.004902
v -0.000820 0.002392 -0.004902
v -0.000820 -0.002393 -0.004902
v -0.000820 0.002393 -0.004902
v -0.000821 -0.002392 -0.004911
v -0.000821 0.002392 -0.004911
v -0.000821 -0.002392 -0.004913
v -0.000821 0.002391 -0.004912
v -0.000821 0.002391 -0.004915
v -0.000820 -0.003939 -0.000655
v -0.000822 -0.002390 -0.004920
v -0.000822 0.002389 -0.004920
v -0.000823 -0.002389 -0.004924
v -0.000823 0.002388 -0.004923
v -0.000825 0.003788 -0.000377
v -0.000824 0.002387 -0.004927
v -0.000825 -0.002086 -0.006604
v -0.000825 0.002086 -0.006604
v -0.000824 -0.003788 -0.000376
v -0.000825 -0.002084 -0.006581
v -0.000825 0.002084 -0.006581
v -0.000825 -0.002075 -0.006552
v -0.000825 0.002075 -0.006552
v -0.000825 -0.002386 -0.004929
v -0.000826 -0.002138 -0.008409
v -0.000826 -0.002060 -0.006526
v -0.000826 0.002060 -0.006526
v -0.000827 -0.002045 -0.006510
v -0.000827 0.002045 -0.006510
v -0.000827 0.002488 -0.004724
v -0.000827 -0.002487 -0.004725
v -0.000828 -0.002383 -0.004935
v -0.000828 -0.002019 -0.006491
v -0.000828 0.002019 -0.006491
v -0.000830 0.004082 -0.001243
v -0.000829 0.002381 -0.004938
v -0.000829 0.002381 -0.004938
v -0.000830 -0.003486 -0.000189
v -0.000830 -0.001991 -0.006481
v -0.000830 0.001991 -0.006481
v -0.000832 -0.001960 -0.006477
v -0.000832 0.001960 -0.006477
v -0.000832 -0.002290 -0.008503
v -0.000833 0.002096 -0.008322
v -0.000833 -0.002290 -0.008503
v -0.000834 0.002376 -0.004943
v -0.000834 -0.002376 -0.004943
v -0.000835 -0.002375 -0.004944
v -0.000836 0.002373 -0.004946
v -0.000837 -0.002111 -0.008362
v -0.000839 0.002267 -0.008496
v -0.000839 -0.003764 -0.000344
v -0.000841 0.003764 -0.000344
v -0.000840 0.002368 -0.004949
v -0.000840 0.002368 -0.004949
v -0.000841 -0.002367 -0.004949
v -0.000841 0.002579 -0.004670
v -0.000844 0.002363 -0.004951
v -0.000845 -0.002094 -0.008310
v -0.000846 0.002471 -0.004749
v -0.000846 0.002360 -0.004951
v -0.000847 -0.002470 -0.004750
v -0.000847 -0.002360 -0.004952
v -0.000847 -0.002089 -0.008255
v -0.000847 0.002089 -0.008255
v -0.000848 0.002131 -0.008395
v -0.000848 0.002359 -0.004952
v -0.000848 -0.002358 -0.004952
v -0.000848 0.002194 -0.008459
v -0.000849 -0.002584 -0.004668
v -0.000850 -0.002091 -0.006604
v -0.000850 0.002091 -0.006604
v -0.000850 -0.002089 -0.008255
v -0.000850 0.002089 -0.008255
v -0.000852 -0.002353 -0.004953
v -0.000852 0.002353 -0.004953
v -0.000853 -0.002240 -0.008484
v -0.000854 -0.002240 -0.008484
v -0.000855 -0.003734 -0.000313
v -0.000857 0.003734 -0.000313
v -0.000863 0.002458 -0.004778
v -0.000864 -0.002458 -0.004779
v -0.000865 -0.002456 -0.008509
v -0.000865 0.002456 -0.008509
v -0.000866 0.002314 -0.008501
v -0.000869 -0.003699 -0.000286
v -0.000871 0.003699 -0.000286
v -0.000870 0.002312 -0.008499
v -0.000870 -0.002312 -0.008500
v -0.000871 0.002094 -0.008274
v -0.000872 -0.002195 -0.008454
v -0.000872 -0.002598 -0.004662
v -0.000872 0.002598 -0.004662
v -0.000874 0.004072 -0.001250
v -0.000873 -0.002196 -0.008454
v -0.000875 -0.002896 -0.000353
v -0.000875 0.002896 -0.000353
v -0.000875 0.002593 -0.004664
v -0.000876 0.002593 -0.004664
v -0.000876 -0.002593 -0.004665
v -0.000876 -0.002310 -0.008498
v -0.000878 0.002450 -0.004810
v -0.000879 0.002495 -0.008505
v -0.000880 -0.002497 -0.008505
v -0.000880 0.002497 -0.008505
v -0.000881 0.002118 -0.008356
v -0.000882 -0.002503 -0.008503
v -0.000881 -0.003660 -0.000264
v -0.000883 0.003660 -0.000264
v -0.000882 -0.002096 -0.006604
v -0.000882 0.002096 -0.006604
v -0.000883 -0.002094 -0.006581
v -0.000883 0.002094 -0.006581
v -0.000884 -0.002602 -0.004660
v -0.000884 0.002602 -0.004660
v -0.000884 0.002099 -0.008255
v -0.000885 -0.002086 -0.006552
v -0.000885 0.002086 -0.006552
v -0.000886 -0.002898 -0.000333
v -0.000886 0.002239 -0.008475
v -0.000887 0.002577 -0.004674
v -0.000887 -0.002577 -0.004674
v -0.000888 -0.002158 -0.008414
v -0.000889 -0.002158 -0.008414
v -0.000890 0.002900 -0.000325
v -0.000890 -0.002071 -0.006526
v -0.000890 0.002071 -0.006526
v -0.000891 0.003788 -0.000407
v -0.000891 -0.002529 -0.008494
v -0.000892 0.004065 -0.001154
v -0.000892 -0.003573 -0.006477
v -0.000893 0.002535 -0.008493
v -0.000892 -0.003618 -0.000247
v -0.000894 0.003618 -0.000247
v -0.000893 0.002167 -0.008421
v -0.000894 0.002568 -0.004680
v -0.000894 -0.002057 -0.006510
v -0.000894 0.002057 -0.006510
v -0.000894 -0.002568 -0.004680
v -0.000895 -0.002607 -0.004658
v -0.000895 0.002607 -0.004658
v -0.000895 -0.002301 -0.008489
v -0.000895 -0.002441 -0.008504
v -0.000897 0.002441 -0.008506
v -0.000898 -0.002582 -0.004670
v -0.000898 0.002582 -0.004670
v -0.000899 -0.002561 -0.004684
v -0.000899 -0.002552 -0.008487
v -0.000899 0.002552 -0.008487
v -0.000899 -0.002907 -0.000308
v -0.000900 -0.002129 -0.008365
v -0.000900 -0.002511 -0.008500
v -0.000901 0.002559 -0.004686
v -0.000901 -0.003573 -0.000235
v -0.000901 0.003573 -0.000235
v -0.000901 -0.002130 -0.008365
v -0.000901 -0.002031 -0.006491
v -0.000901 0.002031 -0.006491
v -0.000903 0.002910 -0.000301
v -0.000904 -0.002555 -0.004690
v -0.000904 0.002555 -0.004690
v -0.000904 0.002455 -0.004902
v -0.000904 -0.002456 -0.004902
v -0.000904 0.002454 -0.004912
v -0.000905 -0.002455 -0.004913
v -0.000907 0.002451 -0.004924
v -0.000907 0.002574 -0.008473
v -0.000907 -0.003529 -0.000229
v -0.000907 0.003529 -0.000229
v -0.000907 -0.002112 -0.008311
v -0.000907 -0.002451 -0.004924
v -0.000908 -0.002589 -0.004669
v -0.000908 0.002589 -0.004669
v -0.000908 -0.002579 -0.008470
v -0.000908 -0.002112 -0.008311
v -0.000909 -0.003490 -0.000230
v -0.000909 -0.002005 -0.006481
v -0.000909 0.002005 -0.006481
v -0.000909 -0.002108 -0.006604
v -0.000909 0.002108 -0.006604
v -0.000910 -0.002106 -0.008255
v -0.000910 -0.002267 -0.008477
v -0.000910 -0.002586 -0.004670
v -0.000910 0.002586 -0.004670
v -0.000910 0.003490 -0.000228
v -0.000910 -0.002106 -0.008255
v -0.000910 0.002106 -0.008255
v -0.000911 0.002445 -0.004935
v -0.000911 -0.002107 -0.008255
v -0.000911 -0.002445 -0.004935
v -0.000912 0.002546 -0.004700
v -0.000912 -0.002922 -0.000284
v -0.000912 -0.002545 -0.004701
v -0.000912 -0.004064 -0.001255
v -0.000913 -0.002593 -0.008462
v -0.000914 0.002485 -0.008502
v -0.000914 -0.002561 -0.004686
v -0.000914 0.002561 -0.004686
v -0.000915 0.002929 -0.000277
v -0.000916 0.002114 -0.008306
v -0.000916 0.002438 -0.004943
v -0.000916 0.003491 -0.000231
v -0.000916 -0.002602 -0.008456
v -0.000916 0.002602 -0.008456
v -0.000916 -0.002438 -0.004943
v -0.000916 0.002291 -0.008480
v -0.000917 0.002602 -0.008455
v -0.000917 -0.002575 -0.004677
v -0.000917 0.002575 -0.004677
v -0.000918 -0.001974 -0.006477
v -0.000918 0.001974 -0.006477
v -0.000919 0.004035 -0.000993
v -0.000919 -0.002937 -0.000271
v -0.000919 0.002537 -0.004710
v -0.000919 -0.002536 -0.004710
v -0.000920 -0.002584 -0.008467
v -0.000921 0.002615 -0.008443
v -0.000922 0.002575 -0.008472
v -0.000922 0.002429 -0.004949
v -0.000922 0.002531 -0.008490
v -0.000922 0.002945 -0.000265
v -0.000923 -0.002429 -0.004949
v -0.000923 -0.002568 -0.004685
v -0.000923 0.002568 -0.004685
v -0.000923 -0.002532 -0.004715
v -0.000924 0.002428 -0.008498
v -0.000924 -0.002428 -0.008500
v -0.000925 -0.002454 -0.008501
v -0.000925 0.002530 -0.004718
v -0.000925 -0.002565 -0.004687
v -0.000925 0.002565 -0.004687
v -0.000925 0.002287 -0.008474
v -0.000926 0.002153 -0.008383
v -0.000926 -0.002286 -0.008475
v -0.000927 -0.002632 -0.008426
v -0.000927 0.002632 -0.008426
v -0.000928 -0.002963 -0.000254
v -0.000928 -0.002224 -0.008448
v -0.000928 -0.002471 -0.004863
v -0.000928 0.002471 -0.004863
v -0.000928 0.002419 -0.004952
v -0.000929 -0.002637 -0.008419
v -0.000929 0.002526 -0.004725
v -0.000929 -0.002526 -0.004726
v -0.000929 -0.002419 -0.004952
v -0.000929 -0.002542 -0.004707
v -0.000929 0.002542 -0.004707
v -0.000930 0.002971 -0.000251
v -0.000932 -0.002646 -0.008406
v -0.000932 0.002413 -0.004953
v -0.000932 -0.004057 -0.001168
v -0.000933 -0.002414 -0.004953
v -0.000933 -0.002991 -0.000245
v -0.000933 0.002213 -0.008438
v -0.000934 -0.002283 -0.008468
v -0.000934 0.003000 -0.000243
v -0.000934 -0.002522 -0.004735
v -0.000934 0.002521 -0.004735
v -0.000934 -0.003492 -0.000243
v -0.000934 0.002653 -0.008396
v -0.000935 -0.003023 -0.000241
v -0.000935 0.003023 -0.000241
v -0.000936 -0.002423 -0.008495
v -0.000936 -0.002119 -0.006604
v -0.000936 0.002119 -0.006604
v -0.000937 -0.002117 -0.006581
v -0.000937 0.002117 -0.006581
v -0.000939 0.002666 -0.008375
v -0.000939 -0.002666 -0.008375
v -0.000939 -0.002548 -0.004705
v -0.000939 0.002548 -0.004705
v -0.000939 -0.002668 -0.008373
v -0.000939 0.002668 -0.008373
v -0.000941 0.003985 -0.000836
v -0.000941 -0.002545 -0.004708
v -0.000941 0.002545 -0.004708
v -0.000942 -0.002110 -0.006552
v -0.000942 0.002110 -0.006552
v -0.000942 0.002124 -0.008255
v -0.000943 -0.002188 -0.008409
v -0.000944 0.002512 -0.004752
v -0.000944 -0.002526 -0.004731
v -0.000944 0.002526 -0.004731
v -0.000945 0.003493 -0.000248
v -0.000945 -0.002682 -0.008333
v -0.000945 -0.002511 -0.004754
v -0.000945 0.003023 -0.000247
v -0.000945 0.002683 -0.008331
v -0.000945 -0.002511 -0.004755
v -0.000946 0.002127 -0.008255
v -0.000945 -0.003978 -0.010795
v -0.000947 0.003978 -0.010795
v -0.000947 -0.002688 -0.008317
v -0.000947 0.002688 -0.008317
v -0.000947 0.002510 -0.004762
v -0.000948 -0.002509 -0.004761
v -0.000948 -0.002691 -0.008293
v -0.000948 0.002691 -0.008289
v -0.000948 0.002654 -0.008389
v -0.000949 -0.002695 -0.006604
v -0.000949 -0.002695 -0.008255
v -0.000949 0.002695 -0.006604
v -0.000949 0.002695 -0.008255
v -0.000948 -0.003991 -0.010793
v -0.000950 0.003991 -0.010793
v -0.000949 -0.002096 -0.006526
v -0.000949 0.002096 -0.006526
v -0.000949 -0.002532 -0.008482
v -0.000950 0.002416 -0.008491
v -0.000950 -0.002697 -0.006581
v -0.000950 0.002698 -0.006581
v -0.000951 0.002699 -0.006572
v -0.000951 -0.002700 -0.006572
v -0.000953 -0.002706 -0.006552
v -0.000953 0.002706 -0.006552
v -0.000952 -0.004008 -0.010788
v -0.000954 0.004008 -0.010788
v -0.000953 -0.002533 -0.004729
v -0.000953 0.002533 -0.004729
v -0.000954 0.002709 -0.006544
v -0.000954 -0.002710 -0.006545
v -0.000954 -0.002655 -0.008383
v -0.000955 -0.002532 -0.004732
v -0.000955 0.002532 -0.004732
v -0.000955 -0.002160 -0.008362
v -0.000956 0.003917 -0.000693
v -0.000956 -0.002083 -0.006510
v -0.000956 0.002083 -0.006510
v -0.000957 0.002504 -0.004786
v -0.000956 -0.004024 -0.010779
v -0.000958 0.004024 -0.010779
v -0.000957 -0.002503 -0.004787
v -0.000957 -0.002515 -0.004758
v -0.000957 0.002515 -0.004758
v -0.000958 0.002147 -0.008330
v -0.000958 -0.002720 -0.006526
v -0.000958 0.002721 -0.006526
v -0.000959 -0.002502 -0.004791
v -0.000959 0.002502 -0.004791
v -0.000958 -0.004033 -0.010770
v -0.000960 0.004033 -0.010770
v -0.000960 0.002727 -0.006518
v -0.000960 -0.002727 -0.006518
v -0.000960 -0.004027 -0.001008
v -0.000961 -0.002601 -0.008439
v -0.000961 -0.004044 -0.010754
v -0.000963 0.004044 -0.010754
v -0.000962 -0.002143 -0.008310
v -0.000962 0.002500 -0.004800
v -0.000963 -0.002500 -0.004801
v -0.000963 -0.002138 -0.006604
v -0.000963 0.002138 -0.006604
v -0.000963 -0.002734 -0.006510
v -0.000963 0.002734 -0.006510
v -0.000963 -0.002523 -0.004747
v -0.000963 0.002523 -0.004747
v -0.000962 -0.004050 -0.010737
v -0.000964 0.004050 -0.010737
v -0.000964 -0.002137 -0.008255
v -0.000964 0.002137 -0.008255
v -0.000963 -0.004053 -0.010718
v -0.000965 0.004053 -0.010718
v -0.000964 -0.003553 -0.006477
v -0.000964 0.003553 -0.006477
v -0.000965 -0.002138 -0.008255
v -0.000965 0.002268 -0.008443
v -0.000965 0.002199 -0.008399
v -0.000966 0.002742 -0.006503
v -0.000966 -0.002742 -0.006504
v -0.000967 0.002500 -0.004818
v -0.000967 -0.002521 -0.004756
v -0.000967 0.002521 -0.004756
v -0.000967 -0.002500 -0.004819
v -0.000967 0.002500 -0.004820
v -0.000967 -0.002500 -0.004820
v -0.000968 -0.002521 -0.004758
v -0.000968 0.002521 -0.004758
v -0.000968 0.002681 -0.008312
v -0.000968 0.002616 -0.008423
v -0.000968 0.002467 -0.008486
v -0.000969 -0.002507 -0.004788
v -0.000969 0.002507 -0.004788
v -0.000968 -0.003788 -0.000449
v -0.000970 -0.002060 -0.006491
v -0.000970 0.002060 -0.006491
v -0.000970 -0.002633 -0.004642
v -0.000971 -0.003576 -0.006479
v -0.000971 0.003576 -0.006479
v -0.000972 -0.002759 -0.006491
v -0.000972 0.002759 -0.006492
v -0.000973 -0.002265 -0.008435
v -0.000973 0.002264 -0.008434
v -0.000974 -0.002264 -0.008434
v -0.000974 -0.002405 -0.008477
v -0.000974 -0.002474 -0.008483
v -0.000974 0.002766 -0.006488
v -0.000974 -0.002767 -0.006488
v -0.000974 -0.002500 -0.004850
v -0.000974 0.002500 -0.004850
v -0.000975 0.002634 -0.004641
v -0.000975 -0.002259 -0.008431
v -0.000977 -0.002665 -0.008344
v -0.000978 -0.002504 -0.004817
v -0.000978 0.002504 -0.004817
v -0.000978 -0.002262 -0.008428
v -0.000978 0.002570 -0.008451
v -0.000978 -0.002514 -0.004785
v -0.000978 0.002514 -0.004785
v -0.000977 -0.003604 -0.006488
v -0.000979 0.003604 -0.006488
v -0.000978 0.002520 -0.008473
v -0.000978 -0.003495 -0.000265
v -0.000979 -0.002513 -0.004787
v -0.000979 0.002513 -0.004787
v -0.000979 0.002402 -0.008473
v -0.000980 -0.002402 -0.008475
v -0.000981 0.002152 -0.008275
v -0.000981 -0.002785 -0.006481
v -0.000981 0.002785 -0.006481
v -0.000982 -0.002511 -0.004795
v -0.000982 0.002511 -0.004795
v -0.000983 -0.002680 -0.006604
v -0.000983 0.002680 -0.006604
v -0.000983 -0.002036 -0.006481
v -0.000983 0.002036 -0.006481
v -0.000983 -0.002154 -0.006604
v -0.000983 0.002154 -0.006604
v -0.000983 -0.003978 -0.000853
v -0.000984 0.002794 -0.006479
v -0.000984 -0.002794 -0.006479
v -0.000984 0.002505 -0.004847
v -0.000984 -0.002682 -0.006581
v -0.000984 -0.002505 -0.004847
v -0.000984 0.002682 -0.006581
v -0.000984 -0.002614 -0.004657
v -0.000985 -0.002152 -0.006581
v -0.000985 0.002152 -0.006581
v -0.000985 0.002158 -0.008255
v -0.000984 -0.003630 -0.006503
v -0.000986 0.003630 -0.006503
v -0.000987 -0.002511 -0.004815
v -0.000987 0.002511 -0.004815
v -0.000987 -0.002511 -0.004817
v -0.000987 0.002511 -0.004817
v -0.000988 0.002676 -0.008255
v -0.000988 -0.002690 -0.006552
v -0.000988 0.002690 -0.006552
v -0.000989 0.002616 -0.004657
v -0.000988 -0.003645 -0.006518
v -0.000990 0.003645 -0.006518
v -0.000989 -0.002226 -0.008395
v -0.000991 -0.002146 -0.006552
v -0.000991 0.002146 -0.006552
v -0.000991 -0.002815 -0.006477
v -0.000991 0.002815 -0.006477
v -0.000991 -0.002671 -0.008301
v -0.000993 -0.002413 -0.008470
v -0.000994 -0.002551 -0.008452
v -0.000994 -0.002511 -0.004844
v -0.000994 -0.002511 -0.004902
v -0.000994 0.002511 -0.004844
v -0.000994 0.002511 -0.004902
v -0.000993 -0.003663 -0.006544
v -0.000995 0.003663 -0.006544
v -0.000994 0.002510 -0.004912
v -0.000994 -0.002510 -0.004913
v -0.000994 0.002510 -0.004913
v -0.000995 0.002190 -0.008346
v -0.000996 -0.002704 -0.006526
v -0.000996 0.002704 -0.006526
v -0.000996 -0.002395 -0.008461
v -0.000996 -0.002616 -0.008402
v -0.000996 0.002507 -0.004924
v -0.000996 -0.002673 -0.008255
v -0.000996 -0.002506 -0.004924
v -0.000996 0.002506 -0.004924
v -0.000996 -0.003673 -0.006572
v -0.000997 0.002253 -0.008404
v -0.000998 0.003673 -0.006572
v -0.000997 0.002649 -0.008352
v -0.000997 -0.003677 -0.006604
v -0.000999 0.003677 -0.006604
v -0.000999 0.002393 -0.008461
v -0.000999 -0.002009 -0.006477
v -0.000999 0.002009 -0.006477
v -0.001000 -0.002594 -0.004675
v -0.001000 -0.002201 -0.008352
v -0.001000 0.002500 -0.004935
v -0.001000 -0.002500 -0.004935
v -0.000999 -0.003909 -0.000707
v -0.001002 -0.002134 -0.006526
v -0.001002 0.002134 -0.006526
v -0.001002 -0.002717 -0.006510
v -0.001002 0.002717 -0.006510
v -0.001002 -0.002667 -0.006604
v -0.001002 0.002667 -0.006604
v -0.001003 -0.002668 -0.008255
v -0.001002 -0.003909 -0.000708
v -0.001003 0.002669 -0.008255
v -0.001005 0.003909 -0.000707
v -0.001004 0.002596 -0.004675
v -0.001004 0.002492 -0.004943
v -0.001004 -0.002492 -0.004943
v -0.001004 0.002492 -0.004943
v -0.001004 0.002667 -0.008273
v -0.001006 -0.002185 -0.008305
v -0.001007 -0.002181 -0.006604
v -0.001007 0.002181 -0.006604
v -0.001008 -0.002180 -0.008255
v -0.001008 0.002180 -0.008255
v -0.001008 -0.002180 -0.008255
v -0.001009 0.002248 -0.008381
v -0.001009 0.002483 -0.004949
v -0.001010 -0.002483 -0.004949
v -0.001010 -0.002247 -0.008382
v -0.001011 -0.002123 -0.006510
v -0.001011 0.002123 -0.006510
v -0.001012 0.003908 -0.000709
v -0.001013 0.002190 -0.008288
v -0.001015 -0.002577 -0.004697
v -0.001015 -0.002740 -0.006491
v -0.001015 0.002740 -0.006491
v -0.001015 0.003541 -0.006477
v -0.001015 0.002473 -0.004952
v -0.001015 -0.002472 -0.004952
v -0.001015 0.002472 -0.004952
v -0.001015 -0.003788 -0.000479
v -0.001017 0.003788 -0.000479
v -0.001017 0.002194 -0.008255
v -0.001018 0.002608 -0.008388
v -0.001019 -0.002466 -0.004953
v -0.001019 0.002466 -0.004953
v -0.001019 0.002656 -0.008255
v -0.001019 -0.002493 -0.008453
v -0.001019 0.002448 -0.008456
v -0.001019 0.002579 -0.004697
v -0.001021 -0.002198 -0.006604
v -0.001021 0.002198 -0.006604
v -0.001022 -0.002627 -0.008357
v -0.001023 -0.002197 -0.006581
v -0.001023 0.002197 -0.006581
v -0.001024 0.002241 -0.008351
v -0.001026 -0.002240 -0.008340
v -0.001027 0.002380 -0.008433
v -0.001026 -0.003666 -0.010591
v -0.001026 -0.003667 -0.006604
v -0.001028 0.003667 -0.006604
v -0.001029 0.003667 -0.010591
v -0.001028 -0.002765 -0.006481
v -0.001028 -0.002380 -0.008434
v -0.001028 0.002765 -0.006481
v -0.001029 -0.002563 -0.004722
v -0.001029 0.002559 -0.008419
v -0.001029 0.002505 -0.008442
v -0.001029 -0.002104 -0.006491
v -0.001029 0.002104 -0.006491
v -0.001030 -0.002192 -0.006552
v -0.001030 0.002192 -0.006552
v -0.001031 -0.002566 -0.008412
v -0.001031 -0.002648 -0.006604
v -0.001031 0.002648 -0.006604
v -0.001032 0.002237 -0.008320
v -0.001033 -0.002649 -0.006581
v -0.001033 0.002649 -0.006581
v -0.001033 0.002565 -0.004722
v -0.001033 -0.002236 -0.008320
v -0.001034 0.002635 -0.008314
v -0.001034 -0.003765 -0.000450
v -0.001036 0.003765 -0.000450
v -0.001035 -0.002431 -0.008441
v -0.001036 0.002376 -0.008425
v -0.001036 -0.002235 -0.008297
v -0.001038 -0.002634 -0.008307
v -0.001038 -0.002375 -0.008419
v -0.001038 -0.002375 -0.008419
v -0.001038 -0.002656 -0.006552
v -0.001038 0.002656 -0.006552
v -0.001038 0.002234 -0.008293
v -0.001041 -0.002233 -0.006604
v -0.001041 -0.002233 -0.008255
v -0.001041 0.002233 -0.006604
v -0.001041 0.002233 -0.008255
v -0.001041 -0.002554 -0.004750
v -0.001042 -0.002793 -0.006477
v -0.001042 0.002793 -0.006477
v -0.001043 -0.002232 -0.006581
v -0.001043 0.002232 -0.006581
v -0.001044 -0.002636 -0.008255
v -0.001044 -0.002183 -0.006526
v -0.001044 0.002183 -0.006526
v -0.001044 0.002231 -0.006575
v -0.001046 0.002556 -0.004750
v -0.001046 -0.002230 -0.006571
v -0.001047 0.003788 -0.000496
v -0.001048 -0.002083 -0.006481
v -0.001048 0.002083 -0.006481
v -0.001049 -0.002629 -0.006604
v -0.001049 0.002629 -0.006604
v -0.001049 -0.002668 -0.006526
v -0.001049 0.002668 -0.006526
v -0.001049 -0.002629 -0.008255
v -0.001048 -0.003901 -0.000721
v -0.001050 0.002630 -0.008255
v -0.001051 -0.002228 -0.006552
v -0.001051 0.002228 -0.006552
v -0.001052 -0.002548 -0.004780
v -0.001051 -0.003736 -0.000422
v -0.001053 0.003736 -0.000422
v -0.001053 0.002227 -0.006549
v -0.001055 -0.002662 -0.004625
v -0.001055 0.002661 -0.004624
v -0.001055 -0.002175 -0.006510
v -0.001055 0.002175 -0.006510
v -0.001055 0.002593 -0.008351
v -0.001056 -0.002509 -0.008413
v -0.001056 0.002432 -0.008420
v -0.001056 0.002551 -0.004779
v -0.001057 -0.002225 -0.006541
v -0.001058 -0.002679 -0.006510
v -0.001058 0.002679 -0.006510
v -0.001059 -0.002578 -0.008364
v -0.001060 0.002616 -0.008255
v -0.001060 -0.002548 -0.004809
v -0.001063 0.002363 -0.008381
v -0.001065 0.003659 -0.010591
v -0.001064 -0.002363 -0.008382
v -0.001064 -0.002547 -0.004823
v -0.001065 0.002550 -0.004809
v -0.001066 0.003663 -0.010636
v -0.001065 -0.002221 -0.006526
v -0.001065 0.002221 -0.006526
v -0.001066 0.002221 -0.006525
v -0.001066 0.002543 -0.008382
v -0.001067 -0.002362 -0.008375
v -0.001067 0.002489 -0.008405
v -0.001068 0.002608 -0.008265
v -0.001068 -0.002645 -0.004642
v -0.001068 0.002645 -0.004642
v -0.001069 0.002550 -0.004822
v -0.001068 -0.003702 -0.000399
v -0.001070 0.003702 -0.000399
v -0.001070 0.003678 -0.010681
v -0.001069 0.002360 -0.008371
v -0.001070 -0.002060 -0.006477
v -0.001070 0.002060 -0.006477
v -0.001070 -0.002445 -0.008404
v -0.001070 -0.002605 -0.006604
v -0.001070 0.002605 -0.006604
v -0.001071 -0.002388 -0.008387
v -0.001072 0.002600 -0.008255
v -0.001072 -0.002606 -0.006581
v -0.001072 0.002606 -0.006581
v -0.001074 0.004025 -0.001282
v -0.001075 -0.002217 -0.006514
v -0.001075 -0.002699 -0.006491
v -0.001075 0.002699 -0.006491
v -0.001076 0.003501 -0.000324
v -0.001076 -0.002635 -0.004651
v -0.001076 0.002635 -0.004651
v -0.001076 -0.002585 -0.008311
v -0.001076 -0.004020 -0.010718
v -0.001078 0.004020 -0.010718
v -0.001078 0.003706 -0.010724
v -0.001077 -0.002160 -0.006491
v -0.001077 0.002160 -0.006491
v -0.001077 -0.004022 -0.001283
v -0.001079 0.004024 -0.001283
v -0.001078 -0.002215 -0.006510
v -0.001078 0.002215 -0.006510
v -0.001079 -0.002611 -0.006552
v -0.001079 0.002611 -0.006552
v -0.001082 -0.002588 -0.008255
v -0.001082 -0.002354 -0.008333
v -0.001082 -0.003664 -0.000379
v -0.001084 0.003664 -0.000379
v -0.001082 -0.003653 -0.010591
v -0.001083 -0.002626 -0.004661
v -0.001083 0.002626 -0.004661
v -0.001085 0.003788 -0.000522
v -0.001083 -0.003788 -0.000522
v -0.001084 -0.002580 -0.006604
v -0.001084 0.002580 -0.006604
v -0.001084 -0.002521 -0.008365
v -0.001084 -0.003657 -0.010636
v -0.001085 0.002212 -0.006505
v -0.001085 -0.002581 -0.008255
v -0.001086 0.002581 -0.008255
v -0.001087 0.002352 -0.008320
v -0.001087 -0.002352 -0.008320
v -0.001089 0.003742 -0.010758
v -0.001088 0.002568 -0.008300
v -0.001088 0.002351 -0.008315
v -0.001089 0.002413 -0.008366
v -0.001088 -0.003673 -0.010681
v -0.001090 -0.002896 -0.000488
v -0.001090 0.002896 -0.000488
v -0.001090 -0.002350 -0.008293
v -0.001091 -0.002618 -0.004672
v -0.001091 0.002618 -0.004672
v -0.001092 -0.002620 -0.006526
v -0.001092 0.002620 -0.006526
v -0.001094 -0.002720 -0.006481
v -0.001094 0.002720 -0.006481
v -0.001095 -0.002398 -0.008346
v -0.001095 -0.002348 -0.006604
v -0.001095 -0.002348 -0.008255
v -0.001095 0.002348 -0.006604
v -0.001095 0.002348 -0.008255
v -0.001094 -0.003624 -0.000364
v -0.001096 0.003624 -0.000364
v -0.001097 -0.002456 -0.008358
v -0.001097 -0.002347 -0.006581
v -0.001097 0.002347 -0.006581
v -0.001096 -0.003700 -0.010724
v -0.001098 -0.002611 -0.004685
v -0.001098 0.002611 -0.004685
v -0.001098 0.002347 -0.006575
v -0.001099 0.002520 -0.008330
v -0.001099 -0.002206 -0.006494
v -0.001099 0.002468 -0.008352
v -0.001099 -0.002554 -0.006604
v -0.001099 0.002554 -0.006604
v -0.001100 -0.002346 -0.006571
v -0.001101 0.003784 -0.010781
v -0.001101 -0.002145 -0.006481
v -0.001101 0.002145 -0.006481
v -0.001101 -0.002555 -0.006581
v -0.001101 0.002555 -0.006581
v -0.001102 -0.002528 -0.008311
v -0.001102 -0.002204 -0.006491
v -0.001102 0.002204 -0.006491
v -0.001103 0.002539 -0.008255
v -0.001104 -0.002898 -0.000470
v -0.001104 -0.002629 -0.006510
v -0.001104 0.002629 -0.006510
v -0.001104 -0.003581 -0.000354
v -0.001104 0.003581 -0.000354
v -0.001105 -0.002344 -0.006552
v -0.001105 0.002344 -0.006552
v -0.001105 -0.002604 -0.004697
v -0.001105 0.002604 -0.004697
v -0.001105 0.002678 -0.004613
v -0.001106 0.002533 -0.008255
v -0.001106 0.002399 -0.008311
v -0.001106 0.002202 -0.006490
v -0.001107 0.002343 -0.006549
v -0.001107 -0.002525 -0.006604
v -0.001107 0.002525 -0.006604
v -0.001108 -0.002530 -0.008255
v -0.001107 -0.003736 -0.010758
v -0.001108 -0.002383 -0.006604
v -0.001108 0.002383 -0.006604
v -0.001108 0.002389 -0.008255
v -0.001108 -0.002525 -0.008255
v -0.001109 0.002900 -0.000462
v -0.001109 0.002526 -0.008255
v -0.001109 -0.002558 -0.006552
v -0.001109 0.002558 -0.006552
v -0.001109 -0.002404 -0.008302
v -0.001110 -0.002681 -0.004614
v -0.001110 -0.002382 -0.006581
v -0.001110 0.002382 -0.006581
v -0.001111 -0.003539 -0.000350
v -0.001111 0.003539 -0.000350
v -0.001111 -0.002341 -0.006541
v -0.001112 -0.002598 -0.004711
v -0.001112 0.002598 -0.004711
v -0.001112 -0.002406 -0.006604
v -0.001112 0.002406 -0.006604
v -0.001113 0.003504 -0.000351
v -0.001114 0.003828 -0.010793
v -0.001113 -0.002463 -0.008308
v -0.001113 -0.003504 -0.000349
v -0.001114 -0.002406 -0.008255
v -0.001114 0.002406 -0.008255
v -0.001114 -0.002406 -0.008255
v -0.001114 -0.002744 -0.006477
v -0.001114 0.002744 -0.006477
v -0.001115 0.002495 -0.008278
v -0.001115 0.002448 -0.008298
v -0.001115 -0.002498 -0.006604
v -0.001115 0.002498 -0.006604
v -0.001116 0.002483 -0.008255
v -0.001116 0.002433 -0.008255
v -0.001117 -0.002466 -0.006604
v -0.001117 0.002466 -0.006604
v -0.001117 -0.002499 -0.006581
v -0.001117 0.002499 -0.006581
v -0.001116 -0.003788 -0.000543
v -0.001118 -0.003504 -0.000352
v -0.001118 -0.002594 -0.004725
v -0.001118 0.002594 -0.004725
v -0.001118 -0.002440 -0.006604
v -0.001118 0.002440 -0.006604
v -0.001119 -0.002466 -0.008255
v -0.001119 -0.002466 -0.008255
v -0.001119 0.002466 -0.008255
v -0.001119 -0.002380 -0.006552
v -0.001119 0.002380 -0.006552
v -0.001119 -0.002337 -0.006526
v -0.001119 0.002337 -0.006526
v -0.001119 -0.003778 -0.010781
v -0.001120 0.002337 -0.006525
v -0.001121 0.003854 -0.010795
v -0.001120 -0.002440 -0.006581
v -0.001120 0.002440 -0.006581
v -0.001120 -0.002907 -0.000446
v -0.001124 -0.002564 -0.006526
v -0.001124 0.002564 -0.006526
v -0.001124 -0.002591 -0.004739
v -0.001124 0.002591 -0.004739
v -0.001125 0.002910 -0.000440
v -0.001125 -0.002644 -0.006491
v -0.001125 0.002644 -0.006491
v -0.001126 -0.002500 -0.006552
v -0.001126 0.002500 -0.006552
v -0.001126 -0.002193 -0.006481
v -0.001127 -0.002127 -0.006477
v -0.001127 0.002127 -0.006477
v -0.001128 -0.002192 -0.006481
v -0.001128 0.002192 -0.006481
v -0.001129 -0.002332 -0.006514
v -0.001129 -0.002440 -0.006552
v -0.001129 0.002440 -0.006552
v -0.001130 -0.002588 -0.004754
v -0.001130 0.002588 -0.004754
v -0.001130 -0.003506 -0.006477
v -0.001131 0.002191 -0.006480
v -0.001132 -0.002331 -0.006510
v -0.001132 0.002331 -0.006510
v -0.001132 -0.003822 -0.010793
v -0.001134 -0.002375 -0.006526
v -0.001134 0.002375 -0.006526
v -0.001134 -0.002587 -0.004769
v -0.001134 0.002587 -0.004769
v -0.001136 -0.002922 -0.000425
v -0.001137 -0.002570 -0.006510
v -0.001137 0.002570 -0.006510
v -0.001137 -0.004007 -0.001293
v -0.001139 0.002328 -0.006505
v -0.001141 0.002929 -0.000418
v -0.001140 -0.003848 -0.010795
v -0.001142 -0.002503 -0.006526
v -0.001142 0.002503 -0.006526
v -0.001143 -0.002588 -0.004799
v -0.001143 0.002588 -0.004799
v -0.001143 0.002589 -0.004801
v -0.001143 -0.002588 -0.004800
v -0.001145 -0.002937 -0.000412
v -0.001145 -0.002439 -0.006526
v -0.001145 0.002439 -0.006526
v -0.001147 -0.002371 -0.006510
v -0.001147 0.002371 -0.006510
v -0.001148 -0.002661 -0.006481
v -0.001148 0.002661 -0.006481
v -0.001149 0.002591 -0.004799
v -0.001149 0.002945 -0.000407
v -0.001153 -0.002321 -0.006494
v -0.001155 0.002594 -0.004797
v -0.001155 -0.002594 -0.004797
v -0.001156 -0.002505 -0.006510
v -0.001156 0.002505 -0.006510
v -0.001156 -0.002963 -0.000397
v -0.001156 -0.002179 -0.006477
v -0.001156 0.002179 -0.006477
v -0.001156 -0.002320 -0.006491
v -0.001156 0.002320 -0.006491
v -0.001158 0.002971 -0.000394
v -0.001159 -0.002438 -0.006510
v -0.001159 0.002438 -0.006510
v -0.001161 0.003999 -0.001298
v -0.001160 0.002318 -0.006490
v -0.001161 -0.002580 -0.006491
v -0.001161 0.002580 -0.006491
v -0.001162 -0.002991 -0.000388
v -0.001163 0.003000 -0.000387
v -0.001165 -0.003023 -0.000385
v -0.001165 0.003023 -0.000385
v -0.001166 -0.002599 -0.004794
v -0.001172 0.003997 -0.001256
v -0.001173 -0.002364 -0.006491
v -0.001173 0.002364 -0.006491
v -0.001173 -0.002679 -0.006477
v -0.001173 0.002679 -0.006477
v -0.001177 -0.002605 -0.004902
v -0.001177 0.002605 -0.004902
v -0.001178 -0.002604 -0.004913
v -0.001178 0.002604 -0.004913
v -0.001180 -0.002600 -0.004924
v -0.001180 0.002600 -0.004924
v -0.001180 -0.002309 -0.006481
v -0.001182 -0.002308 -0.006481
v -0.001182 0.002308 -0.006481
v -0.001182 -0.002510 -0.006491
v -0.001182 0.002510 -0.006491
v -0.001183 -0.002594 -0.004935
v -0.001183 0.002594 -0.004935
v -0.001185 0.002307 -0.006480
v -0.001186 -0.002436 -0.006491
v -0.001186 0.002436 -0.006491
v -0.001187 -0.002586 -0.004943
v -0.001187 0.002586 -0.004943
v -0.001187 -0.002591 -0.006481
v -0.001187 0.002591 -0.006481
v -0.001191 -0.002709 -0.004597
v -0.001191 -0.002576 -0.004949
v -0.001191 0.002576 -0.004949
v -0.001193 0.003789 -0.000598
v -0.001193 -0.003789 -0.000603
v -0.001196 0.003789 -0.000601
v -0.001196 -0.002565 -0.004952
v -0.001196 0.002565 -0.004952
v -0.001199 -0.002559 -0.004953
v -0.001199 0.002559 -0.004953
v -0.001200 -0.002356 -0.006481
v -0.001200 0.002356 -0.006481
v -0.001207 0.003970 -0.001096
v -0.001207 -0.002713 -0.004593
v -0.001207 0.002712 -0.004592
v -0.001207 -0.003985 -0.001307
v -0.001209 -0.002621 -0.004758
v -0.001209 0.002621 -0.004758
v -0.001209 -0.002514 -0.006481
v -0.001209 0.002514 -0.006481
v -0.001210 -0.002295 -0.006477
v -0.001210 0.002295 -0.006477
v -0.001212 -0.002299 -0.006477
v -0.001214 -0.002434 -0.006481
v -0.001214 0.002434 -0.006481
v -0.001215 -0.002621 -0.004776
v -0.001215 0.002621 -0.004776
v -0.001214 -0.003766 -0.000577
v -0.001216 0.003766 -0.000577
v -0.001216 -0.002603 -0.006477
v -0.001216 0.002603 -0.006477
v -0.001215 -0.003984 -0.001276
v -0.001220 0.003866 -0.000781
v -0.001219 0.002159 -0.004953
v -0.001219 0.002159 -0.006477
v -0.001221 -0.002696 -0.004610
v -0.001221 0.002696 -0.004610
v -0.001227 0.003513 -0.000432
v -0.001228 -0.002687 -0.004621
v -0.001228 0.002687 -0.004621
v -0.001230 -0.002347 -0.006477
v -0.001230 0.002347 -0.006477
v -0.001232 0.002060 -0.004953
v -0.001232 0.002060 -0.006477
v -0.001232 0.002258 -0.004953
v -0.001232 0.002258 -0.006477
v -0.001234 -0.003023 -0.000443
v -0.001236 0.003922 -0.000940
v -0.001235 -0.002679 -0.004632
v -0.001235 0.002679 -0.004632
v -0.001234 -0.003738 -0.000553
v -0.001236 0.003738 -0.000553
v -0.001236 -0.003514 -0.000440
v -0.001240 -0.002520 -0.006477
v -0.001240 0.002520 -0.006477
v -0.001242 -0.002672 -0.004644
v -0.001242 0.002672 -0.004644
v -0.001243 0.003023 -0.000450
v -0.001245 -0.002432 -0.006477
v -0.001245 0.002432 -0.006477
v -0.001245 0.003514 -0.000448
v -0.001249 0.003465 -0.006477
v -0.001249 -0.002666 -0.004657
v -0.001249 0.002666 -0.004657
v -0.001252 -0.003515 -0.000452
v -0.001252 -0.003957 -0.001118
v -0.001253 -0.003706 -0.000533
v -0.001255 0.003706 -0.000533
v -0.001256 0.003857 -0.000796
v -0.001256 0.002728 -0.004581
v -0.001255 -0.003789 -0.000650
v -0.001256 -0.002661 -0.004671
v -0.001256 0.002661 -0.004671
v -0.001262 -0.002657 -0.004685
v -0.001262 0.002657 -0.004685
v -0.001268 -0.002654 -0.004700
v -0.001268 0.002654 -0.004700
v -0.001268 -0.003670 -0.000516
v -0.001270 0.003670 -0.000516
v -0.001270 0.001968 -0.004953
v -0.001270 0.001968 -0.006477
v -0.001270 0.002350 -0.004953
v -0.001270 0.002350 -0.006477
v -0.001274 -0.002653 -0.004714
v -0.001274 0.002653 -0.004714
v -0.001277 -0.003852 -0.000804
v -0.001279 -0.002652 -0.004729
v -0.001279 0.002652 -0.004729
v -0.001281 -0.003631 -0.000504
v -0.001283 0.003631 -0.000504
v -0.001281 -0.003911 -0.000962
v -0.001284 -0.002653 -0.004744
v -0.001284 0.002653 -0.004744
v -0.001286 -0.002896 -0.000650
v -0.001286 0.002896 -0.000650
v -0.001287 0.002653 -0.004751
v -0.001287 -0.002653 -0.004751
v -0.001292 -0.003590 -0.000496
v -0.001293 0.003590 -0.000496
v -0.001298 -0.003549 -0.000492
v -0.001298 0.003549 -0.000492
v -0.001300 0.003519 -0.000494
v -0.001300 -0.003519 -0.000494
v -0.001302 -0.002898 -0.000634
v -0.001303 -0.003444 -0.006477
v -0.001303 0.003444 -0.006477
v -0.001303 -0.003845 -0.000815
v -0.001307 0.002662 -0.004744
v -0.001308 0.002900 -0.000627
v -0.001308 -0.002662 -0.004744
v -0.001308 -0.002659 -0.004902
v -0.001308 0.002659 -0.004902
v -0.001311 -0.003466 -0.006479
v -0.001311 0.003466 -0.006479
v -0.001312 -0.003873 -0.010795
v -0.001314 0.003873 -0.010795
v -0.001318 0.003952 -0.001328
v -0.001316 -0.003886 -0.010793
v -0.001318 0.003886 -0.010793
v -0.001318 0.002667 -0.004740
v -0.001321 -0.002907 -0.000613
v -0.001322 -0.003493 -0.006488
v -0.001322 0.003493 -0.006488
v -0.001322 -0.003902 -0.010788
v -0.001324 0.003902 -0.010788
v -0.001327 0.003790 -0.000713
v -0.001327 0.002910 -0.000607
v -0.001327 -0.003917 -0.010779
v -0.001329 0.003917 -0.010779
v -0.001331 0.001890 -0.004953
v -0.001331 0.001890 -0.006477
v -0.001331 0.002428 -0.004953
v -0.001331 0.002428 -0.006477
v -0.001331 -0.003518 -0.006503
v -0.001331 0.003518 -0.006503
v -0.001330 -0.003926 -0.010770
v -0.001332 0.003926 -0.010770
v -0.001333 -0.002673 -0.004735
v -0.001333 0.002673 -0.004735
v -0.001335 0.003837 -0.000828
v -0.001333 -0.003837 -0.000828
v -0.001334 -0.003937 -0.010754
v -0.001336 0.003937 -0.010754
v -0.001336 -0.002674 -0.004734
v -0.001336 -0.003532 -0.006518
v -0.001336 0.003532 -0.006518
v -0.001336 -0.003943 -0.010737
v -0.001338 0.003943 -0.010737
v -0.001337 -0.003945 -0.010718
v -0.001339 0.003945 -0.010718
v -0.001340 -0.002922 -0.000594
v -0.001340 -0.003943 -0.001333
v -0.001343 -0.003550 -0.006544
v -0.001343 0.003550 -0.006544
v -0.001346 0.003942 -0.001334
v -0.001345 0.002929 -0.000588
v -0.001346 0.002159 -0.005080
v -0.001346 0.002159 -0.006350
v -0.001347 -0.003560 -0.006572
v -0.001347 0.003560 -0.006572
v -0.001348 -0.003563 -0.006604
v -0.001348 0.003563 -0.006604
v -0.001350 -0.002937 -0.000583
v -0.001351 -0.003940 -0.001336
v -0.001355 0.002093 -0.005080
v -0.001355 0.002093 -0.006350
v -0.001355 0.002225 -0.005080
v -0.001355 0.002225 -0.006350
v -0.001355 0.002945 -0.000578
v -0.001358 0.003790 -0.000745
v -0.001357 -0.003790 -0.000745
v -0.001361 0.002753 -0.004553
v -0.001361 -0.003423 -0.006477
v -0.001362 -0.002752 -0.004552
v -0.001363 -0.002963 -0.000569
v -0.001366 0.002971 -0.000566
v -0.001367 0.003525 -0.000553
v -0.001371 -0.002991 -0.000561
v -0.001372 0.003000 -0.000560
v -0.001373 -0.003023 -0.000558
v -0.001373 0.003023 -0.000558
v -0.001375 0.003791 -0.000762
v -0.001374 -0.002741 -0.004574
v -0.001374 0.002741 -0.004574
v -0.001374 -0.003791 -0.000761
v -0.001380 -0.003526 -0.000564
v -0.001380 0.002032 -0.005080
v -0.001380 0.002032 -0.006350
v -0.001380 0.002286 -0.005080
v -0.001380 0.002286 -0.006350
v -0.001379 -0.003769 -0.000724
v -0.001381 0.003769 -0.000724
v -0.001381 -0.002733 -0.004585
v -0.001381 0.002733 -0.004585
v -0.001381 -0.003791 -0.000768
v -0.001388 -0.002726 -0.004598
v -0.001388 0.002726 -0.004598
v -0.001395 -0.002721 -0.004611
v -0.001395 0.002721 -0.004611
v -0.001397 -0.001524 -0.004953
v -0.001397 -0.001524 -0.006477
v -0.001402 -0.002716 -0.004624
v -0.001402 0.002716 -0.004624
v -0.001401 -0.003742 -0.000704
v -0.001403 0.003742 -0.000704
v -0.001407 0.003541 -0.010591
v -0.001408 -0.002713 -0.004639
v -0.001408 0.002713 -0.004639
v -0.001408 0.003545 -0.010636
v -0.001410 0.001829 -0.004953
v -0.001410 0.001829 -0.006477
v -0.001410 0.002489 -0.004953
v -0.001410 0.002489 -0.006477
v -0.001414 -0.001651 -0.004953
v -0.001414 -0.001651 -0.006477
v -0.001414 0.003560 -0.010681
v -0.001414 -0.002711 -0.004653
v -0.001414 0.002711 -0.004653
v -0.001415 -0.001662 -0.004953
v -0.001415 -0.001662 -0.006477
v -0.001415 -0.001386 -0.004953
v -0.001415 -0.001386 -0.006477
v -0.001420 -0.002709 -0.004668
v -0.001420 0.002709 -0.004668
v -0.001421 0.001979 -0.005080
v -0.001421 0.001979 -0.006350
v -0.001421 0.002339 -0.005080
v -0.001421 0.002339 -0.006350
v -0.001420 -0.003710 -0.000687
v -0.001422 0.003710 -0.000687
v -0.001426 0.003587 -0.010724
v -0.001426 -0.003533 -0.010591
v -0.001426 -0.002710 -0.004683
v -0.001426 0.002710 -0.004683
v -0.001427 0.003814 -0.000866
v -0.001426 0.002708 -0.004698
v -0.001426 -0.002707 -0.004698
v -0.001427 -0.003538 -0.010636
v -0.001431 0.002709 -0.004697
v -0.001431 -0.002709 -0.004696
v -0.001433 -0.003552 -0.010681
v -0.001437 -0.003676 -0.000674
v -0.001439 0.003676 -0.000674
v -0.001438 0.002771 -0.004532
v -0.001440 0.003621 -0.010758
v -0.001439 -0.002714 -0.004902
v -0.001439 0.002714 -0.004902
v -0.001440 -0.002713 -0.004913
v -0.001440 0.002713 -0.004913
v -0.001441 -0.002709 -0.004924
v -0.001441 0.002709 -0.004924
v -0.001444 -0.002702 -0.004935
v -0.001444 0.002702 -0.004935
v -0.001444 -0.002773 -0.004531
v -0.001444 -0.003579 -0.010724
v -0.001447 -0.002694 -0.004943
v -0.001447 0.002694 -0.004943
v -0.001449 0.003792 -0.000839
v -0.001451 -0.002683 -0.004949
v -0.001451 0.002683 -0.004949
v -0.001450 -0.003639 -0.000664
v -0.001452 0.003639 -0.000664
v -0.001454 -0.002673 -0.004952
v -0.001454 0.002673 -0.004952
v -0.001456 0.003662 -0.010781
v -0.001457 -0.002666 -0.004953
v -0.001457 0.002666 -0.004953
v -0.001457 -0.003614 -0.010758
v -0.001458 -0.002896 -0.000837
v -0.001458 0.002896 -0.000837
v -0.001461 0.003900 -0.001360
v -0.001460 -0.003379 -0.006477
v -0.001460 -0.002299 -0.004953
v -0.001460 -0.002299 -0.006477
v -0.001460 -0.001771 -0.004953
v -0.001460 -0.001771 -0.006477
v -0.001460 -0.001277 -0.004953
v -0.001460 -0.001277 -0.006477
v -0.001460 -0.000876 -0.004953
v -0.001460 -0.000876 -0.006477
v -0.001460 -0.000381 -0.004953
v -0.001460 -0.000381 -0.006477
v -0.001460 0.000381 -0.004953
v -0.001460 0.000381 -0.006477
v -0.001460 0.000699 -0.004953
v -0.001460 0.000699 -0.006477
v -0.001460 0.000876 -0.004953
v -0.001460 0.000876 -0.006477
v -0.001460 0.001651 -0.004953
v -0.001460 0.001651 -0.006477
v -0.001460 0.001808 -0.004953
v -0.001460 0.001808 -0.006477
v -0.001460 0.002510 -0.004953
v -0.001460 0.002510 -0.006477
v -0.001460 0.003381 -0.006477
v -0.001461 0.002667 -0.004953
v -0.001461 -0.002667 -0.004953
v -0.001460 -0.003600 -0.000658
v -0.001462 0.003600 -0.000658
v -0.001468 -0.003561 -0.000656
v -0.001468 0.003561 -0.000656
v -0.001468 -0.001791 -0.004953
v -0.001468 -0.001791 -0.006477
v -0.001468 -0.001257 -0.004953
v -0.001468 -0.001257 -0.006477
v -0.001469 0.003534 -0.000657
v -0.001469 -0.003534 -0.000657
v -0.001473 0.003705 -0.010793
v -0.001473 0.001939 -0.005080
v -0.001473 0.001939 -0.006350
v -0.001473 0.002379 -0.005080
v -0.001473 0.002379 -0.006350
v -0.001473 -0.003654 -0.010781
v -0.001476 -0.002898 -0.000823
v -0.001477 0.003374 -0.006477
v -0.001483 0.003730 -0.010795
v -0.001483 0.002900 -0.000817
v -0.001488 0.002731 -0.004674
v -0.001491 -0.003697 -0.010793
v -0.001496 0.003880 -0.001228
v -0.001496 -0.003023 -0.000691
v -0.001496 0.003537 -0.000686
v -0.001496 -0.003794 -0.000898
v -0.001498 0.003794 -0.000898
v -0.001498 -0.002907 -0.000805
v -0.001498 -0.003537 -0.000688
v -0.001499 -0.003537 -0.000688
v -0.001501 -0.003722 -0.010795
v -0.001502 0.001791 -0.004953
v -0.001502 0.001791 -0.006477
v -0.001502 0.002527 -0.004953
v -0.001502 0.002527 -0.006477
v -0.001504 0.003023 -0.000700
v -0.001504 0.002910 -0.000800
v -0.001506 0.003538 -0.000698
v -0.001508 -0.003781 -0.000889
v -0.001509 -0.003881 -0.001371
v -0.001511 0.003780 -0.000889
v -0.001516 -0.003490 -0.006604
v -0.001516 0.003490 -0.006604
v -0.001516 0.003491 -0.010591
v -0.001516 -0.003491 -0.010591
v -0.001518 -0.002741 -0.004662
v -0.001519 -0.002922 -0.000788
v -0.001518 -0.003771 -0.000882
v -0.001520 0.003771 -0.000882
v -0.001518 -0.003796 -0.000933
v -0.001520 0.003797 -0.000933
v -0.001520 -0.002742 -0.004661
v -0.001520 0.002741 -0.004661
v -0.001524 -0.001524 -0.005080
v -0.001524 -0.001524 -0.006350
v -0.001524 0.001143 -0.004953
v -0.001524 0.001143 -0.006477
v -0.001525 0.002929 -0.000783
v -0.001529 -0.002794 -0.004508
v -0.001529 0.002793 -0.004508
v -0.001531 0.003837 -0.001072
v -0.001531 -0.002937 -0.000779
v -0.001534 0.001914 -0.005080
v -0.001534 0.001914 -0.006350
v -0.001534 0.002404 -0.005080
v -0.001534 0.002404 -0.006350
v -0.001534 -0.003784 -0.000921
v -0.001536 0.002945 -0.000774
v -0.001538 0.003783 -0.000921
v -0.001537 0.001044 -0.004953
v -0.001537 0.001044 -0.006477
v -0.001537 0.001242 -0.004953
v -0.001537 0.001242 -0.006477
v -0.001538 -0.001629 -0.005080
v -0.001538 -0.001629 -0.006350
v -0.001538 -0.001419 -0.005080
v -0.001538 -0.001419 -0.006350
v -0.001540 -0.003864 -0.001253
v -0.001542 -0.002782 -0.004531
v -0.001542 0.002782 -0.004531
v -0.001541 -0.003799 -0.000969
v -0.001543 0.003799 -0.000969
v -0.001541 -0.003747 -0.000866
v -0.001543 0.003747 -0.000866
v -0.001544 0.003869 -0.001378
v -0.001546 -0.002963 -0.000767
v -0.001547 0.003799 -0.000977
v -0.001548 -0.002776 -0.004543
v -0.001548 0.002776 -0.004543
v -0.001548 0.002971 -0.000764
v -0.001553 -0.001901 -0.004953
v -0.001553 -0.001901 -0.006477
v -0.001553 -0.001147 -0.004953
v -0.001553 -0.001147 -0.006477
v -0.001554 -0.002991 -0.000760
v -0.001554 -0.002896 -0.000967
v -0.001554 0.002896 -0.000967
v -0.001555 -0.002771 -0.004556
v -0.001555 0.002771 -0.004556
v -0.001555 0.003000 -0.000759
v -0.001557 -0.003023 -0.000758
v -0.001557 0.003023 -0.000758
v -0.001558 -0.003783 -0.000957
v -0.001561 0.003782 -0.000956
v -0.001562 -0.002767 -0.004570
v -0.001562 0.002767 -0.004570
v -0.001561 -0.003715 -0.000853
v -0.001563 0.003715 -0.000853
v -0.001566 0.003777 -0.000953
v -0.001564 -0.003777 -0.000952
v -0.001566 -0.003749 -0.000899
v -0.001568 -0.002764 -0.004584
v -0.001568 0.002764 -0.004584
v -0.001569 0.003747 -0.000899
v -0.001568 -0.003704 -0.000848
v -0.001570 0.003702 -0.000848
v -0.001569 -0.003858 -0.001385
v -0.001573 -0.002898 -0.000955
v -0.001575 -0.002763 -0.004599
v -0.001575 0.002763 -0.004599
v -0.001575 -0.002806 -0.004496
v -0.001575 0.000952 -0.004953
v -0.001575 0.000952 -0.006477
v -0.001575 0.001334 -0.004953
v -0.001575 0.001334 -0.006477
v -0.001575 -0.003822 -0.001098
v -0.001577 -0.003689 -0.000842
v -0.001579 0.003689 -0.000842
v -0.001577 -0.003800 -0.001030
v -0.001578 -0.001727 -0.005080
v -0.001578 -0.001727 -0.006350
v -0.001578 -0.001321 -0.005080
v -0.001578 -0.001321 -0.006350
v -0.001580 0.003800 -0.001033
v -0.001579 -0.003682 -0.000841
v -0.001581 0.003682 -0.000841
v -0.001580 0.002900 -0.000950
v -0.001581 -0.002762 -0.004613
v -0.001581 0.002762 -0.004613
v -0.001585 -0.003800 -0.001044
v -0.001586 -0.002763 -0.004628
v -0.001586 0.002763 -0.004628
v -0.001587 -0.003324 -0.006477
v -0.001588 -0.002762 -0.004632
v -0.001588 0.002762 -0.004632
v -0.001588 -0.003754 -0.000936
v -0.001590 0.003754 -0.000936
v -0.001588 -0.003656 -0.000836
v -0.001591 0.003654 -0.000836
v -0.001591 -0.003749 -0.000934
v -0.001593 0.003749 -0.000934
v -0.001591 -0.003748 -0.000934
v -0.001593 0.003748 -0.000934
v -0.001592 -0.003646 -0.000834
v -0.001594 0.003646 -0.000834
v -0.001592 -0.003845 -0.010718
v -0.001594 0.003845 -0.010718
v -0.001595 0.003847 -0.001390
v -0.001593 -0.003848 -0.001390
v -0.001594 -0.003706 -0.000881
v -0.001596 0.003705 -0.000881
v -0.001597 -0.002907 -0.000939
v -0.001600 0.001778 -0.004953
v -0.001600 0.001778 -0.006477
v -0.001600 0.001905 -0.005080
v -0.001600 0.001905 -0.006350
v -0.001600 0.002413 -0.005080
v -0.001600 0.002413 -0.006350
v -0.001600 0.002540 -0.004953
v -0.001600 0.002540 -0.006477
v -0.001600 -0.003621 -0.000830
v -0.001602 0.003621 -0.000830
v -0.001602 -0.003609 -0.000830
v -0.001604 0.003609 -0.000830
v -0.001603 0.002910 -0.000934
v -0.001603 -0.003603 -0.000830
v -0.001605 0.003602 -0.000830
v -0.001609 -0.003571 -0.000829
v -0.001609 0.003571 -0.000829
v -0.001609 -0.003801 -0.001085
v -0.001611 0.003801 -0.001085
v -0.001612 -0.003550 -0.000829
v -0.001612 0.003550 -0.000829
v -0.001615 0.003714 -0.000920
v -0.001615 0.003800 -0.001082
v -0.001613 -0.003799 -0.001082
v -0.001613 -0.003713 -0.000920
v -0.001614 -0.003659 -0.000869
v -0.001617 0.003657 -0.000869
v -0.001616 -0.002770 -0.004620
v -0.001616 0.002770 -0.004620
v -0.001617 -0.003707 -0.000917
v -0.001619 -0.002922 -0.000924
v -0.001620 0.003705 -0.000916
v -0.001625 0.002929 -0.000919
v -0.001625 -0.003695 -0.000912
v -0.001627 0.003695 -0.000912
v -0.001629 0.003301 -0.006477
v -0.001629 -0.003302 -0.006477
v -0.001630 0.002817 -0.004480
v -0.001629 -0.003606 -0.000862
v -0.001631 0.003604 -0.000862
v -0.001632 0.003801 -0.001120
v -0.001630 -0.003801 -0.001121
v -0.001632 -0.002937 -0.000915
v -0.001633 0.003676 -0.000908
v -0.001632 -0.003675 -0.000908
v -0.001634 0.003801 -0.001124
v -0.001634 0.000876 -0.004953
v -0.001634 0.000876 -0.006477
v -0.001634 -0.003800 -0.001128
v -0.001635 -0.003552 -0.000862
v -0.001636 0.000874 -0.004953
v -0.001636 0.000874 -0.006477
v -0.001636 0.001412 -0.004953
v -0.001636 0.001412 -0.006477
v -0.001636 0.003552 -0.000863
v -0.001637 0.003829 -0.001400
v -0.001637 0.002945 -0.000911
v -0.001637 -0.003660 -0.000905
v -0.001638 -0.002896 -0.001096
v -0.001640 0.003658 -0.000905
v -0.001640 -0.003323 -0.006479
v -0.001640 0.003323 -0.006479
v -0.001642 0.003776 -0.001062
v -0.001641 -0.003776 -0.001061
v -0.001643 -0.001811 -0.005080
v -0.001643 -0.001811 -0.006350
v -0.001643 -0.001237 -0.005080
v -0.001643 -0.001237 -0.006350
v -0.001647 0.003636 -0.000901
v -0.001646 -0.003635 -0.000900
v -0.001647 -0.002963 -0.000905
v -0.001649 -0.003627 -0.000899
v -0.001651 0.003627 -0.000899
v -0.001650 0.002971 -0.000903
v -0.001651 0.001143 -0.005080
v -0.001651 0.001143 -0.006350
v -0.001651 -0.003608 -0.000898
v -0.001654 0.003606 -0.000898
v -0.001653 -0.003349 -0.006488
v -0.001653 0.003349 -0.006488
v -0.001655 0.003595 -0.000898
v -0.001653 -0.003593 -0.000898
v -0.001656 -0.002991 -0.000899
v -0.001658 0.003000 -0.000898
v -0.001659 -0.003555 -0.000896
v -0.001659 -0.003023 -0.000896
v -0.001659 0.003023 -0.000896
v -0.001659 0.003555 -0.000896
v -0.001660 0.001077 -0.005080
v -0.001660 0.001077 -0.006350
v -0.001660 0.001209 -0.005080
v -0.001660 0.001209 -0.006350
v -0.001662 0.003817 -0.001314
v -0.001664 -0.001986 -0.004953
v -0.001664 -0.001986 -0.006477
v -0.001664 -0.001062 -0.004953
v -0.001664 -0.001062 -0.006477
v -0.001664 -0.003373 -0.006503
v -0.001664 0.003373 -0.006503
v -0.001666 0.001914 -0.005080
v -0.001666 0.001914 -0.006350
v -0.001666 0.002404 -0.005080
v -0.001666 0.002404 -0.006350
v -0.001667 0.003748 -0.001043
v -0.001666 -0.003747 -0.001043
v -0.001668 -0.003733 -0.010795
v -0.001670 0.003733 -0.010795
v -0.001671 -0.003387 -0.006518
v -0.001671 0.003387 -0.006518
v -0.001673 -0.003746 -0.010793
v -0.001675 0.003746 -0.010793
v -0.001676 -0.003793 -0.001204
v -0.001678 0.003793 -0.001204
v -0.001680 -0.003403 -0.006544
v -0.001680 0.003403 -0.006544
v -0.001680 -0.003761 -0.010788
v -0.001682 0.003761 -0.010788
v -0.001683 0.002791 -0.004592
v -0.001685 0.003792 -0.001215
v -0.001684 -0.003413 -0.006572
v -0.001684 0.003413 -0.006572
v -0.001685 0.001016 -0.005080
v -0.001685 0.001016 -0.006350
v -0.001685 0.001270 -0.005080
v -0.001685 0.001270 -0.006350
v -0.001686 -0.003417 -0.006604
v -0.001686 0.003417 -0.006604
v -0.001687 -0.003776 -0.010779
v -0.001689 0.003776 -0.010779
v -0.001689 0.003714 -0.001027
v -0.001687 -0.003713 -0.001027
v -0.001689 -0.002792 -0.004589
v -0.001690 0.003788 -0.001196
v -0.001688 -0.003788 -0.001195
v -0.001691 -0.003785 -0.010770
v -0.001693 0.003785 -0.010770
v -0.001695 -0.003795 -0.010754
v -0.001697 0.003795 -0.010754
v -0.001697 -0.002896 -0.001192
v -0.001697 0.002896 -0.001192
v -0.001698 0.002826 -0.004460
v -0.001698 -0.002825 -0.004459
v -0.001698 -0.003801 -0.010737
v -0.001700 0.003801 -0.010737
v -0.001699 0.001791 -0.004953
v -0.001699 0.001791 -0.006477
v -0.001699 0.002527 -0.004953
v -0.001699 0.002527 -0.006477
v -0.001699 -0.003803 -0.010718
v -0.001701 0.003803 -0.010718
v -0.001701 0.003267 -0.006477
v -0.001710 -0.002818 -0.004484
v -0.001710 0.002818 -0.004484
v -0.001710 -0.002798 -0.004902
v -0.001710 0.002798 -0.004902
v -0.001711 -0.002797 -0.004579
v -0.001711 0.002797 -0.004579
v -0.001711 -0.002797 -0.004913
v -0.001711 0.002797 -0.004913
v -0.001712 -0.002793 -0.004924
v -0.001712 0.002793 -0.004924
v -0.001713 -0.002798 -0.004578
v -0.001713 0.002798 -0.004578
v -0.001714 -0.002786 -0.004935
v -0.001714 0.002786 -0.004935
v -0.001715 0.000813 -0.004953
v -0.001715 0.000813 -0.006477
v -0.001715 0.001473 -0.004953
v -0.001715 0.001473 -0.006477
v -0.001717 0.003765 -0.001175
v -0.001716 -0.002777 -0.004943
v -0.001716 0.002777 -0.004943
v -0.001717 0.003787 -0.001273
v -0.001715 -0.003765 -0.001175
v -0.001717 -0.002813 -0.004497
v -0.001717 0.002813 -0.004497
v -0.001718 -0.002898 -0.001180
v -0.001719 -0.002767 -0.004949
v -0.001719 0.002767 -0.004949
v -0.001719 -0.003786 -0.001280
v -0.001722 -0.002755 -0.004952
v -0.001722 0.002755 -0.004952
v -0.001723 -0.002810 -0.004510
v -0.001723 0.002810 -0.004510
v -0.001723 -0.002749 -0.004953
v -0.001723 0.002749 -0.004953
v -0.001725 0.002900 -0.001175
v -0.001725 0.000963 -0.005080
v -0.001725 0.000963 -0.006350
v -0.001725 0.001323 -0.005080
v -0.001725 0.001323 -0.006350
v -0.001727 -0.001876 -0.005080
v -0.001727 -0.001876 -0.006350
v -0.001727 -0.001172 -0.005080
v -0.001727 -0.001172 -0.006350
v -0.001727 0.001939 -0.005080
v -0.001727 0.001939 -0.006350
v -0.001727 0.002379 -0.005080
v -0.001727 0.002379 -0.006350
v -0.001728 0.002896 -0.001240
v -0.001730 -0.002807 -0.004525
v -0.001730 0.002807 -0.004525
v -0.001730 -0.003557 -0.001004
v -0.001736 -0.002806 -0.004539
v -0.001736 0.002806 -0.004539
v -0.001737 0.003391 -0.010591
v -0.001739 0.003396 -0.010636
v -0.001741 0.003738 -0.001156
v -0.001739 -0.003737 -0.001156
v -0.001742 -0.002907 -0.001165
v -0.001742 -0.002806 -0.004554
v -0.001742 0.002806 -0.004554
v -0.001746 0.003410 -0.010681
v -0.001746 -0.002805 -0.004563
v -0.001746 0.002805 -0.004563
v -0.001749 0.002910 -0.001161
v -0.001755 -0.003382 -0.010591
v -0.001756 0.003556 -0.001043
v -0.001757 -0.003386 -0.010636
v -0.001759 0.003435 -0.010724
v -0.001761 0.003705 -0.001139
v -0.001759 -0.003704 -0.001139
v -0.001764 -0.003400 -0.010681
v -0.001765 -0.002922 -0.001151
v -0.001769 0.003768 -0.001373
v -0.001770 0.003771 -0.001432
v -0.001768 -0.003768 -0.001375
v -0.001772 0.002929 -0.001147
v -0.001776 0.003669 -0.001125
v -0.001775 -0.003668 -0.001124
v -0.001776 0.003468 -0.010758
v -0.001778 -0.003426 -0.010724
v -0.001778 -0.002937 -0.001143
v -0.001778 0.000923 -0.005080
v -0.001778 0.000923 -0.006350
v -0.001778 0.001363 -0.005080
v -0.001778 0.001363 -0.006350
v -0.001780 0.001979 -0.005080
v -0.001780 0.001979 -0.006350
v -0.001780 0.002339 -0.005080
v -0.001780 0.002339 -0.006350
v -0.001784 0.002945 -0.001139
v -0.001787 0.003631 -0.001114
v -0.001785 -0.003629 -0.001113
v -0.001791 0.001829 -0.004953
v -0.001791 0.001829 -0.006477
v -0.001791 0.002489 -0.004953
v -0.001791 0.002489 -0.006477
v -0.001793 0.003591 -0.001106
v -0.001792 -0.003590 -0.001106
v -0.001792 0.003551 -0.001102
v -0.001792 -0.003551 -0.001103
v -0.001792 -0.002039 -0.004953
v -0.001792 -0.002039 -0.006477
v -0.001792 -0.001009 -0.004953
v -0.001792 -0.001009 -0.006477
v -0.001794 -0.002963 -0.001133
v -0.001795 -0.003459 -0.010758
v -0.001796 0.002840 -0.004430
v -0.001796 -0.002840 -0.004430
v -0.001796 0.003507 -0.010781
v -0.001797 0.002971 -0.001131
v -0.001799 0.002840 -0.004429
v -0.001802 -0.003755 -0.001440
v -0.001804 0.003755 -0.001440
v -0.001803 -0.002991 -0.001127
v -0.001803 -0.002841 -0.004427
v -0.001805 -0.002896 -0.001371
v -0.001805 0.003000 -0.001126
v -0.001806 0.000775 -0.004953
v -0.001806 0.000775 -0.006477
v -0.001806 0.001511 -0.004953
v -0.001806 0.001511 -0.006477
v -0.001806 -0.003023 -0.001125
v -0.001806 0.003023 -0.001125
v -0.001807 -0.003209 -0.006477
v -0.001808 -0.002835 -0.004455
v -0.001808 0.002835 -0.004455
v -0.001810 0.002820 -0.004534
v -0.001815 -0.003497 -0.010781
v -0.001817 0.003548 -0.010793
v -0.001820 0.002032 -0.005080
v -0.001820 0.002032 -0.006350
v -0.001820 0.002286 -0.005080
v -0.001820 0.002286 -0.006350
v -0.001821 -0.002829 -0.004482
v -0.001821 0.002829 -0.004482
v -0.001825 -0.003547 -0.001156
v -0.001825 -0.001917 -0.005080
v -0.001825 -0.001917 -0.006350
v -0.001825 -0.001131 -0.005080
v -0.001825 -0.001131 -0.006350
v -0.001828 0.003739 -0.001421
v -0.001827 -0.003739 -0.001421
v -0.001830 0.003738 -0.001420
v -0.001829 0.003572 -0.010795
v -0.001834 -0.002827 -0.004511
v -0.001836 -0.003538 -0.010793
v -0.001838 -0.002827 -0.004521
v -0.001839 0.000898 -0.005080
v -0.001839 0.000898 -0.006350
v -0.001839 0.001388 -0.005080
v -0.001839 0.001388 -0.006350
v -0.001840 -0.003737 -0.001500
v -0.001845 -0.003727 -0.001406
v -0.001846 0.002093 -0.005080
v -0.001846 0.002093 -0.006350
v -0.001846 0.002225 -0.005080
v -0.001846 0.002225 -0.006350
v -0.001847 0.003727 -0.001406
v -0.001848 0.003542 -0.001195
v -0.001849 -0.003562 -0.010795
v -0.001853 0.003719 -0.001400
v -0.001852 -0.003718 -0.001400
v -0.001854 0.003717 -0.001399
v -0.001854 0.002159 -0.005080
v -0.001854 0.002159 -0.006350
v -0.001870 0.001890 -0.004953
v -0.001870 0.001890 -0.006477
v -0.001870 0.002428 -0.004953
v -0.001870 0.002428 -0.006477
v -0.001871 -0.003023 -0.001240
v -0.001872 0.003023 -0.001242
v -0.001873 -0.003533 -0.001238
v -0.001875 0.003693 -0.001380
v -0.001874 -0.003692 -0.001380
v -0.001875 0.003534 -0.001240
v -0.001876 0.003692 -0.001379
v -0.001879 -0.003686 -0.001375
v -0.001881 0.003686 -0.001375
v -0.001885 0.002838 -0.004500
v -0.001887 0.002896 -0.001521
v -0.001893 0.003662 -0.001362
v -0.001891 -0.003662 -0.001361
v -0.001893 0.003661 -0.001361
v -0.001894 -0.002855 -0.004400
v -0.001894 0.002854 -0.004400
v -0.001896 -0.002840 -0.004495
v -0.001903 -0.003637 -0.001348
v -0.001905 0.003637 -0.001348
v -0.001905 0.000762 -0.004953
v -0.001905 0.000762 -0.006477
v -0.001905 0.000889 -0.005080
v -0.001905 0.000889 -0.006350
v -0.001905 0.001397 -0.005080
v -0.001905 0.001397 -0.006350
v -0.001905 0.001524 -0.004953
v -0.001905 0.001524 -0.006477
v -0.001907 0.003629 -0.001345
v -0.001906 -0.002851 -0.004426
v -0.001906 0.002851 -0.004426
v -0.001905 -0.003628 -0.001344
v -0.001907 0.003628 -0.001344
v -0.001907 -0.002842 -0.004490
v -0.001907 0.002841 -0.004490
v -0.001915 0.003593 -0.001331
v -0.001913 -0.003592 -0.001331
v -0.001915 0.003592 -0.001331
v -0.001916 -0.003580 -0.001326
v -0.001916 0.003580 -0.001326
v -0.001917 -0.003555 -0.001320
v -0.001917 0.003555 -0.001320
v -0.001917 0.003557 -0.001321
v -0.001917 -0.003521 -0.001312
v -0.001917 0.003521 -0.001312
v -0.001918 0.003144 -0.006477
v -0.001919 -0.002846 -0.004454
v -0.001919 0.002846 -0.004454
v -0.001919 -0.002896 -0.001585
v -0.001919 0.002896 -0.001585
v -0.001925 0.002846 -0.004468
v -0.001930 -0.002845 -0.004479
v -0.001930 0.002845 -0.004479
v -0.001930 0.001968 -0.004953
v -0.001930 0.001968 -0.006477
v -0.001930 0.002350 -0.004953
v -0.001930 0.002350 -0.006477
v -0.001930 -0.002057 -0.004953
v -0.001930 -0.002057 -0.006477
v -0.001930 -0.001930 -0.005080
v -0.001930 -0.001930 -0.006350
v -0.001930 -0.001118 -0.005080
v -0.001930 -0.001118 -0.006350
v -0.001930 -0.000991 -0.004953
v -0.001930 -0.000991 -0.006477
v -0.001940 -0.002898 -0.001574
v -0.001940 -0.003128 -0.006477
v -0.001941 0.003129 -0.006477
v -0.001948 0.002900 -0.001570
v -0.001953 -0.003149 -0.006479
v -0.001953 0.003149 -0.006479
v -0.001956 -0.002896 -0.001654
v -0.001966 -0.002907 -0.001560
v -0.001968 0.002060 -0.004953
v -0.001968 0.002060 -0.006477
v -0.001968 0.002258 -0.004953
v -0.001968 0.002258 -0.006477
v -0.001968 -0.003174 -0.006488
v -0.001968 0.003174 -0.006488
v -0.001971 0.000898 -0.005080
v -0.001971 0.000898 -0.006350
v -0.001971 0.001388 -0.005080
v -0.001971 0.001388 -0.006350
v -0.001973 0.002910 -0.001557
v -0.001978 -0.003252 -0.010591
v -0.001978 0.003253 -0.010591
v -0.001979 -0.003254 -0.006604
v -0.001979 0.003254 -0.006604
v -0.001981 0.002159 -0.004953
v -0.001981 0.002159 -0.006477
v -0.001982 -0.003196 -0.006503
v -0.001982 0.003196 -0.006503
v -0.001988 -0.002856 -0.004902
v -0.001988 0.002856 -0.004902
v -0.001988 -0.002855 -0.004913
v -0.001988 0.002855 -0.004913
v -0.001989 -0.002851 -0.004924
v -0.001989 0.002851 -0.004924
v -0.001989 -0.002922 -0.001548
v -0.001990 -0.002844 -0.004935
v -0.001990 0.002844 -0.004935
v -0.001991 -0.003209 -0.006518
v -0.001991 0.003209 -0.006518
v -0.001992 -0.002835 -0.004943
v -0.001992 0.002835 -0.004943
v -0.001992 -0.002870 -0.004371
v -0.001992 0.002868 -0.004370
v -0.001993 -0.002824 -0.004949
v -0.001993 0.002824 -0.004949
v -0.001993 -0.003655 -0.001765
v -0.001995 -0.002813 -0.004952
v -0.001995 0.002813 -0.004952
v -0.001996 0.003654 -0.001767
v -0.001996 0.002929 -0.001545
v -0.001996 -0.002806 -0.004953
v -0.001996 0.002806 -0.004953
v -0.001999 -0.002871 -0.004369
v -0.002000 -0.003225 -0.006544
v -0.002000 0.003225 -0.006544
v -0.002003 -0.002937 -0.001541
v -0.002004 0.000775 -0.004953
v -0.002004 0.000775 -0.006477
v -0.002004 0.001511 -0.004953
v -0.002004 0.001511 -0.006477
v -0.002004 -0.002864 -0.004396
v -0.002004 0.002864 -0.004396
v -0.002004 0.002857 -0.004444
v -0.002006 -0.003234 -0.006572
v -0.002006 0.003234 -0.006572
v -0.002008 -0.003238 -0.006604
v -0.002008 0.003238 -0.006604
v -0.002009 0.002945 -0.001538
v -0.002010 -0.003562 -0.010795
v -0.002010 0.003562 -0.010795
v -0.002016 -0.003573 -0.010793
v -0.002016 0.003573 -0.010793
v -0.002017 -0.002861 -0.004424
v -0.002017 0.002861 -0.004424
v -0.002020 -0.002963 -0.001533
v -0.002020 -0.003080 -0.006477
v -0.002021 -0.003640 -0.001746
v -0.002022 -0.002860 -0.004435
v -0.002023 0.002971 -0.001531
v -0.002025 0.003638 -0.001747
v -0.002025 -0.003588 -0.010788
v -0.002026 0.003588 -0.010788
v -0.002025 -0.003476 -0.001512
v -0.002029 -0.002991 -0.001528
v -0.002030 0.002896 -0.001807
v -0.002031 0.003000 -0.001527
v -0.002032 0.000923 -0.005080
v -0.002032 0.000923 -0.006350
v -0.002032 0.001363 -0.005080
v -0.002032 0.001363 -0.006350
v -0.002031 -0.003602 -0.010779
v -0.002033 0.003602 -0.010779
v -0.002033 -0.003023 -0.001526
v -0.002033 0.003023 -0.001526
v -0.002036 -0.001917 -0.005080
v -0.002036 -0.001917 -0.006350
v -0.002036 -0.001131 -0.005080
v -0.002036 -0.001131 -0.006350
v -0.002036 -0.003610 -0.010770
v -0.002038 0.003610 -0.010770
v -0.002042 -0.003620 -0.010754
v -0.002044 0.003620 -0.010754
v -0.002044 -0.003619 -0.001728
v -0.002045 -0.003626 -0.010737
v -0.002047 0.003626 -0.010737
v -0.002048 0.003617 -0.001730
v -0.002046 -0.003628 -0.010718
v -0.002048 0.003628 -0.010718
v -0.002051 0.002876 -0.004352
v -0.002051 0.003211 -0.010591
v -0.002054 0.003215 -0.010636
v -0.002056 0.003463 -0.001572
v -0.002062 0.003228 -0.010681
v -0.002064 -0.003593 -0.001711
v -0.002066 0.003618 -0.001886
v -0.002067 0.003591 -0.001713
v -0.002068 -0.003200 -0.010591
v -0.002068 -0.002039 -0.004953
v -0.002068 -0.002039 -0.006477
v -0.002068 -0.001009 -0.004953
v -0.002068 -0.001009 -0.006477
v -0.002071 -0.003204 -0.010636
v -0.002078 0.003252 -0.010724
v -0.002080 -0.003217 -0.010681
v -0.002080 -0.003563 -0.001695
v -0.002082 0.003562 -0.001697
v -0.002082 0.002870 -0.004407
v -0.002081 -0.003606 -0.010718
v -0.002083 0.003606 -0.010718
v -0.002083 0.003607 -0.001923
v -0.002081 -0.003608 -0.001920
v -0.002085 0.000963 -0.005080
v -0.002085 0.000963 -0.006350
v -0.002085 0.001323 -0.005080
v -0.002085 0.001323 -0.006350
v -0.002084 -0.003606 -0.001924
v -0.002090 0.002878 -0.004340
v -0.002090 -0.002876 -0.004339
v -0.002092 -0.003531 -0.001682
v -0.002092 -0.002896 -0.001943
v -0.002093 0.003530 -0.001684
v -0.002095 -0.003241 -0.010724
v -0.002096 0.000813 -0.004953
v -0.002096 0.000813 -0.006477
v -0.002096 0.001473 -0.004953
v -0.002096 0.001473 -0.006477
v -0.002097 -0.003444 -0.001658
v -0.002098 0.003284 -0.010758
v -0.002098 -0.003497 -0.001670
v -0.002098 0.003444 -0.001660
v -0.002099 0.003496 -0.001672
v -0.002100 -0.003463 -0.001661
v -0.002101 0.003462 -0.001663
v -0.002102 0.002872 -0.004398
v -0.002102 -0.002872 -0.004398
v -0.002102 -0.002875 -0.004365
v -0.002102 0.002875 -0.004365
v -0.002110 -0.002874 -0.004393
v -0.002111 0.002896 -0.001992
v -0.002112 -0.002896 -0.001992
v -0.002114 -0.002874 -0.004392
v -0.002114 0.002873 -0.004391
v -0.002115 -0.003272 -0.010758
v -0.002121 0.003320 -0.010781
v -0.002125 0.003009 -0.006477
v -0.002125 0.001016 -0.005080
v -0.002125 0.001016 -0.006350
v -0.002125 0.001270 -0.005080
v -0.002125 0.001270 -0.006350
v -0.002129 -0.002875 -0.004384
v -0.002129 0.002875 -0.004384
v -0.002129 -0.002872 -0.004902
v -0.002129 0.002872 -0.004902
v -0.002133 -0.002898 -0.001983
v -0.002134 -0.003000 -0.006477
v -0.002134 -0.002822 -0.004953
v -0.002134 -0.002299 -0.004953
v -0.002134 -0.002299 -0.006477
v -0.002134 -0.002012 -0.004953
v -0.002134 -0.002012 -0.006477
v -0.002134 -0.001876 -0.005080
v -0.002134 -0.001876 -0.006350
v -0.002134 -0.001172 -0.005080
v -0.002134 -0.001172 -0.006350
v -0.002134 -0.001036 -0.004953
v -0.002134 -0.001036 -0.006477
v -0.002134 -0.000876 -0.004953
v -0.002134 -0.000876 -0.006477
v -0.002134 -0.000381 -0.004953
v -0.002134 -0.000381 -0.006477
v -0.002134 0.000381 -0.004953
v -0.002134 0.000381 -0.006477
v -0.002134 0.000699 -0.004953
v -0.002134 0.000699 -0.006477
v -0.002134 0.000842 -0.004953
v -0.002134 0.000842 -0.006477
v -0.002134 0.001444 -0.004953
v -0.002134 0.001444 -0.006477
v -0.002134 0.001651 -0.004953
v -0.002134 0.001651 -0.006477
v -0.002134 0.002822 -0.004953
v -0.002134 0.003002 -0.006477
v -0.002139 -0.003309 -0.010781
v -0.002141 0.002900 -0.001979
v -0.002145 -0.003023 -0.001763
v -0.002146 0.003359 -0.010793
v -0.002147 0.003023 -0.001769
v -0.002148 -0.003421 -0.001762
v -0.002150 0.003420 -0.001768
v -0.002150 0.001077 -0.005080
v -0.002150 0.001077 -0.006350
v -0.002150 0.001209 -0.005080
v -0.002150 0.001209 -0.006350
v -0.002158 0.002896 -0.002100
v -0.002159 0.001143 -0.005080
v -0.002159 0.001143 -0.006350
v -0.002160 -0.002907 -0.001972
v -0.002161 0.003382 -0.010795
v -0.002163 -0.003560 -0.002081
v -0.002164 -0.003348 -0.010793
v -0.002165 -0.003414 -0.001798
v -0.002167 0.002910 -0.001968
v -0.002174 0.000874 -0.004953
v -0.002174 0.000874 -0.006477
v -0.002174 0.001412 -0.004953
v -0.002174 0.001412 -0.006477
v -0.002175 0.003550 -0.002121
v -0.002176 0.000876 -0.004953
v -0.002176 0.000876 -0.006477
v -0.002177 -0.003551 -0.002115
v -0.002178 0.002882 -0.004312
v -0.002179 -0.003370 -0.010795
v -0.002180 -0.002880 -0.004311
v -0.002184 -0.002922 -0.001961
v -0.002189 0.002882 -0.004308
v -0.002189 -0.002881 -0.004308
v -0.002191 0.002929 -0.001958
v -0.002193 0.003400 -0.001859
v -0.002197 -0.001986 -0.004953
v -0.002197 -0.001986 -0.006477
v -0.002197 -0.001062 -0.004953
v -0.002197 -0.001062 -0.006477
v -0.002198 -0.002937 -0.001955
v -0.002200 -0.003535 -0.002101
v -0.002201 -0.002884 -0.004334
v -0.002201 0.002884 -0.004334
v -0.002203 0.003533 -0.002104
v -0.002205 0.002945 -0.001952
v -0.002207 0.002882 -0.004347
v -0.002207 -0.002882 -0.004347
v -0.002213 -0.002896 -0.002240
v -0.002216 -0.002963 -0.001948
v -0.002218 -0.001811 -0.005080
v -0.002218 -0.001811 -0.006350
v -0.002218 -0.001237 -0.005080
v -0.002218 -0.001237 -0.006350
v -0.002219 0.002971 -0.001946
v -0.002221 -0.003514 -0.002086
v -0.002222 -0.002938 -0.006477
v -0.002223 0.003512 -0.002090
v -0.002225 -0.002991 -0.001943
v -0.002227 0.003000 -0.001943
v -0.002229 -0.003023 -0.001942
v -0.002229 0.003023 -0.001942
v -0.002233 0.002926 -0.006477
v -0.002234 -0.002928 -0.006477
v -0.002235 0.000952 -0.004953
v -0.002235 0.000952 -0.006477
v -0.002235 0.001334 -0.004953
v -0.002235 0.001334 -0.006477
v -0.002238 -0.003489 -0.002072
v -0.002241 0.003487 -0.002076
v -0.002248 -0.002946 -0.006479
v -0.002248 0.002946 -0.006479
v -0.002252 -0.003461 -0.002059
v -0.002254 0.003460 -0.002064
v -0.002262 -0.003431 -0.002048
v -0.002264 0.003429 -0.002052
v -0.002265 -0.003364 -0.002031
v -0.002266 -0.002969 -0.006488
v -0.002266 0.002969 -0.006488
v -0.002267 -0.003399 -0.002039
v -0.002267 -0.003368 -0.002032
v -0.002267 0.003363 -0.002036
v -0.002268 0.003398 -0.002043
v -0.002269 0.003366 -0.002036
v -0.002270 -0.002889 -0.004902
v -0.002270 0.002889 -0.004902
v -0.002270 -0.002887 -0.004913
v -0.002270 0.002887 -0.004913
v -0.002270 -0.002884 -0.004924
v -0.002270 0.002884 -0.004924
v -0.002271 -0.002876 -0.004935
v -0.002271 0.002876 -0.004935
v -0.002271 0.002896 -0.002401
v -0.002271 -0.002867 -0.004943
v -0.002271 0.002867 -0.004943
v -0.002272 -0.002856 -0.004949
v -0.002272 0.002856 -0.004949
v -0.002273 -0.002845 -0.004952
v -0.002273 0.002845 -0.004952
v -0.002273 0.001044 -0.004953
v -0.002273 0.001044 -0.006477
v -0.002273 0.001242 -0.004953
v -0.002273 0.001242 -0.006477
v -0.002273 -0.002896 -0.002413
v -0.002273 -0.002838 -0.004953
v -0.002273 0.002838 -0.004953
v -0.002275 0.002896 -0.002412
v -0.002276 0.002889 -0.004313
v -0.002282 -0.002990 -0.006503
v -0.002282 0.002990 -0.006503
v -0.002282 -0.001727 -0.005080
v -0.002282 -0.001727 -0.006350
v -0.002282 -0.001321 -0.005080
v -0.002282 -0.001321 -0.006350
v -0.002283 0.003484 -0.002354
v -0.002286 0.000254 -0.004953
v -0.002286 0.000254 -0.006477
v -0.002286 0.001143 -0.004953
v -0.002286 0.001143 -0.006477
v -0.002288 0.002887 -0.004276
v -0.002288 -0.002886 -0.004276
v -0.002291 -0.003002 -0.006518
v -0.002291 0.003002 -0.006518
v -0.002295 0.002890 -0.004304
v -0.002295 -0.002889 -0.004304
v -0.002297 -0.002898 -0.002405
v -0.002297 -0.003348 -0.002106
v -0.002299 0.000155 -0.004953
v -0.002299 0.000155 -0.006477
v -0.002299 0.000353 -0.004953
v -0.002299 0.000353 -0.006477
v -0.002300 0.002890 -0.004302
v -0.002300 -0.002890 -0.004302
v -0.002303 -0.003017 -0.006544
v -0.002303 0.003017 -0.006544
v -0.002305 0.002900 -0.002402
v -0.002308 -0.001901 -0.004953
v -0.002308 -0.001901 -0.006477
v -0.002308 -0.001147 -0.004953
v -0.002308 -0.001147 -0.006477
v -0.002309 -0.003026 -0.006572
v -0.002309 0.003026 -0.006572
v -0.002310 0.003340 -0.002140
v -0.002311 0.000381 -0.004953
v -0.002311 0.000381 -0.006477
v -0.002311 -0.003029 -0.006604
v -0.002311 0.003029 -0.006604
v -0.002317 0.003337 -0.002158
v -0.002319 -0.003336 -0.002165
v -0.002319 -0.002896 -0.002545
v -0.002321 0.002860 -0.006477
v -0.002323 -0.001629 -0.005080
v -0.002323 -0.001629 -0.006350
v -0.002323 -0.001419 -0.005080
v -0.002323 -0.001419 -0.006350
v -0.002324 -0.002907 -0.002396
v -0.002324 -0.002892 -0.004290
v -0.002330 -0.003452 -0.002480
v -0.002331 0.002910 -0.002393
v -0.002333 -0.003359 -0.010795
v -0.002333 0.003359 -0.010795
v -0.002336 0.003449 -0.002486
v -0.002337 -0.001524 -0.005080
v -0.002337 -0.001524 -0.006350
v -0.002337 0.000064 -0.004953
v -0.002337 0.000064 -0.006477
v -0.002337 0.000445 -0.004953
v -0.002337 0.000445 -0.006477
v -0.002341 -0.003370 -0.010793
v -0.002341 0.003370 -0.010793
v -0.002347 0.003001 -0.010591
v -0.002349 -0.002922 -0.002387
v -0.002350 0.003005 -0.010636
v -0.002350 -0.003384 -0.010788
v -0.002350 0.003384 -0.010788
v -0.002352 -0.003436 -0.002468
v -0.002356 0.003433 -0.002474
v -0.002356 0.002929 -0.002384
v -0.002356 -0.003435 -0.002541
v -0.002359 -0.003397 -0.010779
v -0.002359 0.003397 -0.010779
v -0.002360 0.003017 -0.010681
v -0.002363 -0.002989 -0.010591
v -0.002363 -0.002937 -0.002382
v -0.002365 -0.003405 -0.010770
v -0.002365 0.003405 -0.010770
v -0.002366 -0.002992 -0.010636
v -0.002369 0.002896 -0.002709
v -0.002370 0.002945 -0.002380
v -0.002371 -0.003415 -0.002456
v -0.002371 -0.003023 -0.002310
v -0.002371 -0.003414 -0.010754
v -0.002371 0.003414 -0.010754
v -0.002372 -0.003307 -0.002309
v -0.002374 0.003413 -0.002463
v -0.002375 0.003023 -0.002318
v -0.002375 0.003305 -0.002318
v -0.002375 -0.003419 -0.010737
v -0.002375 0.003419 -0.010737
v -0.002376 -0.003005 -0.010681
v -0.002376 -0.003421 -0.010718
v -0.002376 0.003421 -0.010718
v -0.002378 0.003040 -0.010724
v -0.002381 -0.002963 -0.002376
v -0.002385 0.002971 -0.002374
v -0.002387 -0.003392 -0.002445
v -0.002387 0.002891 -0.004245
v -0.002387 -0.002891 -0.004245
v -0.002390 0.003390 -0.002452
v -0.002391 -0.002991 -0.002372
v -0.002392 -0.001791 -0.004953
v -0.002392 -0.001791 -0.006477
v -0.002392 -0.001257 -0.004953
v -0.002392 -0.001257 -0.006477
v -0.002392 -0.002894 -0.004257
v -0.002392 0.002893 -0.004257
v -0.002393 0.003000 -0.002372
v -0.002394 -0.003027 -0.010724
v -0.002395 -0.003023 -0.002371
v -0.002395 0.003023 -0.002371
v -0.002398 -0.000015 -0.004953
v -0.002398 -0.000015 -0.006477
v -0.002398 0.000523 -0.004953
v -0.002398 0.000523 -0.006477
v -0.002399 -0.003366 -0.002435
v -0.002401 0.003069 -0.010758
v -0.002401 0.003363 -0.002442
v -0.002402 -0.002952 -0.006604
v -0.002402 0.002952 -0.006604
v -0.002403 0.002953 -0.010591
v -0.002403 -0.002954 -0.010591
v -0.002405 0.002896 -0.002844
v -0.002406 -0.002896 -0.002844
v -0.002407 -0.003337 -0.002426
v -0.002408 -0.003287 -0.002409
v -0.002409 0.003335 -0.002433
v -0.002410 -0.003286 -0.002415
v -0.002410 -0.002896 -0.002855
v -0.002410 -0.003308 -0.002419
v -0.002412 0.003284 -0.002422
v -0.002413 0.003306 -0.002426
v -0.002413 0.000254 -0.005080
v -0.002413 0.000254 -0.006350
v -0.002413 -0.002783 -0.006477
v -0.002414 0.003283 -0.002426
v -0.002417 -0.003056 -0.010758
v -0.002422 0.000188 -0.005080
v -0.002422 0.000188 -0.006350
v -0.002422 0.000320 -0.005080
v -0.002422 0.000320 -0.006350
v -0.002427 0.003104 -0.010781
v -0.002429 -0.002898 -0.002838
v -0.002437 0.002900 -0.002835
v -0.002444 -0.003091 -0.010781
v -0.002446 -0.001662 -0.004953
v -0.002446 -0.001662 -0.006477
v -0.002446 -0.001386 -0.004953
v -0.002446 -0.001386 -0.006477
v -0.002447 0.000127 -0.005080
v -0.002447 0.000127 -0.006350
v -0.002447 0.000381 -0.005080
v -0.002447 0.000381 -0.006350
v -0.002447 -0.001651 -0.004953
v -0.002447 -0.001651 -0.006477
v -0.002451 0.002896 -0.003021
v -0.002456 0.003140 -0.010793
v -0.002456 -0.002907 -0.002830
v -0.002457 -0.003363 -0.002856
v -0.002460 0.003360 -0.002865
v -0.002464 -0.001524 -0.004953
v -0.002464 -0.001524 -0.006477
v -0.002464 0.002910 -0.002828
v -0.002472 0.003161 -0.010795
v -0.002473 -0.003127 -0.010793
v -0.002476 -0.002896 -0.004216
v -0.002476 -0.002896 -0.004902
v -0.002476 -0.002894 -0.004913
v -0.002476 -0.002894 -0.004915
v -0.002476 -0.002891 -0.004924
v -0.002476 -0.002889 -0.004927
v -0.002476 -0.002883 -0.004935
v -0.002476 -0.002881 -0.004937
v -0.002476 -0.002874 -0.004943
v -0.002476 -0.002870 -0.004945
v -0.002476 -0.002863 -0.004949
v -0.002476 -0.002858 -0.004951
v -0.002476 -0.002852 -0.004952
v -0.002476 -0.002845 -0.004953
v -0.002476 0.002845 -0.004953
v -0.002476 0.002852 -0.004952
v -0.002476 0.002858 -0.004951
v -0.002476 0.002863 -0.004949
v -0.002476 0.002870 -0.004945
v -0.002476 0.002874 -0.004943
v -0.002476 0.002881 -0.004937
v -0.002476 0.002883 -0.004935
v -0.002476 0.002889 -0.004927
v -0.002476 0.002891 -0.004924
v -0.002476 0.002894 -0.004915
v -0.002476 0.002894 -0.004913
v -0.002476 0.002896 -0.004216
v -0.002476 0.002896 -0.004902
v -0.002477 -0.000076 -0.004953
v -0.002477 -0.000076 -0.006477
v -0.002477 0.000584 -0.004953
v -0.002477 0.000584 -0.006477
v -0.002479 -0.003346 -0.002846
v -0.002482 -0.002922 -0.002823
v -0.002482 0.003343 -0.002855
v -0.002484 -0.002896 -0.003168
v -0.002487 0.000074 -0.005080
v -0.002487 0.000074 -0.006350
v -0.002487 0.000434 -0.005080
v -0.002487 0.000434 -0.006350
v -0.002489 -0.003148 -0.010795
v -0.002490 0.002929 -0.002821
v -0.002496 -0.003327 -0.002838
v -0.002496 0.003335 -0.002975
v -0.002497 -0.003235 -0.002693
v -0.002497 -0.002937 -0.002819
v -0.002499 0.003324 -0.002847
v -0.002502 0.003232 -0.002710
v -0.002504 0.002945 -0.002818
v -0.002505 -0.002896 -0.003283
v -0.002506 -0.002697 -0.006477
v -0.002506 0.002896 -0.003283
v -0.002506 0.002699 -0.006477
v -0.002508 -0.003326 -0.003018
v -0.002509 -0.003304 -0.002829
v -0.002512 0.003302 -0.002838
v -0.002515 -0.002963 -0.002815
v -0.002517 0.002896 -0.003335
v -0.002519 0.002971 -0.002814
v -0.002520 -0.003280 -0.002822
v -0.002522 -0.002715 -0.006479
v -0.002522 0.002715 -0.006479
v -0.002523 0.003277 -0.002831
v -0.002526 -0.002991 -0.002812
v -0.002526 -0.003254 -0.002815
v -0.002527 -0.003216 -0.002809
v -0.002527 0.003000 -0.002811
v -0.002529 -0.003227 -0.002810
v -0.002529 0.003252 -0.002825
v -0.002529 -0.002898 -0.003279
v -0.002529 -0.003023 -0.002811
v -0.002529 0.003023 -0.002811
v -0.002530 0.003215 -0.002818
v -0.002531 0.003225 -0.002819
v -0.002533 -0.003301 -0.010718
v -0.002533 0.003301 -0.010718
v -0.002536 -0.003304 -0.003140
v -0.002536 0.003305 -0.003132
v -0.002538 0.002900 -0.003277
v -0.002540 0.000034 -0.005080
v -0.002540 0.000034 -0.006350
v -0.002540 0.000474 -0.005080
v -0.002540 0.000474 -0.006350
v -0.002542 -0.002896 -0.003482
v -0.002542 -0.002736 -0.006488
v -0.002542 0.002736 -0.006488
v -0.002544 -0.003023 -0.002875
v -0.002545 -0.003205 -0.002875
v -0.002547 0.003023 -0.002888
v -0.002548 0.003203 -0.002887
v -0.002557 -0.002907 -0.003273
v -0.002559 -0.003287 -0.003242
v -0.002560 -0.002755 -0.006503
v -0.002560 0.002755 -0.006503
v -0.002565 0.002910 -0.003272
v -0.002566 0.002896 -0.003651
v -0.002566 0.003281 -0.003253
v -0.002568 -0.000114 -0.004953
v -0.002568 -0.000114 -0.006477
v -0.002568 0.000622 -0.004953
v -0.002568 0.000622 -0.006477
v -0.002569 0.003279 -0.003264
v -0.002570 -0.002767 -0.006518
v -0.002570 0.002767 -0.006518
v -0.002571 -0.003189 -0.002976
v -0.002573 0.003188 -0.002983
v -0.002574 0.002896 -0.003729
v -0.002574 -0.002896 -0.003729
v -0.002579 -0.003269 -0.003235
v -0.002582 0.003266 -0.003247
v -0.002583 -0.002896 -0.003800
v -0.002583 -0.002781 -0.006544
v -0.002583 0.002781 -0.006544
v -0.002583 -0.002922 -0.003269
v -0.002590 -0.002788 -0.006572
v -0.002590 0.002788 -0.006572
v -0.002591 0.002929 -0.003267
v -0.002593 -0.002791 -0.006604
v -0.002593 0.002791 -0.006604
v -0.002593 -0.002616 -0.006477
v -0.002594 -0.003251 -0.003229
v -0.002597 0.003249 -0.003241
v -0.002597 -0.002898 -0.003726
v -0.002598 0.002896 -0.003970
v -0.002599 -0.002937 -0.003266
v -0.002601 0.000009 -0.005080
v -0.002601 0.000009 -0.006350
v -0.002601 0.000499 -0.005080
v -0.002601 0.000499 -0.006350
v -0.002605 0.002945 -0.003264
v -0.002606 -0.003231 -0.003223
v -0.002606 0.002900 -0.003725
v -0.002608 -0.002896 -0.004121
v -0.002609 0.002896 -0.004178
v -0.002609 0.003229 -0.003235
v -0.002609 -0.002896 -0.004178
v -0.002614 0.002896 -0.004291
v -0.002615 -0.003209 -0.003218
v -0.002615 -0.003242 -0.003494
v -0.002616 -0.002896 -0.004445
v -0.002616 -0.002896 -0.004902
v -0.002616 -0.002894 -0.004913
v -0.002616 -0.002894 -0.004915
v -0.002616 -0.002891 -0.004924
v -0.002616 -0.002889 -0.004927
v -0.002616 -0.002883 -0.004935
v -0.002616 -0.002881 -0.004937
v -0.002616 -0.002874 -0.004943
v -0.002616 -0.002870 -0.004945
v -0.002616 -0.002863 -0.004949
v -0.002616 -0.002858 -0.004951
v -0.002616 -0.002852 -0.004952
v -0.002616 -0.002845 -0.004953
v -0.002616 0.002845 -0.004953
v -0.002616 0.002856 -0.004951
v -0.002616 0.002858 -0.004951
v -0.002616 0.002867 -0.004948
v -0.002616 0.002870 -0.004946
v -0.002616 0.002878 -0.004940
v -0.002616 0.002880 -0.004937
v -0.002616 0.002886 -0.004931
v -0.002616 0.002888 -0.004927
v -0.002616 0.002892 -0.004920
v -0.002616 0.002894 -0.004915
v -0.002616 0.002895 -0.004909
v -0.002616 0.002896 -0.004445
v -0.002616 0.002896 -0.004902
v -0.002617 -0.002963 -0.003262
v -0.002617 0.003206 -0.003230
v -0.002620 -0.003185 -0.003214
v -0.002621 -0.003158 -0.003210
v -0.002621 0.002971 -0.003261
v -0.002622 0.002764 -0.010591
v -0.002622 -0.003161 -0.003210
v -0.002623 0.003183 -0.003226
v -0.002624 0.003156 -0.003222
v -0.002624 0.003159 -0.003222
v -0.002625 0.002768 -0.010636
v -0.002626 -0.002907 -0.003723
v -0.002628 -0.002991 -0.003260
v -0.002630 0.003000 -0.003260
v -0.002632 -0.003023 -0.003259
v -0.002632 0.003023 -0.003259
v -0.002632 0.003151 -0.003263
v -0.002633 -0.002898 -0.004177
v -0.002634 0.002910 -0.003722
v -0.002635 -0.003149 -0.003276
v -0.002635 -0.003226 -0.003637
v -0.002636 -0.003126 -0.010795
v -0.002636 0.003126 -0.010795
v -0.002636 0.002780 -0.010681
v -0.002637 -0.002750 -0.010591
v -0.002638 -0.002897 -0.004902
v -0.002638 0.002897 -0.004902
v -0.002638 0.002897 -0.004909
v -0.002638 -0.002896 -0.004913
v -0.002638 0.002894 -0.004920
v -0.002638 0.003223 -0.003651
v -0.002638 -0.002892 -0.004924
v -0.002639 -0.002898 -0.004445
v -0.002639 0.002888 -0.004931
v -0.002640 -0.002885 -0.004935
v -0.002640 -0.002754 -0.010636
v -0.002641 0.002880 -0.004940
v -0.002641 -0.002876 -0.004943
v -0.002642 0.002900 -0.004177
v -0.002642 0.002869 -0.004948
v -0.002643 -0.002866 -0.004949
v -0.002644 0.002899 -0.004902
v -0.002644 0.002858 -0.004951
v -0.002644 0.002899 -0.004445
v -0.002645 -0.003137 -0.010793
v -0.002645 0.003137 -0.010793
v -0.002645 -0.002854 -0.004952
v -0.002646 -0.002847 -0.004953
v -0.002646 0.002847 -0.004953
v -0.002648 0.002900 -0.004445
v -0.002649 -0.002901 -0.004902
v -0.002649 -0.002901 -0.004445
v -0.002651 -0.002765 -0.010681
v -0.002652 -0.002922 -0.003720
v -0.002653 -0.003210 -0.003633
v -0.002654 0.003211 -0.003736
v -0.002655 0.003208 -0.003647
v -0.002656 -0.003150 -0.010788
v -0.002656 0.003150 -0.010788
v -0.002656 0.002800 -0.010724
v -0.002660 0.002929 -0.003719
v -0.002661 -0.003023 -0.003454
v -0.002662 -0.002907 -0.004176
v -0.002664 -0.003131 -0.003454
v -0.002664 0.003023 -0.003471
v -0.002665 -0.003194 -0.003629
v -0.002666 -0.003162 -0.010779
v -0.002666 0.003162 -0.010779
v -0.002667 0.003129 -0.003470
v -0.002667 -0.000127 -0.004953
v -0.002667 -0.000127 -0.006477
v -0.002667 -0.000000 -0.005080
v -0.002667 -0.000000 -0.006350
v -0.002667 0.000508 -0.005080
v -0.002667 0.000508 -0.006350
v -0.002667 0.000635 -0.004953
v -0.002667 0.000635 -0.006477
v -0.002667 0.003128 -0.003476
v -0.002668 -0.002907 -0.004445
v -0.002668 -0.002907 -0.004902
v -0.002668 0.002907 -0.004902
v -0.002668 -0.002937 -0.003718
v -0.002668 0.002906 -0.004909
v -0.002668 0.003192 -0.003643
v -0.002668 -0.002905 -0.004913
v -0.002669 0.002903 -0.004920
v -0.002670 -0.002902 -0.004924
v -0.002670 0.002910 -0.004176
v -0.002671 -0.003126 -0.003497
v -0.002671 -0.002786 -0.010724
v -0.002671 0.002909 -0.004902
v -0.002671 0.002909 -0.004445
v -0.002671 0.002898 -0.004931
v -0.002672 -0.003169 -0.010770
v -0.002672 0.003169 -0.010770
v -0.002673 -0.002895 -0.004935
v -0.002674 0.002945 -0.003717
v -0.002675 0.002890 -0.004940
v -0.002676 0.002910 -0.004445
v -0.002676 -0.003176 -0.003625
v -0.002676 -0.002887 -0.004943
v -0.002678 0.003174 -0.003640
v -0.002679 -0.002913 -0.004902
v -0.002679 -0.002913 -0.004445
v -0.002679 0.002880 -0.004948
v -0.002679 -0.003178 -0.010754
v -0.002679 0.003178 -0.010754
v -0.002680 0.003120 -0.003552
v -0.002681 -0.003189 -0.003966
v -0.002681 -0.002877 -0.004949
v -0.002681 0.002827 -0.010758
v -0.002682 0.002525 -0.006477
v -0.002683 -0.003119 -0.003574
v -0.002683 -0.003156 -0.003622
v -0.002684 -0.003183 -0.010737
v -0.002684 0.003183 -0.010737
v -0.002684 0.002870 -0.004951
v -0.002684 0.003185 -0.004056
v -0.002685 -0.003185 -0.004039
v -0.002685 -0.003185 -0.010718
v -0.002685 0.003185 -0.010718
v -0.002686 -0.002866 -0.004952
v -0.002686 0.003154 -0.003637
v -0.002686 -0.002963 -0.003716
v -0.002688 -0.003135 -0.003620
v -0.002688 -0.003115 -0.003618
v -0.002688 -0.002860 -0.004953
v -0.002688 0.002860 -0.004953
v -0.002688 -0.002922 -0.004175
v -0.002690 0.003115 -0.003633
v -0.002690 0.003133 -0.003634
v -0.002690 0.002971 -0.003715
v -0.002694 -0.002922 -0.004445
v -0.002695 -0.002923 -0.004902
v -0.002695 0.002923 -0.004902
v -0.002695 0.002924 -0.004445
v -0.002695 0.002922 -0.004909
v -0.002695 0.002923 -0.004902
v -0.002695 -0.002922 -0.004913
v -0.002696 0.002929 -0.004175
v -0.002697 -0.002813 -0.010758
v -0.002697 0.002920 -0.004920
v -0.002697 -0.002991 -0.003715
v -0.002698 -0.002919 -0.004924
v -0.002699 -0.003172 -0.004037
v -0.002699 0.003000 -0.003714
v -0.002700 0.003172 -0.004222
v -0.002700 0.002915 -0.004931
v -0.002701 0.003170 -0.004053
v -0.002701 -0.003023 -0.003714
v -0.002701 0.003023 -0.003714
v -0.002702 0.002929 -0.004445
v -0.002702 -0.002913 -0.004935
v -0.002704 -0.002937 -0.004174
v -0.002705 -0.002933 -0.004902
v -0.002706 0.002909 -0.004940
v -0.002706 -0.002933 -0.004445
v -0.002708 -0.003165 -0.004445
v -0.002708 0.003165 -0.004445
v -0.002708 -0.002906 -0.004943
v -0.002710 -0.002937 -0.004445
v -0.002710 -0.003157 -0.004035
v -0.002711 0.002945 -0.004174
v -0.002711 0.002859 -0.010781
v -0.002711 0.003156 -0.004052
v -0.002712 -0.003162 -0.004672
v -0.002712 0.003162 -0.004673
v -0.002712 0.002900 -0.004948
v -0.002714 0.003100 -0.003839
v -0.002715 -0.002897 -0.004949
v -0.002715 0.002944 -0.004902
v -0.002715 0.002943 -0.004445
v -0.002716 0.003157 -0.004444
v -0.002716 -0.003159 -0.004902
v -0.002716 0.003159 -0.004902
v -0.002716 0.002945 -0.004445
v -0.002717 -0.002945 -0.004902
v -0.002717 0.002945 -0.004902
v -0.002717 -0.003098 -0.003870
v -0.002717 0.002945 -0.004909
v -0.002717 -0.003155 -0.004444
v -0.002718 -0.002944 -0.004913
v -0.002718 0.003155 -0.004444
v -0.002719 -0.003141 -0.004033
v -0.002719 0.003155 -0.004673
v -0.002719 0.002891 -0.004951
v -0.002720 0.002943 -0.004920
v -0.002720 0.003140 -0.004050
v -0.002720 -0.003155 -0.004912
v -0.002721 -0.002942 -0.004924
v -0.002721 0.003153 -0.004905
v -0.002721 -0.003154 -0.004915
v -0.002721 -0.003153 -0.004902
v -0.002722 -0.003153 -0.004905
v -0.002722 0.003153 -0.004902
v -0.002722 -0.002888 -0.004952
v -0.002722 0.003152 -0.004902
v -0.002722 -0.003150 -0.004444
v -0.002723 -0.003150 -0.004444
v -0.002723 -0.002963 -0.004173
v -0.002723 0.003150 -0.004444
v -0.002723 0.003151 -0.004902
v -0.002724 0.002939 -0.004931
v -0.002725 -0.003148 -0.004672
v -0.002725 -0.003124 -0.004032
v -0.002725 -0.002960 -0.004902
v -0.002726 -0.002959 -0.004445
v -0.002726 -0.002883 -0.004953
v -0.002726 0.002883 -0.004953
v -0.002726 -0.003148 -0.004907
v -0.002726 -0.003143 -0.004444
v -0.002726 0.003123 -0.004049
v -0.002726 0.002971 -0.004173
v -0.002727 -0.002938 -0.004935
v -0.002727 -0.003149 -0.004928
v -0.002727 -0.003147 -0.004907
v -0.002727 -0.002844 -0.010781
v -0.002727 -0.003149 -0.004928
v -0.002727 0.003143 -0.004444
v -0.002727 0.003149 -0.004928
v -0.002727 0.003146 -0.004902
v -0.002727 0.003143 -0.004444
v -0.002727 -0.003146 -0.004902
v -0.002727 -0.003023 -0.004042
v -0.002727 0.003146 -0.004908
v -0.002727 -0.003146 -0.004902
v -0.002727 0.003146 -0.004908
v -0.002727 -0.003146 -0.004908
v -0.002727 -0.003146 -0.004908
v -0.002728 -0.003092 -0.004031
v -0.002728 -0.003145 -0.004902
v -0.002728 -0.002963 -0.004445
v -0.002729 0.003023 -0.004062
v -0.002729 -0.003106 -0.004031
v -0.002729 -0.003092 -0.004042
v -0.002729 0.003142 -0.004673
v -0.002730 0.003092 -0.004048
v -0.002730 0.003105 -0.004048
v -0.002730 0.002968 -0.004902
v -0.002730 0.002968 -0.004445
v -0.002731 0.003091 -0.004062
v -0.002731 0.003141 -0.004902
v -0.002731 0.002934 -0.004940
v -0.002732 -0.003139 -0.004902
v -0.002732 0.003139 -0.004902
v -0.002732 -0.003139 -0.004911
v -0.002732 0.002971 -0.004445
v -0.002732 0.003140 -0.004911
v -0.002733 0.003140 -0.004911
v -0.002733 0.000009 -0.005080
v -0.002733 0.000009 -0.006350
v -0.002733 0.000499 -0.005080
v -0.002733 0.000499 -0.006350
v -0.002733 -0.002972 -0.004902
v -0.002733 0.002972 -0.004902
v -0.002733 0.003144 -0.004941
v -0.002733 -0.003138 -0.004911
v -0.002733 0.003139 -0.004911
v -0.002733 0.002972 -0.004909
v -0.002733 -0.002991 -0.004173
v -0.002733 -0.003141 -0.004922
v -0.002734 0.003141 -0.004922
v -0.002734 -0.002932 -0.004943
v -0.002734 -0.002972 -0.004913
v -0.002734 0.003131 -0.004444
v -0.002734 0.003135 -0.004902
v -0.002735 -0.003131 -0.004671
v -0.002735 0.003089 -0.004123
v -0.002735 0.003000 -0.004173
v -0.002735 -0.003128 -0.004444
v -0.002736 0.003126 -0.004444
v -0.002736 0.003132 -0.004902
v -0.002736 -0.003132 -0.004902
v -0.002736 0.002971 -0.004920
v -0.002737 0.003132 -0.004914
v -0.002737 0.003127 -0.004673
v -0.002737 0.003132 -0.004911
v -0.002737 -0.003132 -0.004911
v -0.002737 -0.003088 -0.004161
v -0.002737 -0.003132 -0.004914
v -0.002737 0.003131 -0.004914
v -0.002737 0.003128 -0.004902
v -0.002737 -0.003132 -0.004914
v -0.002737 -0.003023 -0.004173
v -0.002737 0.003023 -0.004173
v -0.002737 -0.002970 -0.004924
v -0.002738 -0.003128 -0.004902
v -0.002738 0.003131 -0.004916
v -0.002738 -0.002990 -0.004902
v -0.002738 0.003129 -0.004915
v -0.002738 -0.003131 -0.004916
v -0.002739 -0.003130 -0.004915
v -0.002739 0.003124 -0.004902
v -0.002739 -0.002990 -0.004445
v -0.002739 -0.003115 -0.004444
v -0.002739 -0.002991 -0.004445
v -0.002739 0.003115 -0.004444
v -0.002739 0.002995 -0.004902
v -0.002739 0.002928 -0.004948
v -0.002739 0.002994 -0.004445
v -0.002740 -0.003128 -0.004916
v -0.002740 0.003124 -0.004911
v -0.002740 -0.003124 -0.004911
v -0.002740 -0.003110 -0.004444
v -0.002741 -0.003137 -0.004954
v -0.002741 0.003137 -0.004954
v -0.002741 0.003124 -0.004917
v -0.002741 0.003110 -0.004444
v -0.002741 -0.003115 -0.004902
v -0.002741 -0.003115 -0.004902
v -0.002741 -0.003124 -0.004917
v -0.002741 0.003117 -0.004902
v -0.002741 0.003108 -0.004444
v -0.002741 0.003000 -0.004445
v -0.002741 0.003123 -0.004918
v -0.002741 -0.003112 -0.004672
v -0.002741 -0.003124 -0.004918
v -0.002741 0.002968 -0.004931
v -0.002741 0.003114 -0.004902
v -0.002742 -0.003002 -0.004902
v -0.002742 0.003002 -0.004902
v -0.002742 0.003111 -0.004673
v -0.002742 0.003100 -0.004444
v -0.002742 0.003002 -0.004909
v -0.002742 -0.003104 -0.004444
v -0.002742 -0.003136 -0.004957
v -0.002742 0.003116 -0.004911
v -0.002742 -0.003136 -0.004957
v -0.002742 0.003107 -0.004902
v -0.002742 -0.003116 -0.004911
v -0.002742 -0.003100 -0.004444
v -0.002742 -0.002925 -0.004949
v -0.002743 -0.003109 -0.004902
v -0.002743 -0.003107 -0.004902
v -0.002743 -0.003002 -0.004913
v -0.002743 0.003135 -0.004957
v -0.002743 0.003088 -0.004392
v -0.002743 -0.003099 -0.004902
v -0.002743 -0.003094 -0.004672
v -0.002743 -0.003089 -0.004445
v -0.002743 -0.003023 -0.004445
v -0.002743 -0.003023 -0.004902
v -0.002743 0.003023 -0.004445
v -0.002743 0.003023 -0.004902
v -0.002743 0.003089 -0.004445
v -0.002743 0.003094 -0.004673
v -0.002743 0.003099 -0.004902
v -0.002743 0.002893 -0.010793
v -0.002744 -0.003118 -0.004920
v -0.002744 0.003107 -0.004911
v -0.002744 -0.003107 -0.004911
v -0.002744 0.003023 -0.004909
v -0.002744 -0.003099 -0.004910
v -0.002744 -0.003023 -0.004910
v -0.002744 0.003023 -0.004910
v -0.002744 0.003099 -0.004910
v -0.002744 -0.003116 -0.004920
v -0.002744 -0.002967 -0.004935
v -0.002744 0.003099 -0.004911
v -0.002744 -0.003099 -0.004911
v -0.002744 0.003118 -0.004920
v -0.002744 -0.003116 -0.004921
v -0.002744 -0.003115 -0.004921
v -0.002745 -0.003023 -0.004913
v -0.002745 0.003116 -0.004920
v -0.002745 -0.003133 -0.004954
v -0.002745 -0.003114 -0.004922
v -0.002745 0.003116 -0.004921
v -0.002745 0.003002 -0.004920
v -0.002745 -0.003114 -0.004922
v -0.002745 0.003116 -0.004921
v -0.002745 0.003116 -0.004921
v -0.002745 0.003131 -0.004948
v -0.002745 -0.003131 -0.004948
v -0.002746 0.003114 -0.004922
v -0.002746 0.003115 -0.004922
v -0.002746 0.003107 -0.004920
v -0.002746 -0.003107 -0.004920
v -0.002747 -0.003130 -0.004947
v -0.002747 0.003130 -0.004947
v -0.002747 -0.003130 -0.004947
v -0.002747 -0.003002 -0.004924
v -0.002747 0.003130 -0.004947
v -0.002747 0.003099 -0.004920
v -0.002747 -0.003099 -0.004920
v -0.002747 -0.003132 -0.004964
v -0.002747 -0.003130 -0.004950
v -0.002747 -0.003107 -0.004925
v -0.002747 0.003128 -0.004945
v -0.002747 -0.003099 -0.004922
v -0.002747 -0.003023 -0.004922
v -0.002747 0.003023 -0.004922
v -0.002747 0.003099 -0.004922
v -0.002748 0.003107 -0.004924
v -0.002748 0.002921 -0.004951
v -0.002748 -0.003023 -0.004924
v -0.002749 0.003130 -0.004965
v -0.002749 0.002965 -0.004940
v -0.002749 0.003124 -0.004942
v -0.002749 -0.003124 -0.004942
v -0.002749 -0.003126 -0.004947
v -0.002749 0.003129 -0.004964
v -0.002751 -0.003121 -0.004940
v -0.002751 -0.003121 -0.004940
v -0.002751 -0.003099 -0.004928
v -0.002751 0.003099 -0.004928
v -0.002751 0.003120 -0.004939
v -0.002751 0.003120 -0.004939
v -0.002751 0.003001 -0.004931
v -0.002751 -0.003122 -0.004944
v -0.002751 -0.003128 -0.004968
v -0.002751 0.003116 -0.004937
v -0.002751 -0.003115 -0.004937
v -0.002751 -0.003115 -0.004936
v -0.002751 0.003115 -0.004936
v -0.002751 -0.003097 -0.004929
v -0.002752 -0.003107 -0.004932
v -0.002752 0.003107 -0.004932
v -0.002752 -0.002918 -0.004952
v -0.002752 0.003127 -0.004960
v -0.002752 -0.003110 -0.004933
v -0.002752 -0.003110 -0.004933
v -0.002752 0.003110 -0.004933
v -0.002752 0.003110 -0.004933
v -0.002752 -0.003127 -0.004966
v -0.002752 0.003096 -0.004931
v -0.002753 -0.002964 -0.004943
v -0.002753 0.003121 -0.004946
v -0.002753 0.003023 -0.004931
v -0.002753 -0.003114 -0.004938
v -0.002753 -0.003106 -0.004933
v -0.002753 -0.003094 -0.004932
v -0.002754 -0.003000 -0.004935
v -0.002754 0.003123 -0.004956
v -0.002754 -0.003023 -0.004933
v -0.002754 0.003023 -0.004933
v -0.002754 0.003104 -0.004935
v -0.002754 -0.003093 -0.004933
v -0.002754 0.003093 -0.004933
v -0.002754 0.002442 -0.006477
v -0.002754 0.003112 -0.004940
v -0.002754 -0.003124 -0.004962
v -0.002754 0.003092 -0.004933
v -0.002755 -0.003118 -0.004947
v -0.002755 0.003124 -0.004973
v -0.002755 -0.003102 -0.004936
v -0.002755 0.003120 -0.004953
v -0.002755 -0.002443 -0.006477
v -0.002756 -0.003090 -0.004935
v -0.002756 -0.003110 -0.004941
v -0.002756 -0.003121 -0.004958
v -0.002756 0.003116 -0.004949
v -0.002757 0.003100 -0.004938
v -0.002757 -0.003123 -0.004973
v -0.002757 -0.003088 -0.004936
v -0.002757 0.003087 -0.004937
v -0.002757 -0.002914 -0.004953
v -0.002757 0.002914 -0.004953
v -0.002757 0.003123 -0.004974
v -0.002757 0.003108 -0.004943
v -0.002758 -0.003118 -0.004954
v -0.002758 -0.003098 -0.004939
v -0.002759 -0.003114 -0.004951
v -0.002759 -0.002878 -0.010793
v -0.002759 -0.003106 -0.004944
v -0.002759 0.002961 -0.004948
v -0.002759 0.003000 -0.004940
v -0.002759 0.003118 -0.004961
v -0.002760 0.003095 -0.004941
v -0.002760 0.003081 -0.004939
v -0.002761 0.003120 -0.004977
v -0.002761 0.003119 -0.004977
v -0.002761 -0.003093 -0.004942
v -0.002761 0.003111 -0.004953
v -0.002761 -0.003079 -0.004940
v -0.002761 0.003103 -0.004946
v -0.002762 0.002912 -0.010795
v -0.002762 -0.003115 -0.004962
v -0.002762 -0.002959 -0.004949
v -0.002763 -0.003023 -0.004942
v -0.002763 0.003023 -0.004942
v -0.002763 0.003117 -0.004972
v -0.002763 -0.002999 -0.004943
v -0.002763 -0.002435 -0.006477
v -0.002763 -0.003118 -0.004979
v -0.002763 -0.003077 -0.004941
v -0.002763 -0.003101 -0.004947
v -0.002763 0.003076 -0.004941
v -0.002763 -0.003108 -0.004954
v -0.002763 -0.003117 -0.004978
v -0.002764 0.003089 -0.004944
v -0.002764 0.003115 -0.004968
v -0.002764 0.003074 -0.004942
v -0.002765 -0.003087 -0.004945
v -0.002765 -0.003023 -0.004943
v -0.002765 -0.003115 -0.004973
v -0.002765 -0.003073 -0.004943
v -0.002765 0.003112 -0.004964
v -0.002766 -0.000114 -0.004953
v -0.002766 -0.000114 -0.006477
v -0.002766 0.000622 -0.004953
v -0.002766 0.000622 -0.006477
v -0.002766 0.003097 -0.004949
v -0.002766 -0.003114 -0.004983
v -0.002766 0.003105 -0.004956
v -0.002766 -0.003112 -0.004969
v -0.002767 -0.003095 -0.004950
v -0.002767 -0.003109 -0.004965
v -0.002768 -0.003103 -0.004957
v -0.002768 0.003082 -0.004947
v -0.002768 0.003067 -0.004945
v -0.002769 0.003112 -0.004983
v -0.002769 -0.003066 -0.004946
v -0.002769 -0.003080 -0.004947
v -0.002769 0.002956 -0.004951
v -0.002770 0.002998 -0.004948
v -0.002770 -0.003064 -0.004947
v -0.002770 -0.003111 -0.004985
v -0.002771 0.003071 -0.004947
v -0.002771 0.003109 -0.004976
v -0.002771 0.003090 -0.004952
v -0.002771 -0.003110 -0.004985
v -0.002771 -0.003069 -0.004948
v -0.002772 0.003110 -0.004986
v -0.002772 0.003023 -0.004947
v -0.002772 0.003060 -0.004948
v -0.002772 -0.003088 -0.004953
v -0.002773 0.003104 -0.004967
v -0.002773 0.003097 -0.004959
v -0.002773 -0.002459 -0.006479
v -0.002773 0.002459 -0.006479
v -0.002773 0.003101 -0.004963
v -0.002773 0.003075 -0.004949
v -0.002773 -0.003107 -0.004977
v -0.002773 -0.002955 -0.004952
v -0.002773 -0.003023 -0.004948
v -0.002773 0.003023 -0.004948
v -0.002773 0.003058 -0.004948
v -0.002773 -0.003058 -0.004947
v -0.002774 -0.002997 -0.004949
v -0.002774 -0.003073 -0.004949
v -0.002774 -0.003057 -0.004948
v -0.002774 -0.003095 -0.004960
v -0.002774 -0.003102 -0.004968
v -0.002775 0.003079 -0.004952
v -0.002776 -0.003077 -0.004952
v -0.002776 0.003062 -0.004950
v -0.002776 0.003082 -0.004954
v -0.002776 0.003106 -0.004989
v -0.002777 0.003105 -0.004989
v -0.002777 -0.003060 -0.004950
v -0.002777 0.003105 -0.004988
v -0.002777 -0.002897 -0.010795
v -0.002777 -0.003080 -0.004955
v -0.002778 0.003086 -0.004958
v -0.002778 0.003103 -0.004983
v -0.002779 -0.003103 -0.004989
v -0.002779 0.003065 -0.004951
v -0.002779 0.003090 -0.004961
v -0.002779 -0.003084 -0.004958
v -0.002779 0.003048 -0.004949
v -0.002779 -0.003103 -0.004988
v -0.002779 0.003101 -0.004979
v -0.002779 -0.003064 -0.004952
v -0.002779 -0.003047 -0.004949
v -0.002779 -0.002952 -0.004953
v -0.002779 0.002952 -0.004953
v -0.002779 0.003093 -0.004965
v -0.002780 0.003099 -0.004974
v -0.002780 0.003096 -0.004969
v -0.002780 -0.003088 -0.004961
v -0.002780 -0.003101 -0.004983
v -0.002781 -0.003091 -0.004965
v -0.002781 -0.003099 -0.004979
v -0.002781 0.003069 -0.004954
v -0.002781 0.002996 -0.004951
v -0.002781 -0.003097 -0.004974
v -0.002781 -0.003094 -0.004970
v -0.002781 -0.002598 -0.010591
v -0.002782 -0.003067 -0.004954
v -0.002782 0.002598 -0.010591
v -0.002782 0.003052 -0.004951
v -0.002782 -0.003051 -0.004951
v -0.002782 -0.002598 -0.006604
v -0.002782 0.002598 -0.006604
v -0.002782 0.003042 -0.004950
v -0.002783 -0.003041 -0.004950
v -0.002783 0.003072 -0.004956
v -0.002783 0.003023 -0.004951
v -0.002784 -0.003071 -0.004956
v -0.002785 0.003055 -0.004953
v -0.002785 -0.003054 -0.004953
v -0.002785 0.003076 -0.004959
v -0.002785 -0.002995 -0.004952
v -0.002785 -0.003023 -0.004952
v -0.002785 0.003023 -0.004952
v -0.002785 0.003037 -0.004951
v -0.002785 -0.003037 -0.004950
v -0.002786 0.003036 -0.004951
v -0.002786 -0.003075 -0.004959
v -0.002786 0.003097 -0.004993
v -0.002786 -0.003035 -0.004951
v -0.002786 0.003079 -0.004963
v -0.002787 0.003059 -0.004955
v -0.002787 -0.003022 -0.004952
v -0.002787 -0.003078 -0.004963
v -0.002787 -0.003058 -0.004955
v -0.002787 0.003096 -0.004994
v -0.002788 0.003083 -0.004967
v -0.002788 0.003049 -0.004953
v -0.002788 0.003094 -0.004990
v -0.002788 -0.003048 -0.004953
v -0.002789 0.003086 -0.004971
v -0.002789 -0.003081 -0.004967
v -0.002789 -0.003094 -0.004995
v -0.002789 0.003093 -0.004985
v -0.002789 0.003030 -0.004952
v -0.002789 0.003088 -0.004975
v -0.002789 0.003091 -0.004980
v -0.002790 -0.003084 -0.004971
v -0.002790 -0.003093 -0.004990
v -0.002790 0.003062 -0.004957
v -0.002790 -0.003028 -0.004952
v -0.002790 -0.003061 -0.004957
v -0.002790 -0.003091 -0.004985
v -0.002790 -0.003087 -0.004975
v -0.002790 -0.003089 -0.004980
v -0.002792 0.003043 -0.004954
v -0.002792 -0.002994 -0.004953
v -0.002792 0.002994 -0.004953
v -0.002792 0.003066 -0.004960
v -0.002792 -0.003041 -0.004954
v -0.002792 -0.003065 -0.004960
v -0.002792 0.003024 -0.004952
v -0.002794 -0.003022 -0.004953
v -0.002794 0.003022 -0.004953
v -0.002794 0.003056 -0.004958
v -0.002794 0.003069 -0.004964
v -0.002794 -0.003090 -0.004997
v -0.002794 -0.003055 -0.004957
v -0.002794 0.000034 -0.005080
v -0.002794 0.000034 -0.006350
v -0.002794 0.000474 -0.005080
v -0.002794 0.000474 -0.006350
v -0.002794 -0.002478 -0.006488
v -0.002794 0.002478 -0.006488
v -0.002794 -0.003068 -0.004963
v -0.002795 0.003037 -0.004954
v -0.002796 0.003072 -0.004967
v -0.002796 -0.003035 -0.004954
v -0.002796 -0.003072 -0.004967
v -0.002797 0.003075 -0.004971
v -0.002797 0.003050 -0.004957
v -0.002798 -0.003075 -0.004971
v -0.002798 -0.003028 -0.004953
v -0.002798 -0.003049 -0.004957
v -0.002798 0.003078 -0.004976
v -0.002798 0.003086 -0.004998
v -0.002799 0.003031 -0.004954
v -0.002799 -0.003077 -0.004976
v -0.002799 0.003085 -0.004995
v -0.002799 0.003080 -0.004980
v -0.002799 -0.003085 -0.004998
v -0.002799 -0.003029 -0.004954
v -0.002799 -0.003029 -0.004954
v -0.002799 0.003084 -0.004990
v -0.002799 0.003082 -0.004985
v -0.002799 0.003029 -0.004954
v -0.002799 0.003029 -0.004954
v -0.002799 -0.003080 -0.004980
v -0.002799 -0.003084 -0.004995
v -0.002800 0.003028 -0.004954
v -0.002800 -0.003028 -0.004953
v -0.002800 -0.003082 -0.004985
v -0.002800 -0.003083 -0.004990
v -0.002800 -0.003027 -0.004954
v -0.002800 0.003027 -0.004954
v -0.002800 -0.003084 -0.004999
v -0.002800 0.003053 -0.004960
v -0.002800 0.003084 -0.004999
v -0.002801 -0.003052 -0.004960
v -0.002801 0.003031 -0.004954
v -0.002801 0.003044 -0.004957
v -0.002801 -0.003029 -0.004954
v -0.002801 0.003029 -0.004954
v -0.002802 -0.003042 -0.004957
v -0.002803 0.003057 -0.004963
v -0.002803 -0.003055 -0.004963
v -0.002805 0.003038 -0.004957
v -0.002805 0.003060 -0.004967
v -0.002805 -0.003036 -0.004956
v -0.002805 0.003036 -0.004957
v -0.002806 0.003036 -0.004957
v -0.002806 -0.003036 -0.004956
v -0.002806 -0.003058 -0.004966
v -0.002806 -0.003035 -0.004956
v -0.002806 0.003035 -0.004956
v -0.002806 0.003078 -0.005001
v -0.002807 0.003063 -0.004970
v -0.002808 -0.003061 -0.004970
v -0.002808 0.003041 -0.004959
v -0.002808 -0.003039 -0.004959
v -0.002809 0.003039 -0.004958
v -0.002809 0.003065 -0.004975
v -0.002809 -0.003037 -0.004958
v -0.002809 0.003037 -0.004958
v -0.002810 -0.003064 -0.004974
v -0.002810 0.003068 -0.004979
v -0.002811 0.003044 -0.004961
v -0.002811 0.003070 -0.004984
v -0.002811 -0.003066 -0.004979
v -0.002811 -0.003043 -0.004961
v -0.002811 0.003043 -0.004961
v -0.002812 0.003043 -0.004962
v -0.002812 -0.003043 -0.004961
v -0.002812 0.003071 -0.004989
v -0.002812 0.003074 -0.005002
v -0.002812 0.003073 -0.004998
v -0.002812 0.003072 -0.004993
v -0.002812 -0.003068 -0.004983
v -0.002812 -0.003042 -0.004961
v -0.002812 0.003042 -0.004961
v -0.002813 -0.003041 -0.004961
v -0.002813 0.003041 -0.004961
v -0.002813 -0.003070 -0.004988
v -0.002813 -0.003044 -0.004962
v -0.002813 -0.003072 -0.005001
v -0.002813 -0.003071 -0.004993
v -0.002813 -0.003072 -0.004998
v -0.002814 0.003047 -0.004965
v -0.002814 -0.003071 -0.005001
v -0.002814 -0.002495 -0.006503
v -0.002814 0.002495 -0.006503
v -0.002814 0.003071 -0.005002
v -0.002816 0.003047 -0.004966
v -0.002816 0.003050 -0.004968
v -0.002816 -0.003045 -0.004965
v -0.002816 0.003045 -0.004965
v -0.002817 -0.003049 -0.004968
v -0.002817 0.003049 -0.004968
v -0.002817 0.003049 -0.004968
v -0.002818 -0.003048 -0.004968
v -0.002818 0.003048 -0.004968
v -0.002818 -0.003050 -0.004970
v -0.002818 0.003053 -0.004972
v -0.002820 0.003052 -0.004973
v -0.002820 0.003055 -0.004976
v -0.002821 -0.003053 -0.004976
v -0.002821 0.003054 -0.004976
v -0.002821 -0.003054 -0.004976
v -0.002821 0.003054 -0.004976
v -0.002822 0.003057 -0.004981
v -0.002822 -0.003051 -0.004974
v -0.002822 0.003051 -0.004974
v -0.002822 -0.003053 -0.004976
v -0.002822 0.003053 -0.004976
v -0.002823 -0.003052 -0.004976
v -0.002823 0.003052 -0.004976
v -0.002823 -0.003056 -0.004980
v -0.002823 0.003058 -0.004986
v -0.002824 -0.003057 -0.004985
v -0.002824 0.003057 -0.004984
v -0.002824 0.003060 -0.004990
v -0.002824 -0.003057 -0.004986
v -0.002824 0.003057 -0.004985
v -0.002824 0.003057 -0.004986
v -0.002825 0.003061 -0.004995
v -0.002825 0.003061 -0.005000
v -0.002825 0.003061 -0.005003
v -0.002825 -0.003056 -0.004985
v -0.002825 0.003056 -0.004985
v -0.002826 -0.002506 -0.006518
v -0.002826 0.002506 -0.006518
v -0.002826 -0.003059 -0.004992
v -0.002826 -0.003059 -0.004995
v -0.002826 -0.003059 -0.004995
v -0.002826 0.003059 -0.004995
v -0.002826 0.003059 -0.004995
v -0.002826 -0.003056 -0.004985
v -0.002826 0.003056 -0.004985
v -0.002826 0.003059 -0.004996
v -0.002826 -0.003060 -0.004999
v -0.002827 -0.003060 -0.005003
v -0.002827 0.003060 -0.005003
v -0.002827 -0.003058 -0.004995
v -0.002827 0.003058 -0.004995
v -0.002827 -0.003059 -0.005003
v -0.002827 0.003059 -0.005003
v -0.002828 -0.003057 -0.004995
v -0.002828 0.003057 -0.004995
v -0.002828 -0.003058 -0.004997
v -0.002828 0.003058 -0.004997
v -0.002828 -0.003058 -0.005003
v -0.002828 0.003058 -0.005003
v -0.002840 -0.002518 -0.006544
v -0.002840 0.002518 -0.006544
v -0.002846 0.002337 -0.006477
v -0.002847 0.000074 -0.005080
v -0.002847 0.000074 -0.006350
v -0.002847 0.000434 -0.005080
v -0.002847 0.000434 -0.006350
v -0.002848 -0.002525 -0.006572
v -0.002848 0.002525 -0.006572
v -0.002851 -0.002528 -0.006604
v -0.002851 0.002528 -0.006604
v -0.002857 -0.000076 -0.004953
v -0.002857 -0.000076 -0.006477
v -0.002857 0.000584 -0.004953
v -0.002857 0.000584 -0.006477
v -0.002873 0.002503 -0.010591
v -0.002875 -0.002299 -0.006477
v -0.002876 0.002506 -0.010636
v -0.002886 -0.002487 -0.010591
v -0.002887 0.000127 -0.005080
v -0.002887 0.000127 -0.006350
v -0.002887 0.000381 -0.005080
v -0.002887 0.000381 -0.006350
v -0.002888 0.002516 -0.010681
v -0.002889 -0.002930 -0.004953
v -0.002890 -0.002490 -0.010636
v -0.002902 -0.002501 -0.010681
v -0.002910 0.002535 -0.010724
v -0.002912 0.000188 -0.005080
v -0.002912 0.000188 -0.006350
v -0.002912 0.000320 -0.005080
v -0.002912 0.000320 -0.006350
v -0.002916 -0.002867 -0.010795
v -0.002916 0.002867 -0.010795
v -0.002921 0.000254 -0.005080
v -0.002921 0.000254 -0.006350
v -0.002921 -0.002243 -0.006477
v -0.002924 -0.002520 -0.010724
v -0.002926 -0.002876 -0.010793
v -0.002926 0.002876 -0.010793
v -0.002934 -0.002883 -0.004953
v -0.002935 0.002882 -0.004953
v -0.002936 -0.000015 -0.004953
v -0.002936 -0.000015 -0.006477
v -0.002936 0.000523 -0.004953
v -0.002936 0.000523 -0.006477
v -0.002938 -0.002888 -0.010788
v -0.002938 0.002888 -0.010788
v -0.002938 0.002560 -0.010758
v -0.002943 -0.002891 -0.004954
v -0.002944 0.002891 -0.004954
v -0.002945 -0.002944 -0.010718
v -0.002945 0.002944 -0.010718
v -0.002945 0.002945 -0.005003
v -0.002945 -0.002945 -0.005003
v -0.002949 -0.002900 -0.010779
v -0.002949 0.002900 -0.010779
v -0.002951 -0.002899 -0.004958
v -0.002952 -0.002544 -0.010758
v -0.002952 0.002898 -0.004958
v -0.002956 -0.002906 -0.010770
v -0.002956 0.002906 -0.010770
v -0.002959 -0.002907 -0.004965
v -0.002960 0.002906 -0.004965
v -0.002964 -0.002914 -0.010754
v -0.002964 0.002914 -0.010754
v -0.002965 -0.002913 -0.004974
v -0.002966 0.002912 -0.004974
v -0.002969 -0.002919 -0.010737
v -0.002969 0.002919 -0.010737
v -0.002969 -0.002917 -0.004985
v -0.002970 0.002916 -0.004985
v -0.002970 -0.002920 -0.010718
v -0.002970 0.002920 -0.010718
v -0.002971 0.002588 -0.010781
v -0.002971 -0.002919 -0.004997
v -0.002971 -0.002919 -0.005003
v -0.002972 0.002918 -0.004997
v -0.002972 0.002918 -0.005003
v -0.002977 -0.002165 -0.006477
v -0.002978 0.002166 -0.006477
v -0.002981 0.002836 -0.004953
v -0.002985 -0.002572 -0.010781
v -0.002997 0.000064 -0.004953
v -0.002997 0.000064 -0.006477
v -0.002997 0.000445 -0.004953
v -0.002997 0.000445 -0.006477
v -0.002997 -0.002179 -0.006479
v -0.002997 0.002179 -0.006479
v -0.002997 0.002141 -0.006477
v -0.003006 0.002619 -0.010793
v -0.003020 -0.002603 -0.010793
v -0.003020 -0.002196 -0.006488
v -0.003020 0.002196 -0.006488
v -0.003023 0.000381 -0.004953
v -0.003023 0.000381 -0.006477
v -0.003026 0.002636 -0.010795
v -0.003035 0.000155 -0.004953
v -0.003035 0.000155 -0.006477
v -0.003035 0.000353 -0.004953
v -0.003035 0.000353 -0.006477
v -0.003040 -0.002620 -0.010795
v -0.003042 -0.002212 -0.006503
v -0.003042 0.002212 -0.006503
v -0.003048 0.000254 -0.004953
v -0.003048 0.000254 -0.006477
v -0.003054 -0.002221 -0.006518
v -0.003054 0.002221 -0.006518
v -0.003066 -0.002041 -0.006477
v -0.003070 -0.002232 -0.006544
v -0.003070 0.002232 -0.006544
v -0.003070 -0.002740 -0.004953
v -0.003070 0.002740 -0.004953
v -0.003076 -0.002746 -0.004954
v -0.003076 0.002746 -0.004954
v -0.003078 -0.002747 -0.004954
v -0.003078 0.002747 -0.004954
v -0.003078 -0.002238 -0.006572
v -0.003078 0.002238 -0.006572
v -0.003078 0.002748 -0.004954
v -0.003081 -0.002241 -0.006604
v -0.003081 0.002241 -0.006604
v -0.003082 -0.002751 -0.004956
v -0.003082 0.002751 -0.004956
v -0.003086 0.002755 -0.004958
v -0.003086 -0.002755 -0.004958
v -0.003093 0.002761 -0.004964
v -0.003094 -0.002762 -0.004965
v -0.003094 0.002762 -0.004965
v -0.003094 -0.002762 -0.004965
v -0.003095 0.002762 -0.004966
v -0.003096 -0.002705 -0.004953
v -0.003098 0.002218 -0.010591
v -0.003099 0.002767 -0.004972
v -0.003099 0.002767 -0.004972
v -0.003101 -0.002768 -0.004974
v -0.003102 0.002221 -0.010636
v -0.003102 -0.002769 -0.004978
v -0.003103 0.002770 -0.004980
v -0.003104 0.002771 -0.004981
v -0.003105 0.002771 -0.004985
v -0.003105 -0.002772 -0.004985
v -0.003105 -0.002712 -0.004953
v -0.003107 0.002773 -0.004992
v -0.003107 -0.002773 -0.004995
v -0.003107 0.002773 -0.004997
v -0.003107 0.002773 -0.004998
v -0.003107 -0.002774 -0.004997
v -0.003108 -0.002774 -0.005003
v -0.003108 0.002774 -0.005003
v -0.003109 -0.002202 -0.010591
v -0.003111 -0.002196 -0.006604
v -0.003111 0.002196 -0.006604
v -0.003112 0.002197 -0.010591
v -0.003112 -0.002718 -0.004956
v -0.003112 -0.002197 -0.010591
v -0.003113 -0.002205 -0.010636
v -0.003114 0.002230 -0.010681
v -0.003118 -0.002723 -0.004959
v -0.003124 -0.002728 -0.004964
v -0.003126 -0.002214 -0.010681
v -0.003128 -0.002732 -0.004971
v -0.003132 -0.002747 -0.005040
v -0.003132 -0.002735 -0.004978
v -0.003134 0.001936 -0.006477
v -0.003135 -0.002738 -0.004986
v -0.003135 -0.002742 -0.005003
v -0.003137 -0.002739 -0.004995
v -0.003137 -0.002740 -0.005003
v -0.003138 0.002247 -0.010724
v -0.003150 -0.002230 -0.010724
v -0.003154 0.002652 -0.004953
v -0.003156 -0.002719 -0.005078
v -0.003161 0.002657 -0.004956
v -0.003166 -0.002702 -0.005002
v -0.003168 0.002663 -0.004960
v -0.003168 0.002269 -0.010758
v -0.003171 -0.002583 -0.010795
v -0.003171 0.002583 -0.010795
v -0.003173 0.001868 -0.006477
v -0.003173 -0.001868 -0.006477
v -0.003174 0.002668 -0.004966
v -0.003179 0.002671 -0.004972
v -0.003180 -0.002252 -0.010758
v -0.003181 -0.002591 -0.010793
v -0.003181 0.002591 -0.010793
v -0.003183 0.002675 -0.004980
v -0.003186 0.002677 -0.004989
v -0.003186 0.002677 -0.005001
v -0.003187 0.002678 -0.004998
v -0.003194 -0.001880 -0.006479
v -0.003194 0.001880 -0.006479
v -0.003195 -0.002602 -0.010788
v -0.003195 0.002602 -0.010788
v -0.003195 -0.001832 -0.006477
v -0.003203 0.002294 -0.010781
v -0.003207 -0.002612 -0.010779
v -0.003207 0.002612 -0.010779
v -0.003212 0.002651 -0.005165
v -0.003214 0.002642 -0.005001
v -0.003214 -0.002618 -0.010770
v -0.003214 0.002618 -0.010770
v -0.003216 -0.002277 -0.010781
v -0.003218 -0.001894 -0.006488
v -0.003218 0.001894 -0.006488
v -0.003218 0.002545 -0.004953
v -0.003223 -0.002625 -0.010754
v -0.003223 0.002625 -0.010754
v -0.003226 0.002550 -0.004953
v -0.003228 -0.002629 -0.010737
v -0.003228 0.002629 -0.010737
v -0.003229 -0.002531 -0.004953
v -0.003229 0.002531 -0.004953
v -0.003230 -0.002631 -0.010718
v -0.003230 0.002631 -0.010718
v -0.003233 -0.002615 -0.005000
v -0.003234 0.002555 -0.004956
v -0.003237 -0.002516 -0.004953
v -0.003241 0.002321 -0.010793
v -0.003241 0.002560 -0.004960
v -0.003241 -0.001908 -0.006503
v -0.003241 0.001908 -0.006503
v -0.003243 0.002615 -0.005212
v -0.003245 -0.002521 -0.004953
v -0.003248 0.002564 -0.004966
v -0.003253 -0.002526 -0.004956
v -0.003253 0.002568 -0.004972
v -0.003254 -0.002304 -0.010793
v -0.003255 -0.001916 -0.006518
v -0.003255 0.001916 -0.006518
v -0.003256 0.001723 -0.006477
v -0.003257 0.002571 -0.004980
v -0.003259 -0.002530 -0.004959
v -0.003260 0.002573 -0.004997
v -0.003260 0.002573 -0.004999
v -0.003260 0.002573 -0.004989
v -0.003263 0.002337 -0.010795
v -0.003266 -0.002534 -0.004964
v -0.003269 -0.002559 -0.004999
v -0.003270 0.002558 -0.004999
v -0.003271 -0.001925 -0.006544
v -0.003271 0.001925 -0.006544
v -0.003271 -0.002538 -0.004971
v -0.003275 -0.002319 -0.010795
v -0.003275 -0.002540 -0.004978
v -0.003279 -0.002542 -0.004986
v -0.003279 -0.002543 -0.004999
v -0.003280 -0.001931 -0.006572
v -0.003280 0.001931 -0.006572
v -0.003280 -0.002544 -0.004995
v -0.003283 -0.001933 -0.006604
v -0.003283 0.001933 -0.006604
v -0.003291 0.001651 -0.006477
v -0.003291 -0.001651 -0.006477
v -0.003294 -0.002550 -0.005290
v -0.003294 0.001914 -0.010591
v -0.003299 0.001916 -0.010636
v -0.003302 0.002521 -0.005054
v -0.003302 -0.002534 -0.010718
v -0.003302 0.002534 -0.010718
v -0.003304 0.002535 -0.005305
v -0.003305 -0.002536 -0.005307
v -0.003305 -0.001896 -0.010591
v -0.003307 0.002501 -0.004998
v -0.003308 -0.002413 -0.004953
v -0.003309 0.002498 -0.004998
v -0.003309 -0.001899 -0.010636
v -0.003310 -0.001615 -0.006477
v -0.003312 0.001924 -0.010681
v -0.003316 -0.002417 -0.004956
v -0.003323 -0.001906 -0.010681
v -0.003323 -0.002421 -0.004959
v -0.003324 -0.002472 -0.004997
v -0.003324 0.002508 -0.005337
v -0.003330 -0.002424 -0.004964
v -0.003333 0.002338 -0.004953
v -0.003335 -0.002427 -0.004971
v -0.003336 0.002446 -0.004997
v -0.003337 0.001939 -0.010724
v -0.003338 -0.001552 -0.006477
v -0.003338 0.001552 -0.006477
v -0.003339 -0.002489 -0.005359
v -0.003340 -0.002430 -0.004978
v -0.003343 -0.002431 -0.004986
v -0.003344 0.002343 -0.004953
v -0.003344 -0.002432 -0.004995
v -0.003344 -0.002432 -0.004996
v -0.003348 -0.001921 -0.010724
v -0.003351 0.002347 -0.004956
v -0.003354 -0.002300 -0.004953
v -0.003354 0.002300 -0.004953
v -0.003355 -0.002299 -0.004953
v -0.003359 0.002351 -0.004960
v -0.003360 -0.001563 -0.006479
v -0.003360 0.001563 -0.006479
v -0.003362 0.002303 -0.004954
v -0.003362 -0.002303 -0.004953
v -0.003364 0.001501 -0.006477
v -0.003364 0.002304 -0.004954
v -0.003364 -0.002304 -0.004954
v -0.003365 0.002304 -0.004954
v -0.003366 0.002454 -0.005401
v -0.003366 0.002354 -0.004966
v -0.003369 0.001957 -0.010758
v -0.003370 0.002306 -0.004956
v -0.003370 -0.002306 -0.004956
v -0.003372 0.002357 -0.004972
v -0.003374 0.002308 -0.004958
v -0.003374 -0.002308 -0.004958
v -0.003375 0.002309 -0.004958
v -0.003377 0.002359 -0.004980
v -0.003379 -0.001751 -0.006604
v -0.003379 0.001751 -0.006604
v -0.003379 0.001751 -0.010591
v -0.003379 -0.001751 -0.010591
v -0.003380 -0.001939 -0.010758
v -0.003380 0.002361 -0.004989
v -0.003381 0.002361 -0.004995
v -0.003382 0.002359 -0.004995
v -0.003383 -0.002355 -0.004995
v -0.003384 -0.002313 -0.004964
v -0.003384 0.002313 -0.004964
v -0.003384 -0.002313 -0.004964
v -0.003385 0.002313 -0.004966
v -0.003386 -0.001575 -0.006488
v -0.003386 0.001575 -0.006488
v -0.003392 0.002316 -0.004973
v -0.003392 0.002316 -0.004974
v -0.003392 -0.002316 -0.004974
v -0.003394 -0.002317 -0.004978
v -0.003396 0.002318 -0.004980
v -0.003397 0.002319 -0.004983
v -0.003397 0.002319 -0.004984
v -0.003397 -0.002319 -0.004984
v -0.003398 -0.002276 -0.010795
v -0.003398 0.002276 -0.010795
v -0.003399 0.002319 -0.004989
v -0.003400 0.002389 -0.005231
v -0.003400 -0.002320 -0.004994
v -0.003400 0.002320 -0.004994
v -0.003406 -0.002398 -0.005462
v -0.003407 0.001979 -0.010781
v -0.003409 -0.002283 -0.010793
v -0.003409 0.002283 -0.010793
v -0.003410 -0.001586 -0.006503
v -0.003410 0.001586 -0.006503
v -0.003411 -0.001390 -0.006477
v -0.003412 -0.002372 -0.005255
v -0.003418 -0.001961 -0.010781
v -0.003422 -0.002142 -0.004953
v -0.003422 0.002142 -0.004953
v -0.003423 -0.002293 -0.010788
v -0.003423 0.002293 -0.010788
v -0.003424 -0.001592 -0.006518
v -0.003424 0.001592 -0.006518
v -0.003431 -0.002146 -0.004954
v -0.003431 0.002146 -0.004954
v -0.003436 -0.002301 -0.010779
v -0.003436 0.002301 -0.010779
v -0.003439 -0.002264 -0.005068
v -0.003441 -0.001600 -0.006544
v -0.003441 0.001600 -0.006544
v -0.003442 -0.002150 -0.004958
v -0.003442 0.002150 -0.004958
v -0.003444 -0.002307 -0.010770
v -0.003444 0.002307 -0.010770
v -0.003447 0.002003 -0.010793
v -0.003451 -0.001605 -0.006572
v -0.003451 0.001605 -0.006572
v -0.003452 -0.002154 -0.004964
v -0.003452 0.002154 -0.004964
v -0.003454 -0.002313 -0.010754
v -0.003454 0.002313 -0.010754
v -0.003455 -0.001607 -0.006604
v -0.003455 0.001607 -0.006604
v -0.003457 0.001270 -0.006477
v -0.003458 -0.001984 -0.010793
v -0.003459 -0.002317 -0.010737
v -0.003459 0.002317 -0.010737
v -0.003460 -0.002158 -0.004974
v -0.003460 0.002158 -0.004974
v -0.003461 0.002230 -0.005108
v -0.003461 -0.002318 -0.010718
v -0.003461 0.002318 -0.010718
v -0.003461 0.001592 -0.010591
v -0.003465 -0.002160 -0.004984
v -0.003465 0.002160 -0.004984
v -0.003466 0.001594 -0.010636
v -0.003468 -0.002161 -0.004994
v -0.003468 0.002161 -0.004994
v -0.003470 -0.001573 -0.010591
v -0.003470 0.002016 -0.010795
v -0.003472 -0.001223 -0.006477
v -0.003473 0.001223 -0.006477
v -0.003473 -0.002213 -0.005130
v -0.003474 -0.001575 -0.010636
v -0.003480 0.001601 -0.010681
v -0.003481 -0.001997 -0.010795
v -0.003482 0.002287 -0.005577
v -0.003489 -0.001582 -0.010681
v -0.003495 -0.001231 -0.006479
v -0.003495 0.001231 -0.006479
v -0.003497 -0.001156 -0.006477
v -0.003506 0.002248 -0.005614
v -0.003506 0.001613 -0.010724
v -0.003512 -0.002241 -0.005622
v -0.003515 -0.001594 -0.010724
v -0.003516 -0.002233 -0.005629
v -0.003517 0.002148 -0.005212
v -0.003519 -0.002022 -0.004994
v -0.003519 0.002022 -0.004994
v -0.003523 -0.001240 -0.006488
v -0.003523 0.001240 -0.006488
v -0.003535 0.001034 -0.006477
v -0.003540 0.001628 -0.010758
v -0.003547 -0.001249 -0.006503
v -0.003547 0.001249 -0.006503
v -0.003549 -0.001609 -0.010758
v -0.003551 -0.002093 -0.005276
v -0.003560 0.002148 -0.005518
v -0.003562 -0.001254 -0.006518
v -0.003562 0.001254 -0.006518
v -0.003567 -0.000917 -0.006477
v -0.003568 -0.002136 -0.005534
v -0.003573 -0.001729 -0.004953
v -0.003573 0.001729 -0.004953
v -0.003574 0.000882 -0.006477
v -0.003575 -0.000882 -0.006477
v -0.003576 0.000876 -0.006477
v -0.003576 -0.000876 -0.006477
v -0.003579 0.002045 -0.005328
v -0.003579 -0.002045 -0.005329
v -0.003580 0.001646 -0.010781
v -0.003580 -0.001260 -0.006544
v -0.003580 0.001260 -0.006544
v -0.003582 -0.001733 -0.004954
v -0.003582 0.001733 -0.004954
v -0.003588 0.002116 -0.005738
v -0.003588 -0.001275 -0.010591
v -0.003588 -0.001627 -0.010781
v -0.003589 0.001276 -0.010591
v -0.003590 -0.001276 -0.006604
v -0.003590 0.001276 -0.006604
v -0.003590 -0.001264 -0.006572
v -0.003590 0.001264 -0.006572
v -0.003593 -0.001736 -0.004958
v -0.003593 0.001736 -0.004958
v -0.003594 -0.001265 -0.006604
v -0.003594 0.001265 -0.006604
v -0.003594 -0.001651 -0.004953
v -0.003594 0.001651 -0.004953
v -0.003595 -0.001949 -0.010795
v -0.003595 0.001949 -0.010795
v -0.003596 0.000795 -0.006477
v -0.003597 0.001256 -0.010591
v -0.003598 -0.000887 -0.006479
v -0.003598 0.000887 -0.006479
v -0.003602 0.001257 -0.010636
v -0.003603 -0.001739 -0.004964
v -0.003604 0.001739 -0.004964
v -0.003604 -0.001236 -0.010591
v -0.003604 -0.002081 -0.010718
v -0.003604 0.002081 -0.010718
v -0.003607 0.002082 -0.005766
v -0.003607 -0.001955 -0.010793
v -0.003607 0.001955 -0.010793
v -0.003607 -0.002083 -0.005766
v -0.003608 -0.001238 -0.010636
v -0.003609 0.001994 -0.005385
v -0.003612 -0.001742 -0.004974
v -0.003612 0.001742 -0.004974
v -0.003615 0.000699 -0.006477
v -0.003617 0.001263 -0.010681
v -0.003617 -0.001980 -0.005399
v -0.003617 -0.001744 -0.004984
v -0.003617 0.001744 -0.004984
v -0.003619 -0.002063 -0.005783
v -0.003620 -0.001745 -0.004994
v -0.003620 0.001745 -0.004994
v -0.003621 -0.000677 -0.006477
v -0.003622 0.001666 -0.010793
v -0.003622 -0.001963 -0.010788
v -0.003622 0.001963 -0.010788
v -0.003623 0.001971 -0.005411
v -0.003623 -0.001243 -0.010681
v -0.003626 -0.000894 -0.006488
v -0.003626 0.000894 -0.006488
v -0.003631 -0.001646 -0.010793
v -0.003636 -0.001971 -0.010779
v -0.003636 0.001971 -0.010779
v -0.003642 0.000554 -0.006477
v -0.003643 -0.000532 -0.006477
v -0.003644 0.001272 -0.010724
v -0.003644 0.000532 -0.006477
v -0.003645 -0.001976 -0.010770
v -0.003645 0.001976 -0.010770
v -0.003646 0.001677 -0.010795
v -0.003651 -0.001253 -0.010724
v -0.003652 -0.000901 -0.006503
v -0.003652 0.000901 -0.006503
v -0.003652 -0.001920 -0.005464
v -0.003654 -0.001981 -0.010754
v -0.003654 0.001981 -0.010754
v -0.003655 -0.001657 -0.010795
v -0.003658 -0.000434 -0.006477
v -0.003660 -0.001984 -0.010737
v -0.003660 0.001984 -0.010737
v -0.003662 0.000381 -0.006477
v -0.003662 -0.000381 -0.006477
v -0.003662 -0.001985 -0.010718
v -0.003662 0.001985 -0.010718
v -0.003664 0.001981 -0.005851
v -0.003667 -0.000904 -0.006518
v -0.003667 0.000904 -0.006518
v -0.003667 -0.000536 -0.006479
v -0.003667 0.000536 -0.006479
v -0.003669 -0.001971 -0.005858
v -0.003670 0.000309 -0.006477
v -0.003677 0.000177 -0.006477
v -0.003678 -0.000189 -0.006477
v -0.003678 -0.000179 -0.006477
v -0.003679 0.001283 -0.010758
v -0.003683 0.000059 -0.006477
v -0.003685 -0.000910 -0.006544
v -0.003685 0.000908 -0.006544
v -0.003686 -0.001266 -0.010758
v -0.003688 0.001935 -0.005888
v -0.003691 -0.001307 -0.004953
v -0.003691 0.001305 -0.004953
v -0.003695 -0.000912 -0.006572
v -0.003695 -0.000541 -0.006488
v -0.003695 0.000539 -0.006488
v -0.003695 0.000910 -0.006572
v -0.003699 -0.000913 -0.006604
v -0.003699 0.000911 -0.006604
v -0.003700 -0.001461 -0.004994
v -0.003700 0.001459 -0.004994
v -0.003700 0.000907 -0.010591
v -0.003701 0.001900 -0.005766
v -0.003701 -0.001310 -0.004954
v -0.003701 0.001308 -0.004954
v -0.003701 -0.000180 -0.006479
v -0.003701 0.000178 -0.006479
v -0.003705 -0.001895 -0.005775
v -0.003705 0.000908 -0.010636
v -0.003705 -0.000889 -0.010591
v -0.003710 -0.000890 -0.010636
v -0.003711 -0.001893 -0.005922
v -0.003712 -0.001312 -0.004958
v -0.003712 0.001310 -0.004958
v -0.003719 0.001791 -0.005588
v -0.003720 0.001298 -0.010781
v -0.003720 0.000912 -0.010681
v -0.003721 -0.000545 -0.006503
v -0.003721 0.000543 -0.006503
v -0.003722 -0.001315 -0.004964
v -0.003722 0.001313 -0.004964
v -0.003725 -0.000894 -0.010681
v -0.003726 -0.000775 -0.006604
v -0.003726 0.000773 -0.006604
v -0.003726 0.000773 -0.010591
v -0.003727 -0.000775 -0.010591
v -0.003727 -0.001280 -0.010781
v -0.003730 -0.000182 -0.006488
v -0.003730 0.000180 -0.006488
v -0.003731 -0.001317 -0.004974
v -0.003731 0.001315 -0.004974
v -0.003736 -0.001318 -0.004984
v -0.003736 0.001316 -0.004984
v -0.003737 -0.000547 -0.006518
v -0.003737 0.000545 -0.006518
v -0.003737 0.001752 -0.005622
v -0.003739 -0.001319 -0.004994
v -0.003739 0.001317 -0.004994
v -0.003743 -0.001745 -0.005632
v -0.003748 0.000919 -0.010724
v -0.003753 -0.000901 -0.010724
v -0.003755 -0.000550 -0.006544
v -0.003755 0.000548 -0.006544
v -0.003757 -0.000183 -0.006503
v -0.003757 0.000181 -0.006503
v -0.003761 -0.001606 -0.010795
v -0.003761 0.001604 -0.010795
v -0.003764 0.001313 -0.010793
v -0.003766 -0.000551 -0.006572
v -0.003766 0.000549 -0.006572
v -0.003770 0.000551 -0.010591
v -0.003770 -0.000552 -0.006604
v -0.003770 0.000550 -0.006604
v -0.003771 0.001770 -0.006011
v -0.003771 -0.001295 -0.010793
v -0.003772 -0.000184 -0.006518
v -0.003772 0.000182 -0.006518
v -0.003773 -0.000533 -0.010591
v -0.003774 -0.001611 -0.010793
v -0.003774 0.001609 -0.010793
v -0.003775 0.000552 -0.010636
v -0.003775 -0.000877 -0.004953
v -0.003775 0.000875 -0.004953
v -0.003776 -0.000876 -0.004953
v -0.003776 0.000874 -0.004953
v -0.003778 -0.000534 -0.010636
v -0.003784 0.000928 -0.010758
v -0.003786 -0.000878 -0.004954
v -0.003786 0.000876 -0.004954
v -0.003789 0.001322 -0.010795
v -0.003789 -0.000909 -0.010758
v -0.003789 -0.001618 -0.010788
v -0.003789 0.001616 -0.010788
v -0.003790 0.000554 -0.010681
v -0.003791 -0.000184 -0.006544
v -0.003791 0.000182 -0.006544
v -0.003793 -0.000536 -0.010681
v -0.003796 -0.001303 -0.010795
v -0.003796 0.000697 -0.004953
v -0.003797 -0.001715 -0.006050
v -0.003797 -0.000880 -0.004958
v -0.003797 0.000878 -0.004958
v -0.003797 0.001709 -0.006050
v -0.003798 -0.000261 -0.010591
v -0.003798 -0.000261 -0.006604
v -0.003798 0.000259 -0.006604
v -0.003798 0.000259 -0.010591
v -0.003802 -0.000185 -0.006572
v -0.003802 0.000183 -0.006572
v -0.003804 -0.001624 -0.010779
v -0.003804 0.001622 -0.010779
v -0.003805 0.001610 -0.005745
v -0.003805 -0.001696 -0.006062
v -0.003805 0.000191 -0.010591
v -0.003806 -0.000185 -0.006604
v -0.003806 0.000183 -0.006604
v -0.003806 -0.000172 -0.010591
v -0.003808 -0.000881 -0.004964
v -0.003808 0.000879 -0.004964
v -0.003810 0.000191 -0.010636
v -0.003811 -0.000172 -0.010636
v -0.003813 -0.001628 -0.010770
v -0.003813 0.001626 -0.010770
v -0.003816 -0.000883 -0.004974
v -0.003816 0.000881 -0.004974
v -0.003819 0.000559 -0.010724
v -0.003821 0.001649 -0.005977
v -0.003822 -0.000540 -0.010724
v -0.003822 -0.000884 -0.004984
v -0.003822 0.000882 -0.004984
v -0.003823 -0.001632 -0.010754
v -0.003823 0.001630 -0.010754
v -0.003824 -0.001568 -0.005780
v -0.003825 -0.000884 -0.004994
v -0.003825 0.000882 -0.004994
v -0.003825 0.000882 -0.004994
v -0.003826 0.000192 -0.010681
v -0.003826 -0.001645 -0.006094
v -0.003827 0.000938 -0.010781
v -0.003827 -0.000440 -0.004953
v -0.003827 0.000438 -0.004953
v -0.003827 -0.000173 -0.010681
v -0.003828 -0.001637 -0.005990
v -0.003829 -0.000382 -0.004953
v -0.003829 0.000380 -0.004953
v -0.003829 -0.001635 -0.010737
v -0.003829 0.001633 -0.010737
v -0.003831 -0.001636 -0.010718
v -0.003831 0.001634 -0.010718
v -0.003832 -0.000920 -0.010781
v -0.003837 -0.000441 -0.004954
v -0.003837 0.000439 -0.004954
v -0.003844 -0.000001 -0.004953
v -0.003846 0.001510 -0.005821
v -0.003847 -0.001594 -0.010718
v -0.003847 0.001592 -0.010718
v -0.003847 0.001597 -0.006124
v -0.003847 -0.001590 -0.006024
v -0.003848 -0.001595 -0.006125
v -0.003848 0.001593 -0.006126
v -0.003849 -0.000442 -0.004958
v -0.003849 0.000440 -0.004958
v -0.003851 0.001499 -0.005829
v -0.003851 -0.001501 -0.005830
v -0.003852 -0.001498 -0.005832
v -0.003854 -0.000001 -0.004954
v -0.003855 0.000193 -0.010724
v -0.003855 0.000564 -0.010758
v -0.003856 -0.000174 -0.010724
v -0.003858 -0.000545 -0.010758
v -0.003859 -0.000443 -0.004964
v -0.003859 0.000440 -0.004964
v -0.003866 -0.000001 -0.004958
v -0.003868 -0.000443 -0.004974
v -0.003868 0.000441 -0.004974
v -0.003870 -0.001454 -0.005865
v -0.003872 0.000949 -0.010793
v -0.003872 -0.001537 -0.006161
v -0.003874 -0.000444 -0.004984
v -0.003874 0.000442 -0.004984
v -0.003876 -0.000001 -0.004964
v -0.003877 -0.000444 -0.004994
v -0.003877 0.000442 -0.004994
v -0.003877 -0.000930 -0.010793
v -0.003880 0.001428 -0.005883
v -0.003882 -0.000296 -0.004994
v -0.003882 0.000294 -0.004994
v -0.003885 -0.000001 -0.004974
v -0.003886 -0.001414 -0.005894
v -0.003889 0.001489 -0.006186
v -0.003891 -0.000001 -0.004984
v -0.003892 0.000195 -0.010758
v -0.003893 -0.000176 -0.010758
v -0.003894 -0.000001 -0.004994
v -0.003895 -0.001248 -0.010795
v -0.003895 0.001246 -0.010795
v -0.003898 0.000956 -0.010795
v -0.003899 0.000570 -0.010781
v -0.003902 -0.000551 -0.010781
v -0.003903 -0.000937 -0.010795
v -0.003905 0.001443 -0.006122
v -0.003907 -0.001252 -0.010793
v -0.003907 0.001250 -0.010793
v -0.003911 0.001432 -0.006219
v -0.003921 0.001315 -0.005957
v -0.003924 -0.001258 -0.010788
v -0.003924 0.001256 -0.010788
v -0.003932 -0.001377 -0.006249
v -0.003935 0.000197 -0.010781
v -0.003936 -0.000178 -0.010781
v -0.003936 -0.001364 -0.006256
v -0.003939 -0.001262 -0.010779
v -0.003939 0.001260 -0.010779
v -0.003939 0.001262 -0.005991
v -0.003943 -0.001253 -0.005998
v -0.003943 -0.001338 -0.006191
v -0.003944 0.000577 -0.010793
v -0.003947 -0.000558 -0.010793
v -0.003948 -0.001265 -0.010770
v -0.003948 0.001263 -0.010770
v -0.003955 -0.001215 -0.006019
v -0.003959 -0.001269 -0.010754
v -0.003959 0.001267 -0.010754
v -0.003965 -0.001271 -0.010737
v -0.003965 0.001269 -0.010737
v -0.003967 -0.001271 -0.010718
v -0.003967 0.001269 -0.010718
v -0.003971 0.000581 -0.010795
v -0.003973 0.001252 -0.006310
v -0.003974 -0.000561 -0.010795
v -0.003981 0.000199 -0.010793
v -0.003983 -0.000180 -0.010793
v -0.003983 0.001218 -0.006325
v -0.003991 0.001186 -0.006272
v -0.003992 0.001092 -0.006087
v -0.003994 -0.000880 -0.010795
v -0.003994 0.000878 -0.010795
v -0.003995 -0.001179 -0.006343
v -0.003997 0.001074 -0.006096
v -0.003997 -0.001075 -0.006097
v -0.004007 -0.000882 -0.010793
v -0.004007 0.000880 -0.010793
v -0.004008 0.000201 -0.010795
v -0.004009 -0.000181 -0.010795
v -0.004015 -0.001106 -0.006372
v -0.004019 -0.001078 -0.010718
v -0.004019 0.001076 -0.010718
v -0.004022 -0.001081 -0.006326
v -0.004022 -0.001079 -0.006383
v -0.004023 -0.000975 -0.006143
v -0.004023 0.001077 -0.006385
v -0.004024 -0.000886 -0.010788
v -0.004024 0.000884 -0.010788
v -0.004027 0.001066 -0.006389
v -0.004038 -0.000917 -0.006169
v -0.004038 0.000915 -0.006170
v -0.004039 -0.000890 -0.010779
v -0.004039 0.000888 -0.010779
v -0.004039 0.000909 -0.006173
v -0.004043 -0.000896 -0.006179
v -0.004049 -0.000981 -0.006422
v -0.004049 -0.000892 -0.010770
v -0.004049 0.000890 -0.010770
v -0.004055 0.000946 -0.006431
v -0.004055 0.000833 -0.006202
v -0.004058 -0.000503 -0.010795
v -0.004058 0.000501 -0.010795
v -0.004060 -0.000894 -0.010754
v -0.004060 0.000892 -0.010754
v -0.004060 0.000927 -0.006390
v -0.004066 -0.000895 -0.010737
v -0.004066 0.000893 -0.010737
v -0.004068 -0.000896 -0.010718
v -0.004068 0.000894 -0.010718
v -0.004072 -0.000505 -0.010793
v -0.004072 0.000503 -0.010793
v -0.004073 0.000871 -0.006458
v -0.004076 -0.000735 -0.006239
v -0.004078 0.000727 -0.006242
v -0.004080 -0.000717 -0.006246
v -0.004080 -0.000835 -0.006468
v -0.004084 -0.000820 -0.006432
v -0.004088 -0.000123 -0.010795
v -0.004088 0.000121 -0.010795
v -0.004089 -0.000507 -0.010788
v -0.004089 0.000505 -0.010788
v -0.004089 -0.000001 -0.010795
v -0.004092 -0.000780 -0.006485
v -0.004099 0.000596 -0.006280
v -0.004101 -0.000123 -0.010793
v -0.004101 0.000121 -0.010793
v -0.004103 -0.000001 -0.010793
v -0.004105 -0.000509 -0.010779
v -0.004105 0.000507 -0.010779
v -0.004105 -0.000699 -0.006505
v -0.004107 0.000545 -0.006295
v -0.004108 -0.000688 -0.006474
v -0.004108 -0.000538 -0.006297
v -0.004110 0.000677 -0.006512
v -0.004111 0.000666 -0.006478
v -0.004113 -0.000494 -0.006306
v -0.004114 -0.000510 -0.010770
v -0.004114 0.000508 -0.010770
v -0.004116 0.000466 -0.006312
v -0.004118 -0.000123 -0.010788
v -0.004118 0.000121 -0.010788
v -0.004120 -0.000001 -0.010788
v -0.004125 -0.000511 -0.010754
v -0.004125 0.000509 -0.010754
v -0.004126 -0.000577 -0.006534
v -0.004127 -0.000561 -0.006537
v -0.004128 0.000364 -0.006333
v -0.004128 -0.000553 -0.006509
v -0.004129 -0.000544 -0.010718
v -0.004129 0.000542 -0.010718
v -0.004129 -0.000359 -0.006334
v -0.004129 0.000543 -0.006539
v -0.004129 -0.000545 -0.006540
v -0.004130 0.000334 -0.006337
v -0.004131 0.000530 -0.006542
v -0.004132 -0.000512 -0.010737
v -0.004132 0.000510 -0.010737
v -0.004132 0.000307 -0.006340
v -0.004132 -0.000309 -0.006340
v -0.004132 0.000522 -0.006514
v -0.004134 -0.000513 -0.010718
v -0.004134 0.000511 -0.010718
v -0.004134 -0.000124 -0.010779
v -0.004134 0.000122 -0.010779
v -0.004136 -0.000001 -0.010779
v -0.004136 -0.000249 -0.006347
v -0.004137 0.000486 -0.006551
v -0.004139 0.000207 -0.006352
v -0.004141 0.000183 -0.006355
v -0.004141 -0.000180 -0.006356
v -0.004142 -0.000125 -0.006358
v -0.004143 0.000078 -0.006360
v -0.004144 -0.000423 -0.006560
v -0.004144 -0.000124 -0.010770
v -0.004144 0.000122 -0.010770
v -0.004144 -0.000418 -0.006536
v -0.004145 -0.000001 -0.006363
v -0.004146 -0.000001 -0.010770
v -0.004147 0.000380 -0.006566
v -0.004147 -0.000391 -0.006566
v -0.004148 0.000375 -0.006541
v -0.004155 0.000297 -0.006577
v -0.004155 -0.000125 -0.010754
v -0.004155 0.000123 -0.010754
v -0.004155 -0.000283 -0.006577
v -0.004156 -0.000280 -0.006556
v -0.004157 -0.000001 -0.010754
v -0.004158 0.000235 -0.006581
v -0.004159 0.000232 -0.006559
v -0.004160 -0.000001 -0.006477
v -0.004161 -0.000205 -0.006585
v -0.004161 -0.000125 -0.010737
v -0.004161 0.000123 -0.010737
v -0.004162 -0.000142 -0.006587
v -0.004163 -0.000141 -0.006568
v -0.004163 -0.000001 -0.010737
v -0.004164 -0.000125 -0.010718
v -0.004164 0.000123 -0.010718
v -0.004164 0.000111 -0.006590
v -0.004164 0.000089 -0.006590
v -0.004164 0.000088 -0.006569
v -0.004165 -0.000001 -0.006571
v -0.004165 -0.000001 -0.006572
v -0.004166 -0.000001 -0.006592
v -0.004166 -0.000001 -0.010718
v 0.003810 0.000001 -0.007239
v 0.003810 0.000025 -0.006604
v 0.003809 0.000001 -0.006604
v 0.003807 0.000025 -0.006575
v 0.003800 -0.000278 -0.006604
v 0.003797 0.000025 -0.006547
v 0.003796 -0.000278 -0.006575
v 0.003796 0.000327 -0.006604
v 0.003793 0.000327 -0.006575
v 0.003787 -0.000418 -0.007239
v 0.003787 0.000420 -0.007239
v 0.003786 -0.000277 -0.006547
v 0.003784 0.000420 -0.006604
v 0.003784 -0.000418 -0.006604
v 0.003783 0.000326 -0.006547
v 0.003778 0.000025 -0.006520
v 0.003768 -0.000275 -0.006520
v 0.003766 -0.000579 -0.006604
v 0.003764 0.000324 -0.006520
v 0.003762 -0.000578 -0.006575
v 0.003758 0.000627 -0.006604
v 0.003755 0.000024 -0.006499
v 0.003755 0.000627 -0.006575
v 0.003752 -0.000576 -0.006547
v 0.003745 -0.000274 -0.006499
v 0.003745 0.000625 -0.006547
v 0.003741 0.000322 -0.006499
v 0.003740 -0.000698 -0.007239
v 0.003740 0.000700 -0.007239
v 0.003734 -0.000574 -0.006520
v 0.003728 0.000024 -0.006485
v 0.003727 0.000622 -0.006520
v 0.003718 -0.000272 -0.006485
v 0.003718 -0.000833 -0.007239
v 0.003718 0.000835 -0.007239
v 0.003716 -0.000832 -0.006604
v 0.003715 0.000834 -0.006604
v 0.003714 0.000320 -0.006485
v 0.003711 -0.000570 -0.006499
v 0.003708 -0.000876 -0.006604
v 0.003705 -0.000875 -0.006575
v 0.003704 0.000618 -0.006499
v 0.003699 0.000024 -0.006478
v 0.003697 0.000924 -0.006604
v 0.003695 -0.000872 -0.006547
v 0.003693 0.000923 -0.006575
v 0.003689 -0.000270 -0.006478
v 0.003685 0.000318 -0.006478
v 0.003684 -0.000566 -0.006485
v 0.003684 0.000920 -0.006547
v 0.003682 -0.000061 -0.006477
v 0.003682 0.000024 -0.006477
v 0.003680 0.000144 -0.006477
v 0.003677 0.000614 -0.006485
v 0.003677 -0.000868 -0.006520
v 0.003674 -0.000253 -0.006477
v 0.003674 -0.000264 -0.006477
v 0.003673 -0.000268 -0.006477
v 0.003669 0.000316 -0.006477
v 0.003667 0.000347 -0.006477
v 0.003666 0.000916 -0.006520
v 0.003656 -0.000562 -0.006478
v 0.003654 -0.000863 -0.006499
v 0.003654 -0.000465 -0.006477
v 0.003648 0.000609 -0.006478
v 0.003643 0.000910 -0.006499
v 0.003643 0.000548 -0.006477
v 0.003639 -0.000559 -0.006477
v 0.003636 -0.001123 -0.007239
v 0.003636 0.001125 -0.007239
v 0.003632 0.000606 -0.006477
v 0.003628 -0.000857 -0.006485
v 0.003627 -0.001167 -0.006604
v 0.003623 -0.001166 -0.006575
v 0.003623 -0.000664 -0.006477
v 0.003617 0.000904 -0.006485
v 0.003616 0.000700 -0.006477
v 0.003614 -0.001163 -0.006547
v 0.003612 0.001214 -0.006604
v 0.003609 0.001213 -0.006575
v 0.003607 0.000746 -0.006477
v 0.003603 -0.001237 -0.007239
v 0.003603 0.001239 -0.007239
v 0.003602 0.001238 -0.006604
v 0.003601 -0.001236 -0.006604
v 0.003599 -0.000850 -0.006478
v 0.003599 0.001210 -0.006547
v 0.003596 -0.001157 -0.006520
v 0.003589 0.000897 -0.006478
v 0.003584 -0.000846 -0.006477
v 0.003582 0.001204 -0.006520
v 0.003581 -0.000862 -0.006477
v 0.003574 -0.001150 -0.006499
v 0.003573 0.000893 -0.006477
v 0.003561 0.000942 -0.006477
v 0.003560 0.001197 -0.006499
v 0.003548 0.000985 -0.006477
v 0.003548 -0.001142 -0.006485
v 0.003548 -0.000983 -0.006477
v 0.003534 0.001188 -0.006485
v 0.003528 -0.001058 -0.006477
v 0.003522 -0.001451 -0.006604
v 0.003521 -0.001133 -0.006478
v 0.003519 -0.001450 -0.006575
v 0.003510 -0.001446 -0.006547
v 0.003506 0.001179 -0.006478
v 0.003504 -0.001128 -0.006477
v 0.003504 0.001497 -0.006604
v 0.003503 0.001137 -0.006477
v 0.003501 0.001495 -0.006575
v 0.003493 -0.001440 -0.006520
v 0.003492 0.001491 -0.006547
v 0.003491 0.001172 -0.006477
v 0.003479 -0.001543 -0.007239
v 0.003479 0.001543 -0.007239
v 0.003475 0.001484 -0.006520
v 0.003472 -0.001431 -0.006499
v 0.003463 -0.001253 -0.006477
v 0.003453 0.001474 -0.006499
v 0.003446 -0.001421 -0.006485
v 0.003445 -0.001627 -0.007239
v 0.003445 0.001627 -0.007239
v 0.003443 -0.001626 -0.006604
v 0.003443 0.001625 -0.006604
v 0.003435 0.001329 -0.006477
v 0.003428 0.001464 -0.006485
v 0.003419 -0.001410 -0.006478
v 0.003404 -0.001404 -0.006477
v 0.003402 0.001452 -0.006478
v 0.003396 -0.001727 -0.006604
v 0.003393 -0.001726 -0.006575
v 0.003389 -0.001443 -0.006477
v 0.003386 0.001446 -0.006477
v 0.003384 -0.001721 -0.006547
v 0.003374 0.001769 -0.006604
v 0.003371 0.001768 -0.006575
v 0.003368 -0.001713 -0.006520
v 0.003362 0.001763 -0.006547
v 0.003356 0.001517 -0.006477
v 0.003347 -0.001702 -0.006499
v 0.003346 0.001755 -0.006520
v 0.003326 0.001744 -0.006499
v 0.003323 -0.001690 -0.006485
v 0.003304 -0.001627 -0.006477
v 0.003302 -0.001632 -0.006477
v 0.003302 -0.000984 -0.006477
v 0.003302 -0.000254 -0.006477
v 0.003302 0.000699 -0.006477
v 0.003302 0.000984 -0.006477
v 0.003302 0.001629 -0.006477
v 0.003302 -0.001891 -0.007239
v 0.003302 -0.001543 -0.007239
v 0.003302 -0.001124 -0.007239
v 0.003302 -0.000699 -0.007239
v 0.003302 0.000000 -0.007239
v 0.003302 0.000699 -0.007239
v 0.003302 0.001124 -0.007239
v 0.003302 0.001543 -0.007239
v 0.003302 0.001891 -0.007239
v 0.003301 0.001731 -0.006485
v 0.003297 -0.001677 -0.006478
v 0.003292 -0.001651 -0.006477
v 0.003291 0.001651 -0.006477
v 0.003284 -0.001924 -0.007239
v 0.003284 0.001924 -0.007239
v 0.003282 -0.001669 -0.006477
v 0.003276 0.001718 -0.006478
v 0.003268 0.001699 -0.006477
v 0.003262 0.001710 -0.006477
v 0.003248 -0.001991 -0.006604
v 0.003245 -0.001990 -0.006575
v 0.003245 -0.001996 -0.007239
v 0.003245 0.001996 -0.007239
v 0.003245 -0.001996 -0.006604
v 0.003244 0.001995 -0.006604
v 0.003237 -0.001984 -0.006547
v 0.003223 0.002032 -0.006604
v 0.003221 -0.001975 -0.006520
v 0.003220 0.002030 -0.006575
v 0.003212 0.002024 -0.006547
v 0.003211 -0.001805 -0.006477
v 0.003201 -0.001963 -0.006499
v 0.003196 0.002015 -0.006520
v 0.003178 -0.001948 -0.006485
v 0.003177 0.002002 -0.006499
v 0.003170 0.001876 -0.006477
v 0.003154 0.001988 -0.006485
v 0.003153 -0.001933 -0.006478
v 0.003139 -0.001925 -0.006477
v 0.003129 0.001972 -0.006478
v 0.003115 0.001963 -0.006477
v 0.003107 -0.001978 -0.006477
v 0.003080 -0.002243 -0.006604
v 0.003077 -0.002241 -0.006575
v 0.003069 -0.002235 -0.006547
v 0.003063 0.002046 -0.006477
v 0.003054 -0.002224 -0.006520
v 0.003052 0.002281 -0.006604
v 0.003049 0.002279 -0.006575
v 0.003041 0.002273 -0.006547
v 0.003035 -0.002211 -0.006499
v 0.003026 0.002262 -0.006520
v 0.003013 -0.002194 -0.006485
v 0.003008 0.002248 -0.006499
v 0.003006 -0.002341 -0.007239
v 0.003006 0.002341 -0.007239
v 0.003004 0.002340 -0.006604
v 0.003004 -0.002339 -0.006604
v 0.002993 -0.002146 -0.006477
v 0.002990 -0.002177 -0.006478
v 0.002986 0.002232 -0.006485
v 0.002977 -0.002168 -0.006477
v 0.002963 0.002214 -0.006478
v 0.002959 -0.002191 -0.006477
v 0.002950 0.002205 -0.006477
v 0.002945 0.002211 -0.006477
v 0.002921 -0.000254 -0.006477
v 0.002912 -0.000320 -0.006477
v 0.002912 -0.000188 -0.006477
v 0.002892 -0.002480 -0.006604
v 0.002890 -0.002478 -0.006575
v 0.002887 -0.000381 -0.006477
v 0.002887 -0.000127 -0.006477
v 0.002882 -0.002472 -0.006547
v 0.002870 -0.002309 -0.006477
v 0.002868 -0.002460 -0.006520
v 0.002861 0.002516 -0.006604
v 0.002859 0.002514 -0.006575
v 0.002851 0.002507 -0.006547
v 0.002850 -0.002444 -0.006499
v 0.002847 -0.000434 -0.006477
v 0.002847 -0.000074 -0.006477
v 0.002837 0.002495 -0.006520
v 0.002830 -0.002427 -0.006485
v 0.002820 0.002480 -0.006499
v 0.002818 0.002371 -0.006477
v 0.002808 -0.002408 -0.006478
v 0.002799 0.002462 -0.006485
v 0.002795 -0.002397 -0.006477
v 0.002794 -0.000474 -0.006477
v 0.002794 -0.000254 -0.006867
v 0.002794 -0.000254 -0.007239
v 0.002794 -0.000034 -0.006477
v 0.002790 -0.000287 -0.006867
v 0.002790 -0.000287 -0.007239
v 0.002790 -0.000221 -0.006867
v 0.002790 -0.000221 -0.007239
v 0.002777 0.002443 -0.006478
v 0.002777 -0.000318 -0.006867
v 0.002777 -0.000318 -0.007239
v 0.002777 -0.000190 -0.006867
v 0.002777 -0.000190 -0.007239
v 0.002765 0.002431 -0.006477
v 0.002757 -0.000344 -0.006867
v 0.002757 -0.000344 -0.007239
v 0.002757 -0.000164 -0.006867
v 0.002757 -0.000164 -0.007239
v 0.002737 -0.002464 -0.006477
v 0.002733 -0.000499 -0.006477
v 0.002733 -0.000009 -0.006477
v 0.002731 -0.000364 -0.006867
v 0.002730 -0.000364 -0.007239
v 0.002731 -0.000144 -0.006867
v 0.002730 -0.000144 -0.007239
v 0.002730 -0.002658 -0.007239
v 0.002730 0.002658 -0.007239
v 0.002729 -0.002656 -0.006604
v 0.002728 0.002656 -0.006604
v 0.002700 -0.000377 -0.006867
v 0.002700 -0.000377 -0.007239
v 0.002700 -0.000131 -0.006867
v 0.002700 -0.000131 -0.007239
v 0.002686 -0.002702 -0.006604
v 0.002684 -0.002700 -0.006575
v 0.002682 0.002524 -0.006477
v 0.002677 -0.002693 -0.006547
v 0.002667 -0.000508 -0.006477
v 0.002667 -0.000381 -0.006867
v 0.002667 -0.000381 -0.007239
v 0.002667 -0.000127 -0.006867
v 0.002667 -0.000127 -0.007239
v 0.002667 0.000000 -0.006477
v 0.002664 -0.002680 -0.006520
v 0.002652 0.002735 -0.006604
v 0.002650 0.002733 -0.006575
v 0.002647 -0.002663 -0.006499
v 0.002643 0.002726 -0.006547
v 0.002634 -0.000377 -0.006867
v 0.002634 -0.000377 -0.007239
v 0.002634 -0.000131 -0.006867
v 0.002634 -0.000131 -0.007239
v 0.002630 0.002712 -0.006520
v 0.002628 -0.002644 -0.006485
v 0.002614 0.002696 -0.006499
v 0.002608 -0.002623 -0.006478
v 0.002603 -0.000364 -0.006867
v 0.002603 -0.000364 -0.007239
v 0.002603 -0.000144 -0.006867
v 0.002603 -0.000144 -0.007239
v 0.002601 -0.000499 -0.006477
v 0.002601 -0.000009 -0.006477
v 0.002597 -0.002612 -0.006477
v 0.002595 0.002676 -0.006485
v 0.002577 -0.000344 -0.006867
v 0.002577 -0.000344 -0.007239
v 0.002577 -0.000164 -0.006867
v 0.002577 -0.000164 -0.007239
v 0.002575 0.002655 -0.006478
v 0.002564 0.002644 -0.006477
v 0.002557 -0.000318 -0.006867
v 0.002557 -0.000318 -0.007239
v 0.002557 -0.000190 -0.006867
v 0.002557 -0.000190 -0.007239
v 0.002544 -0.000287 -0.006867
v 0.002544 -0.000287 -0.007239
v 0.002544 -0.000221 -0.006867
v 0.002544 -0.000221 -0.007239
v 0.002540 -0.000474 -0.006477
v 0.002540 -0.000254 -0.006867
v 0.002540 -0.000254 -0.007239
v 0.002540 -0.000034 -0.006477
v 0.002539 0.002668 -0.006477
v 0.002487 -0.000434 -0.006477
v 0.002487 -0.000074 -0.006477
v 0.002463 -0.002907 -0.006604
v 0.002461 -0.002904 -0.006575
v 0.002454 -0.002896 -0.006547
v 0.002451 -0.002750 -0.006477
v 0.002447 -0.000381 -0.006477
v 0.002447 -0.000127 -0.006477
v 0.002443 -0.002883 -0.006520
v 0.002428 -0.002865 -0.006499
v 0.002427 0.002937 -0.006604
v 0.002425 0.002935 -0.006575
v 0.002422 -0.000320 -0.006477
v 0.002422 -0.000188 -0.006477
v 0.002421 -0.002942 -0.007239
v 0.002421 0.002942 -0.007239
v 0.002421 0.002942 -0.006604
v 0.002420 -0.002941 -0.006604
v 0.002418 0.002927 -0.006547
v 0.002413 -0.000254 -0.006477
v 0.002410 -0.002844 -0.006485
v 0.002407 0.002913 -0.006520
v 0.002394 -0.002798 -0.006477
v 0.002394 -0.002191 -0.006477
v 0.002394 -0.001651 -0.006477
v 0.002394 -0.000984 -0.006477
v 0.002394 -0.000254 -0.006477
v 0.002394 0.000699 -0.006477
v 0.002394 0.000984 -0.006477
v 0.002394 0.001651 -0.006477
v 0.002394 0.002799 -0.006477
v 0.002392 0.002895 -0.006499
v 0.002391 -0.002822 -0.006478
v 0.002389 0.002803 -0.006477
v 0.002381 -0.002971 -0.007239
v 0.002381 -0.001924 -0.007239
v 0.002381 -0.001543 -0.007239
v 0.002381 -0.001124 -0.007239
v 0.002381 -0.000699 -0.007239
v 0.002381 0.000000 -0.007239
v 0.002381 0.000699 -0.007239
v 0.002381 0.001124 -0.007239
v 0.002381 0.001543 -0.007239
v 0.002381 0.001924 -0.007239
v 0.002381 0.002971 -0.007239
v 0.002380 -0.002809 -0.006477
v 0.002375 0.001524 -0.006477
v 0.002374 0.002874 -0.006485
v 0.002360 0.001409 -0.006477
v 0.002360 0.001639 -0.006477
v 0.002356 0.002851 -0.006478
v 0.002355 0.001651 -0.006477
v 0.002345 0.002839 -0.006477
v 0.002315 0.001302 -0.006477
v 0.002315 0.001746 -0.006477
v 0.002301 -0.003030 -0.007239
v 0.002297 -0.002880 -0.006477
v 0.002267 -0.002902 -0.006477
v 0.002267 -0.002191 -0.006477
v 0.002267 -0.001651 -0.006477
v 0.002267 -0.000984 -0.006477
v 0.002267 -0.000254 -0.006477
v 0.002267 0.000699 -0.006477
v 0.002267 0.000984 -0.006477
v 0.002267 0.001239 -0.006477
v 0.002267 0.001809 -0.006477
v 0.002267 0.002902 -0.006477
v 0.002245 0.001210 -0.006477
v 0.002245 0.001838 -0.006477
v 0.002233 0.002930 -0.006477
v 0.002225 -0.003093 -0.006604
v 0.002223 -0.003090 -0.006575
v 0.002222 0.001524 -0.006854
v 0.002223 0.001524 -0.007239
v 0.002220 0.001543 -0.007239
v 0.002217 -0.003082 -0.006547
v 0.002213 0.001448 -0.006854
v 0.002213 0.001448 -0.007239
v 0.002213 0.001600 -0.006854
v 0.002213 0.001600 -0.007239
v 0.002206 -0.003067 -0.006520
v 0.002193 -0.003048 -0.006499
v 0.002186 0.003120 -0.006604
v 0.002184 0.003118 -0.006575
v 0.002183 0.001378 -0.006854
v 0.002183 0.001378 -0.007239
v 0.002183 0.001670 -0.006854
v 0.002183 0.001670 -0.007239
v 0.002178 0.003110 -0.006547
v 0.002177 -0.003026 -0.006485
v 0.002168 0.003095 -0.006520
v 0.002160 -0.003003 -0.006478
v 0.002159 -0.001143 -0.006477
v 0.002154 0.003075 -0.006499
v 0.002153 0.001139 -0.006477
v 0.002153 0.001909 -0.006477
v 0.002150 -0.002990 -0.006477
v 0.002150 -0.001209 -0.006477
v 0.002150 -0.001077 -0.006477
v 0.002139 0.003053 -0.006485
v 0.002137 0.001317 -0.006854
v 0.002137 0.001317 -0.007239
v 0.002137 0.001731 -0.006854
v 0.002137 0.001731 -0.007239
v 0.002135 -0.003001 -0.006477
v 0.002127 -0.003158 -0.007239
v 0.002127 -0.003030 -0.007239
v 0.002127 -0.001924 -0.007239
v 0.002127 -0.001543 -0.007239
v 0.002127 -0.001124 -0.007239
v 0.002127 -0.000699 -0.007239
v 0.002127 0.000000 -0.007239
v 0.002127 0.000699 -0.007239
v 0.002127 0.001124 -0.007239
v 0.002127 0.001310 -0.007239
v 0.002127 0.001738 -0.007239
v 0.002127 0.001924 -0.007239
v 0.002127 0.003158 -0.007239
v 0.002125 -0.001270 -0.006477
v 0.002125 -0.001016 -0.006477
v 0.002122 0.003029 -0.006478
v 0.002113 0.003016 -0.006477
v 0.002101 -0.000984 -0.006477
v 0.002085 -0.001323 -0.006477
v 0.002085 -0.000963 -0.006477
v 0.002082 -0.003191 -0.007239
v 0.002082 0.003191 -0.007239
v 0.002081 0.003188 -0.006604
v 0.002081 -0.003188 -0.006604
v 0.002076 0.001271 -0.006854
v 0.002076 0.001271 -0.007239
v 0.002076 0.001777 -0.006854
v 0.002076 0.001777 -0.007239
v 0.002069 0.003047 -0.006477
v 0.002045 0.001095 -0.006477
v 0.002045 0.001953 -0.006477
v 0.002032 -0.001363 -0.006477
v 0.002032 -0.001143 -0.006867
v 0.002032 -0.001143 -0.007239
v 0.002032 -0.000923 -0.006477
v 0.002029 -0.001124 -0.007239
v 0.002028 -0.001176 -0.006867
v 0.002028 -0.001176 -0.007239
v 0.002028 -0.001110 -0.006867
v 0.002028 -0.001110 -0.007239
v 0.002015 -0.001207 -0.006867
v 0.002015 -0.001206 -0.007239
v 0.002015 -0.001079 -0.006867
v 0.002015 -0.001079 -0.007239
v 0.002007 -0.003087 -0.006477
v 0.002007 -0.002191 -0.006477
v 0.002007 -0.001651 -0.006477
v 0.002007 -0.001373 -0.006477
v 0.002007 -0.000913 -0.006477
v 0.002007 -0.000254 -0.006477
v 0.002007 0.000699 -0.006477
v 0.002007 0.000984 -0.006477
v 0.002007 0.001090 -0.006477
v 0.002007 0.001958 -0.006477
v 0.002007 0.003087 -0.006477
v 0.002006 0.001242 -0.006854
v 0.002006 0.001242 -0.007239
v 0.002006 0.001806 -0.006854
v 0.002006 0.001806 -0.007239
v 0.001995 -0.001233 -0.006867
v 0.001995 -0.001233 -0.007239
v 0.001995 -0.001053 -0.006867
v 0.001995 -0.001053 -0.007239
v 0.001972 -0.003260 -0.006604
v 0.001971 -0.001388 -0.006477
v 0.001971 -0.000898 -0.006477
v 0.001970 -0.003257 -0.006575
v 0.001969 -0.001253 -0.006867
v 0.001968 -0.001253 -0.007239
v 0.001969 -0.001033 -0.006867
v 0.001968 -0.001033 -0.007239
v 0.001966 -0.003115 -0.006477
v 0.001965 -0.003248 -0.006547
v 0.001956 -0.003233 -0.006520
v 0.001944 -0.003213 -0.006499
v 0.001938 -0.001266 -0.006867
v 0.001938 -0.001266 -0.007239
v 0.001938 -0.001020 -0.006867
v 0.001938 -0.001020 -0.007239
v 0.001931 0.003284 -0.006604
v 0.001930 0.001080 -0.006477
v 0.001930 0.001232 -0.006854
v 0.001930 0.001232 -0.007239
v 0.001930 0.001816 -0.006854
v 0.001930 0.001816 -0.007239
v 0.001930 0.001968 -0.006477
v 0.001930 0.003281 -0.006575
v 0.001930 -0.003189 -0.006485
v 0.001925 0.003273 -0.006547
v 0.001915 0.003257 -0.006520
v 0.001915 -0.003165 -0.006478
v 0.001906 -0.003150 -0.006477
v 0.001905 -0.001397 -0.006477
v 0.001905 -0.001270 -0.006867
v 0.001905 -0.001270 -0.007239
v 0.001905 -0.001016 -0.006867
v 0.001905 -0.001016 -0.007239
v 0.001905 -0.000889 -0.006477
v 0.001904 0.003237 -0.006499
v 0.001897 0.003157 -0.006477
v 0.001890 0.003213 -0.006485
v 0.001875 0.003188 -0.006478
v 0.001872 -0.001266 -0.006867
v 0.001872 -0.001266 -0.007239
v 0.001872 -0.001020 -0.006867
v 0.001872 -0.001020 -0.007239
v 0.001867 0.003174 -0.006477
v 0.001855 0.001242 -0.006854
v 0.001855 0.001242 -0.007239
v 0.001855 0.001806 -0.006854
v 0.001855 0.001806 -0.007239
v 0.001854 -0.002159 -0.006477
v 0.001850 -0.002191 -0.006477
v 0.001846 -0.002225 -0.006477
v 0.001846 -0.002093 -0.006477
v 0.001841 -0.001253 -0.006867
v 0.001842 -0.001253 -0.007239
v 0.001841 -0.001033 -0.006867
v 0.001842 -0.001033 -0.007239
v 0.001839 -0.001388 -0.006477
v 0.001839 -0.000898 -0.006477
v 0.001820 -0.002286 -0.006477
v 0.001820 -0.002032 -0.006477
v 0.001815 0.001095 -0.006477
v 0.001815 0.001953 -0.006477
v 0.001815 -0.001233 -0.006867
v 0.001815 -0.001233 -0.007239
v 0.001815 -0.001053 -0.006867
v 0.001815 -0.001053 -0.007239
v 0.001795 -0.001207 -0.006867
v 0.001795 -0.001206 -0.007239
v 0.001795 -0.001079 -0.006867
v 0.001795 -0.001079 -0.007239
v 0.001790 -0.003219 -0.006477
v 0.001784 0.001271 -0.006854
v 0.001784 0.001271 -0.007239
v 0.001784 0.001777 -0.006854
v 0.001784 0.001777 -0.007239
v 0.001782 -0.001176 -0.006867
v 0.001782 -0.001176 -0.007239
v 0.001782 -0.001110 -0.006867
v 0.001782 -0.001110 -0.007239
v 0.001781 -0.001124 -0.007239
v 0.001780 -0.002339 -0.006477
v 0.001780 -0.001979 -0.006477
v 0.001778 -0.001363 -0.006477
v 0.001778 -0.001143 -0.006867
v 0.001778 -0.001143 -0.007239
v 0.001778 -0.000923 -0.006477
v 0.001753 -0.003381 -0.007239
v 0.001753 -0.003030 -0.007239
v 0.001753 -0.001924 -0.007239
v 0.001753 -0.001543 -0.007239
v 0.001753 -0.001124 -0.007239
v 0.001753 -0.000699 -0.007239
v 0.001753 0.000000 -0.007239
v 0.001753 0.000699 -0.007239
v 0.001753 0.001124 -0.007239
v 0.001753 0.001295 -0.007239
v 0.001753 0.001753 -0.007239
v 0.001753 0.001924 -0.007239
v 0.001753 0.003381 -0.007239
v 0.001727 -0.002379 -0.006477
v 0.001727 -0.002159 -0.006867
v 0.001727 -0.002159 -0.007239
v 0.001727 -0.001939 -0.006477
v 0.001725 -0.001323 -0.006477
v 0.001725 -0.000963 -0.006477
v 0.001724 0.001317 -0.006854
v 0.001724 0.001317 -0.007239
v 0.001724 0.001731 -0.006854
v 0.001724 0.001731 -0.007239
v 0.001723 -0.002192 -0.006867
v 0.001723 -0.002192 -0.007239
v 0.001723 -0.002126 -0.006867
v 0.001723 -0.002126 -0.007239
v 0.001719 0.003258 -0.006477
v 0.001719 -0.003400 -0.007239
v 0.001719 0.003400 -0.007239
v 0.001718 -0.003400 -0.006604
v 0.001718 0.003399 -0.006604
v 0.001710 -0.002223 -0.006867
v 0.001710 -0.002223 -0.007239
v 0.001710 -0.002095 -0.006867
v 0.001710 -0.002096 -0.007239
v 0.001709 -0.000984 -0.006477
v 0.001708 0.001139 -0.006477
v 0.001708 0.001909 -0.006477
v 0.001707 -0.003406 -0.006604
v 0.001706 -0.003403 -0.006575
v 0.001701 -0.003394 -0.006547
v 0.001693 -0.003378 -0.006520
v 0.001690 -0.002249 -0.006867
v 0.001690 -0.002249 -0.007239
v 0.001690 -0.002069 -0.006867
v 0.001690 -0.002069 -0.007239
v 0.001685 -0.001270 -0.006477
v 0.001685 -0.001016 -0.006477
v 0.001683 -0.003357 -0.006499
v 0.001677 0.001378 -0.006854
v 0.001677 0.001378 -0.007239
v 0.001677 0.001670 -0.006854
v 0.001677 0.001670 -0.007239
v 0.001670 -0.003333 -0.006485
v 0.001666 -0.002404 -0.006477
v 0.001666 -0.001914 -0.006477
v 0.001665 0.003427 -0.006604
v 0.001664 -0.002269 -0.006867
v 0.001664 -0.002269 -0.007239
v 0.001664 -0.002049 -0.006867
v 0.001664 -0.002049 -0.007239
v 0.001663 0.003424 -0.006575
v 0.001660 -0.001209 -0.006477
v 0.001660 -0.001077 -0.006477
v 0.001659 0.003415 -0.006547
v 0.001657 -0.003307 -0.006478
v 0.001651 -0.001143 -0.006477
v 0.001651 0.003399 -0.006520
v 0.001650 -0.003292 -0.006477
v 0.001648 0.001448 -0.006854
v 0.001648 0.001448 -0.007239
v 0.001648 0.001600 -0.006854
v 0.001648 0.001600 -0.007239
v 0.001641 0.001543 -0.007239
v 0.001641 0.003378 -0.006499
v 0.001638 0.001524 -0.006854
v 0.001638 0.001524 -0.007239
v 0.001633 -0.002282 -0.006867
v 0.001633 -0.002282 -0.007239
v 0.001633 -0.002036 -0.006867
v 0.001633 -0.002036 -0.007239
v 0.001629 0.003353 -0.006485
v 0.001616 0.001210 -0.006477
v 0.001616 0.001838 -0.006477
v 0.001616 0.003327 -0.006478
v 0.001609 -0.003313 -0.006477
v 0.001609 0.003312 -0.006477
v 0.001600 -0.002413 -0.006477
v 0.001600 -0.002286 -0.006867
v 0.001600 -0.002286 -0.007239
v 0.001600 -0.002032 -0.006867
v 0.001600 -0.002032 -0.007239
v 0.001600 -0.001905 -0.006477
v 0.001567 -0.002282 -0.006867
v 0.001567 -0.002282 -0.007239
v 0.001567 -0.002036 -0.006867
v 0.001567 -0.002036 -0.007239
v 0.001545 0.001302 -0.006477
v 0.001545 0.001746 -0.006477
v 0.001537 -0.002269 -0.006867
v 0.001537 -0.002269 -0.007239
v 0.001537 -0.002049 -0.006867
v 0.001537 -0.002049 -0.007239
v 0.001536 0.003348 -0.006477
v 0.001534 -0.002404 -0.006477
v 0.001534 -0.001914 -0.006477
v 0.001510 -0.002249 -0.006867
v 0.001510 -0.002249 -0.007239
v 0.001510 -0.002069 -0.006867
v 0.001510 -0.002069 -0.007239
v 0.001506 0.001651 -0.006477
v 0.001501 0.001409 -0.006477
v 0.001501 0.001639 -0.006477
v 0.001490 -0.002223 -0.006867
v 0.001490 -0.002223 -0.007239
v 0.001490 -0.002095 -0.006867
v 0.001490 -0.002096 -0.007239
v 0.001486 0.001524 -0.006477
v 0.001478 -0.002192 -0.006867
v 0.001478 -0.002192 -0.007239
v 0.001478 -0.002126 -0.006867
v 0.001478 -0.002126 -0.007239
v 0.001473 -0.002379 -0.006477
v 0.001473 -0.002159 -0.006867
v 0.001473 -0.002159 -0.007239
v 0.001473 -0.001939 -0.006477
v 0.001431 -0.003531 -0.006604
v 0.001430 -0.003528 -0.006575
v 0.001426 -0.003518 -0.006547
v 0.001425 -0.003396 -0.006477
v 0.001421 -0.002339 -0.006477
v 0.001421 -0.001979 -0.006477
v 0.001420 -0.003502 -0.006520
v 0.001411 -0.003480 -0.006499
v 0.001401 -0.003455 -0.006485
v 0.001390 -0.003428 -0.006478
v 0.001387 0.003548 -0.006604
v 0.001386 0.003545 -0.006575
v 0.001383 -0.003413 -0.006477
v 0.001382 0.003536 -0.006547
v 0.001380 -0.002286 -0.006477
v 0.001380 -0.002032 -0.006477
v 0.001376 0.003519 -0.006520
v 0.001367 0.003497 -0.006499
v 0.001357 0.003472 -0.006485
v 0.001355 -0.002225 -0.006477
v 0.001355 -0.002093 -0.006477
v 0.001350 -0.002191 -0.006477
v 0.001350 0.003427 -0.006477
v 0.001347 0.003445 -0.006478
v 0.001346 -0.002159 -0.006477
v 0.001341 0.003430 -0.006477
v 0.001334 -0.003569 -0.007239
v 0.001334 0.003569 -0.007239
v 0.001333 0.003567 -0.006604
v 0.001333 -0.003566 -0.006604
v 0.001246 0.002465 -0.006477
v 0.001245 -0.002488 -0.006477
v 0.001244 -0.002432 -0.006477
v 0.001244 -0.002423 -0.006477
v 0.001244 0.002433 -0.006477
v 0.001243 0.002410 -0.006477
v 0.001240 0.002519 -0.006477
v 0.001239 -0.002519 -0.006477
v 0.001239 0.002530 -0.006477
v 0.001237 -0.003469 -0.006477
v 0.001234 -0.002552 -0.006477
v 0.001233 -0.002358 -0.006477
v 0.001230 0.002347 -0.006477
v 0.001230 0.002346 -0.006477
v 0.001229 -0.002347 -0.006477
v 0.001221 0.002592 -0.006477
v 0.001216 -0.002434 -0.006480
v 0.001216 0.002434 -0.006480
v 0.001215 0.002603 -0.006477
v 0.001215 -0.002603 -0.006477
v 0.001212 -0.002515 -0.006480
v 0.001212 0.002515 -0.006480
v 0.001211 -0.002614 -0.006477
v 0.001210 -0.002295 -0.006477
v 0.001210 0.002295 -0.006477
v 0.001202 -0.002355 -0.006480
v 0.001202 0.002355 -0.006480
v 0.001191 0.002652 -0.006477
v 0.001190 -0.002592 -0.006480
v 0.001190 0.002592 -0.006480
v 0.001188 -0.002436 -0.006490
v 0.001188 0.002436 -0.006490
v 0.001185 -0.002307 -0.006480
v 0.001184 -0.002510 -0.006490
v 0.001184 0.002510 -0.006490
v 0.001184 -0.002307 -0.006480
v 0.001184 0.002307 -0.006480
v 0.001180 0.002308 -0.006481
v 0.001179 -0.002671 -0.006477
v 0.001175 -0.002363 -0.006490
v 0.001175 0.002363 -0.006490
v 0.001173 -0.002679 -0.006477
v 0.001172 0.002679 -0.006477
v 0.001164 -0.002581 -0.006490
v 0.001164 0.002581 -0.006490
v 0.001162 -0.002191 -0.006477
v 0.001161 -0.002438 -0.006508
v 0.001161 0.002438 -0.006508
v 0.001161 0.003496 -0.006477
v 0.001160 -0.002318 -0.006489
v 0.001159 -0.002319 -0.006490
v 0.001159 0.002319 -0.006490
v 0.001158 -0.002505 -0.006508
v 0.001158 0.002505 -0.006508
v 0.001156 -0.002179 -0.006477
v 0.001156 0.002179 -0.006477
v 0.001153 0.002705 -0.006477
v 0.001153 0.002321 -0.006494
v 0.001150 -0.002662 -0.006480
v 0.001150 0.002662 -0.006480
v 0.001149 -0.002371 -0.006508
v 0.001149 0.002371 -0.006508
v 0.001148 -0.003633 -0.006604
v 0.001147 -0.003630 -0.006575
v 0.001144 -0.003621 -0.006547
v 0.001141 -0.002439 -0.006532
v 0.001141 0.002439 -0.006532
v 0.001140 -0.002148 -0.006477
v 0.001139 -0.002571 -0.006508
v 0.001139 -0.002328 -0.006505
v 0.001139 0.002571 -0.006508
v 0.001138 -0.002722 -0.006477
v 0.001137 -0.002502 -0.006532
v 0.001137 0.002502 -0.006532
v 0.001138 -0.003603 -0.006520
v 0.001134 -0.002330 -0.006508
v 0.001134 0.002330 -0.006508
v 0.001131 -0.002191 -0.006480
v 0.001130 -0.002191 -0.006480
v 0.001130 0.002191 -0.006480
v 0.001130 -0.003581 -0.006499
v 0.001130 -0.002377 -0.006532
v 0.001130 0.002377 -0.006532
v 0.001129 0.002332 -0.006514
v 0.001127 -0.002646 -0.006490
v 0.001127 0.002646 -0.006490
v 0.001127 0.002193 -0.006481
v 0.001126 -0.002440 -0.006559
v 0.001126 0.002440 -0.006559
v 0.001126 0.002127 -0.006477
v 0.001126 -0.002128 -0.006477
v 0.001123 -0.002500 -0.006559
v 0.001123 0.002500 -0.006559
v 0.001122 0.002120 -0.006477
v 0.001122 -0.003555 -0.006485
v 0.001121 -0.002336 -0.006525
v 0.001120 -0.002563 -0.006532
v 0.001120 0.002563 -0.006532
v 0.001119 -0.002440 -0.006588
v 0.001119 0.002440 -0.006588
v 0.001119 -0.002466 -0.007239
v 0.001119 0.002466 -0.007239
v 0.001118 -0.002440 -0.006604
v 0.001118 0.002440 -0.006604
v 0.001117 -0.002466 -0.006604
v 0.001117 0.002466 -0.006604
v 0.001116 -0.002498 -0.006588
v 0.001116 0.002498 -0.006588
v 0.001116 -0.002381 -0.006559
v 0.001116 0.002381 -0.006559
v 0.001115 -0.002339 -0.006532
v 0.001115 0.002339 -0.006532
v 0.001115 -0.002498 -0.006604
v 0.001115 0.002498 -0.006604
v 0.001114 -0.002406 -0.007239
v 0.001114 0.002406 -0.007239
v 0.001114 0.002743 -0.006477
v 0.001114 -0.002743 -0.006477
v 0.001113 -0.003527 -0.006478
v 0.001112 -0.002406 -0.006604
v 0.001112 0.002406 -0.006604
v 0.001111 0.002341 -0.006540
v 0.001109 -0.002383 -0.006588
v 0.001109 0.002383 -0.006588
v 0.001109 -0.002526 -0.007239
v 0.001109 0.002526 -0.007239
v 0.001108 -0.002383 -0.006604
v 0.001108 0.002383 -0.006604
v 0.001108 -0.003511 -0.006477
v 0.001107 -0.002525 -0.006604
v 0.001107 0.002525 -0.006604
v 0.001107 -0.002343 -0.006549
v 0.001107 0.002750 -0.006477
v 0.001106 -0.002557 -0.006559
v 0.001106 0.002557 -0.006559
v 0.001106 -0.002202 -0.006489
v 0.001105 -0.002630 -0.006508
v 0.001105 0.002630 -0.006508
v 0.001105 -0.002203 -0.006490
v 0.001105 0.002203 -0.006490
v 0.001103 -0.002095 -0.006477
v 0.001103 -0.002143 -0.006480
v 0.001103 0.002143 -0.006480
v 0.001102 -0.002345 -0.006559
v 0.001102 0.002345 -0.006559
v 0.001100 0.003647 -0.006604
v 0.001099 0.003644 -0.006575
v 0.001100 -0.002554 -0.006588
v 0.001100 0.002554 -0.006588
v 0.001100 0.002346 -0.006571
v 0.001099 0.002206 -0.006494
v 0.001099 -0.002554 -0.006604
v 0.001099 0.002554 -0.006604
v 0.001099 -0.002347 -0.006576
v 0.001096 0.003634 -0.006547
v 0.001097 -0.002758 -0.006477
v 0.001096 -0.002348 -0.006588
v 0.001096 0.002348 -0.006588
v 0.001095 -0.002722 -0.006480
v 0.001095 0.002722 -0.006480
v 0.001095 -0.002348 -0.006604
v 0.001095 -0.002348 -0.007239
v 0.001095 0.002348 -0.006604
v 0.001095 0.002348 -0.007239
v 0.001091 0.003617 -0.006520
v 0.001089 -0.002618 -0.006532
v 0.001089 0.002618 -0.006532
v 0.001086 -0.002581 -0.007239
v 0.001086 0.002581 -0.007239
v 0.001084 0.003595 -0.006499
v 0.001085 -0.002212 -0.006505
v 0.001084 -0.002580 -0.006604
v 0.001084 0.002580 -0.006604
v 0.001080 -0.002215 -0.006508
v 0.001080 0.002215 -0.006508
v 0.001080 0.002070 -0.006477
v 0.001080 -0.002159 -0.006490
v 0.001080 0.002159 -0.006490
v 0.001078 0.003569 -0.006485
v 0.001077 -0.002701 -0.006490
v 0.001077 0.002701 -0.006490
v 0.001077 -0.002610 -0.006559
v 0.001077 0.002610 -0.006559
v 0.001075 0.002217 -0.006514
v 0.001071 -0.002605 -0.006588
v 0.001071 0.002605 -0.006588
v 0.001070 -0.002605 -0.006604
v 0.001070 0.002605 -0.006604
v 0.001069 -0.002061 -0.006477
v 0.001069 0.002061 -0.006477
v 0.001069 0.003541 -0.006478
v 0.001067 -0.002221 -0.006525
v 0.001064 0.003525 -0.006477
v 0.001061 -0.002223 -0.006532
v 0.001061 0.002223 -0.006532
v 0.001059 -0.002680 -0.006508
v 0.001059 0.002680 -0.006508
v 0.001058 -0.002049 -0.006477
v 0.001057 0.002225 -0.006540
v 0.001057 -0.002174 -0.006508
v 0.001057 0.002174 -0.006508
v 0.001053 -0.002227 -0.006549
v 0.001053 0.002787 -0.006477
v 0.001050 -0.002082 -0.006480
v 0.001050 0.002082 -0.006480
v 0.001050 -0.002630 -0.007239
v 0.001050 0.002630 -0.007239
v 0.001049 -0.002629 -0.006604
v 0.001049 -0.002229 -0.006559
v 0.001049 0.002229 -0.006559
v 0.001049 0.002629 -0.006604
v 0.001046 -0.002665 -0.006532
v 0.001046 0.002665 -0.006532
v 0.001046 0.002231 -0.006571
v 0.001045 -0.003532 -0.006477
v 0.001045 -0.002231 -0.006576
v 0.001042 -0.002793 -0.006477
v 0.001042 -0.002232 -0.006588
v 0.001042 0.002232 -0.006588
v 0.001042 -0.002793 -0.006477
v 0.001042 0.002792 -0.006477
v 0.001041 -0.002233 -0.006604
v 0.001041 -0.002233 -0.007239
v 0.001041 0.002233 -0.006604
v 0.001041 0.002233 -0.007239
v 0.001040 -0.002185 -0.006532
v 0.001040 0.002185 -0.006532
v 0.001037 -0.002654 -0.006559
v 0.001037 0.002654 -0.006559
v 0.001032 -0.002648 -0.006588
v 0.001032 0.002648 -0.006588
v 0.001031 -0.002648 -0.006604
v 0.001031 0.002648 -0.006604
v 0.001031 -0.002102 -0.006490
v 0.001031 0.002102 -0.006490
v 0.001031 0.002028 -0.006477
v 0.001029 -0.002767 -0.006480
v 0.001029 0.002767 -0.006480
v 0.001028 -0.002193 -0.006559
v 0.001028 0.002193 -0.006559
v 0.001022 -0.002197 -0.006588
v 0.001022 0.002197 -0.006588
v 0.001021 -0.002198 -0.006604
v 0.001021 0.002198 -0.006604
v 0.001016 -0.002743 -0.006490
v 0.001016 0.002743 -0.006490
v 0.001013 -0.002122 -0.006508
v 0.001013 0.002122 -0.006508
v 0.001008 -0.002180 -0.007239
v 0.001008 0.002180 -0.007239
v 0.001007 -0.002181 -0.006604
v 0.001007 0.002181 -0.006604
v 0.001005 -0.002012 -0.006477
v 0.001003 -0.002669 -0.007239
v 0.001003 0.002669 -0.007239
v 0.001003 -0.002719 -0.006508
v 0.001003 0.002719 -0.006508
v 0.001002 -0.002667 -0.006604
v 0.001002 0.002667 -0.006604
v 0.000999 -0.002009 -0.006477
v 0.000999 -0.002137 -0.006532
v 0.000999 0.002137 -0.006532
v 0.000998 0.002010 -0.006477
v 0.000994 -0.002700 -0.006532
v 0.000994 0.002700 -0.006532
v 0.000991 -0.002815 -0.006477
v 0.000991 0.002815 -0.006477
v 0.000989 -0.002148 -0.006559
v 0.000989 0.002148 -0.006559
v 0.000987 -0.002688 -0.006559
v 0.000987 0.002688 -0.006559
v 0.000985 -0.002034 -0.006480
v 0.000985 0.002034 -0.006480
v 0.000984 -0.002153 -0.006588
v 0.000984 0.002153 -0.006588
v 0.000984 -0.002681 -0.006588
v 0.000984 0.002681 -0.006588
v 0.000983 -0.002154 -0.006604
v 0.000983 0.002154 -0.006604
v 0.000983 -0.002680 -0.006604
v 0.000983 0.002680 -0.006604
v 0.000982 -0.002788 -0.006480
v 0.000982 0.002788 -0.006480
v 0.000974 0.001996 -0.006477
v 0.000973 -0.002761 -0.006490
v 0.000973 0.002761 -0.006490
v 0.000971 -0.002058 -0.006490
v 0.000971 0.002058 -0.006490
v 0.000968 0.003554 -0.006477
v 0.000964 -0.002137 -0.007239
v 0.000964 0.002137 -0.007239
v 0.000964 -0.002736 -0.006508
v 0.000964 0.002736 -0.006508
v 0.000963 -0.002138 -0.006604
v 0.000963 0.002138 -0.006604
v 0.000957 -0.002082 -0.006508
v 0.000957 0.002082 -0.006508
v 0.000957 -0.002716 -0.006532
v 0.000957 0.002716 -0.006532
v 0.000952 -0.002703 -0.006559
v 0.000952 0.002703 -0.006559
v 0.000950 -0.002696 -0.006588
v 0.000950 0.002696 -0.006588
v 0.000949 -0.002695 -0.006604
v 0.000949 -0.002695 -0.007239
v 0.000949 0.002695 -0.006604
v 0.000949 0.002695 -0.007239
v 0.000947 -0.002100 -0.006532
v 0.000947 0.002100 -0.006532
v 0.000945 -0.001983 -0.006477
v 0.000940 -0.002112 -0.006559
v 0.000940 0.002112 -0.006559
v 0.000937 -0.002118 -0.006588
v 0.000937 0.002118 -0.006588
v 0.000936 -0.002119 -0.006604
v 0.000936 0.002119 -0.006604
v 0.000934 -0.003694 -0.007239
v 0.000932 0.003694 -0.007239
v 0.000933 -0.003692 -0.006604
v 0.000931 0.003691 -0.006604
v 0.000918 0.001975 -0.006477
v 0.000918 -0.001976 -0.006477
v 0.000911 0.001972 -0.006477
v 0.000910 -0.002002 -0.006480
v 0.000910 0.002002 -0.006480
v 0.000910 -0.002106 -0.007239
v 0.000910 0.002106 -0.007239
v 0.000909 -0.002108 -0.006604
v 0.000909 0.002108 -0.006604
v 0.000902 -0.002029 -0.006490
v 0.000902 0.002029 -0.006490
v 0.000894 -0.002055 -0.006508
v 0.000894 0.002055 -0.006508
v 0.000889 -0.002075 -0.006532
v 0.000889 0.002075 -0.006532
v 0.000885 -0.002089 -0.006559
v 0.000885 0.002089 -0.006559
v 0.000883 -0.002095 -0.006588
v 0.000883 0.002095 -0.006588
v 0.000882 -0.002096 -0.006604
v 0.000882 0.002096 -0.006604
v 0.000882 -0.001965 -0.006477
v 0.000856 -0.003713 -0.006604
v 0.000855 -0.003710 -0.006575
v 0.000853 -0.003700 -0.006547
v 0.000850 -0.002089 -0.007239
v 0.000850 0.002089 -0.007239
v 0.000850 -0.002091 -0.006604
v 0.000850 0.002091 -0.006604
v 0.000848 -0.003584 -0.006477
v 0.000849 -0.003682 -0.006520
v 0.000847 0.001960 -0.006477
v 0.000843 -0.003659 -0.006499
v 0.000837 -0.003633 -0.006485
v 0.000832 0.001960 -0.006477
v 0.000832 -0.001960 -0.006477
v 0.000830 -0.001988 -0.006480
v 0.000830 0.001988 -0.006480
v 0.000831 -0.003604 -0.006478
v 0.000829 -0.002016 -0.006490
v 0.000829 0.002016 -0.006490
v 0.000827 -0.002043 -0.006508
v 0.000827 0.002043 -0.006508
v 0.000826 -0.003589 -0.006477
v 0.000826 -0.002064 -0.006532
v 0.000826 0.002064 -0.006532
v 0.000826 0.002868 -0.006477
v 0.000825 -0.002078 -0.006559
v 0.000825 0.002078 -0.006559
v 0.000825 -0.002085 -0.006588
v 0.000825 0.002085 -0.006588
v 0.000825 -0.002086 -0.006604
v 0.000825 0.002086 -0.006604
v 0.000818 -0.001959 -0.006477
v 0.000816 -0.002871 -0.006477
v 0.000807 0.003723 -0.006604
v 0.000807 0.003720 -0.006575
v 0.000805 0.003710 -0.006547
v 0.000801 0.003692 -0.006520
v 0.000796 0.003670 -0.006499
v 0.000790 0.003643 -0.006485
v 0.000788 -0.002089 -0.006604
v 0.000788 0.002089 -0.006604
v 0.000788 -0.002087 -0.007239
v 0.000788 0.002087 -0.007239
v 0.000784 0.003615 -0.006478
v 0.000784 0.001960 -0.006477
v 0.000780 0.003599 -0.006477
v 0.000769 0.003602 -0.006477
v 0.000768 -0.002883 -0.006477
v 0.000768 0.002883 -0.006477
v 0.000766 -0.002090 -0.006604
v 0.000766 0.002090 -0.006604
v 0.000766 -0.002089 -0.006588
v 0.000766 0.002089 -0.006588
v 0.000765 -0.002082 -0.006559
v 0.000765 0.002082 -0.006559
v 0.000762 -0.002068 -0.006532
v 0.000762 0.002068 -0.006532
v 0.000761 -0.002856 -0.006480
v 0.000761 0.002856 -0.006480
v 0.000759 -0.002048 -0.006508
v 0.000759 0.002048 -0.006508
v 0.000754 -0.002021 -0.006490
v 0.000754 0.002021 -0.006490
v 0.000754 -0.002829 -0.006490
v 0.000754 0.002829 -0.006490
v 0.000753 -0.001964 -0.006477
v 0.000749 -0.001993 -0.006480
v 0.000749 0.001993 -0.006480
v 0.000747 -0.002803 -0.006508
v 0.000747 0.002803 -0.006508
v 0.000744 0.001966 -0.006477
v 0.000744 -0.001966 -0.006477
v 0.000742 -0.002783 -0.006532
v 0.000742 0.002783 -0.006532
v 0.000738 -0.002769 -0.006559
v 0.000738 0.002769 -0.006559
v 0.000737 -0.002761 -0.007239
v 0.000737 0.002761 -0.007239
v 0.000737 -0.002761 -0.006604
v 0.000737 0.002761 -0.006604
v 0.000736 -0.002762 -0.006588
v 0.000736 0.002762 -0.006588
v 0.000736 -0.002761 -0.006604
v 0.000736 0.002761 -0.006604
v 0.000728 -0.002100 -0.006604
v 0.000728 -0.002100 -0.007239
v 0.000728 0.002100 -0.006604
v 0.000728 0.002100 -0.007239
v 0.000727 -0.002099 -0.006588
v 0.000727 0.002099 -0.006588
v 0.000726 -0.002096 -0.006575
v 0.000726 0.002096 -0.006575
v 0.000725 -0.002092 -0.006559
v 0.000725 0.002092 -0.006559
v 0.000723 -0.002087 -0.006547
v 0.000723 0.002087 -0.006547
v 0.000720 -0.002079 -0.006532
v 0.000720 0.002079 -0.006532
v 0.000719 0.001970 -0.006477
v 0.000717 -0.002069 -0.006520
v 0.000717 0.002069 -0.006520
v 0.000714 -0.002059 -0.006508
v 0.000714 0.002059 -0.006508
v 0.000710 -0.002048 -0.006500
v 0.000710 0.002048 -0.006500
v 0.000705 -0.002034 -0.006490
v 0.000705 0.002034 -0.006490
v 0.000701 -0.002022 -0.006486
v 0.000701 0.002022 -0.006486
v 0.000696 -0.002007 -0.006480
v 0.000696 0.002007 -0.006480
v 0.000691 -0.001995 -0.006478
v 0.000691 0.001995 -0.006478
v 0.000686 -0.001980 -0.006477
v 0.000686 0.001980 -0.006477
v 0.000660 -0.001989 -0.006477
v 0.000649 -0.003626 -0.006477
v 0.000648 -0.002913 -0.006477
v 0.000648 0.002913 -0.006477
v 0.000647 0.003626 -0.006477
v 0.000640 0.003633 -0.006477
v 0.000631 0.003644 -0.006479
v 0.000633 -0.003644 -0.006479
v 0.000628 0.002898 -0.006478
v 0.000626 0.003651 -0.006479
v 0.000628 -0.003650 -0.006480
v 0.000626 -0.002896 -0.006478
v 0.000626 0.002896 -0.006479
v 0.000626 -0.002896 -0.006478
v 0.000619 -0.002890 -0.006481
v 0.000619 0.002890 -0.006481
v 0.000614 -0.003667 -0.006482
v 0.000607 0.003673 -0.006483
v 0.000604 -0.003678 -0.006486
v 0.000602 0.003678 -0.006485
v 0.000598 -0.003685 -0.006489
v 0.000596 0.003686 -0.006488
v 0.000597 -0.002872 -0.006488
v 0.000597 0.002872 -0.006487
v 0.000596 0.002872 -0.006488
v 0.000592 -0.002868 -0.006489
v 0.000591 0.002868 -0.006491
v 0.000578 0.003707 -0.006497
v 0.000579 -0.003708 -0.006497
v 0.000575 0.003710 -0.006499
v 0.000576 -0.002147 -0.006604
v 0.000576 0.002147 -0.006604
v 0.000577 -0.003710 -0.006499
v 0.000575 -0.002144 -0.006575
v 0.000575 0.002144 -0.006575
v 0.000572 -0.002134 -0.006547
v 0.000572 0.002134 -0.006547
v 0.000569 0.003717 -0.006504
v 0.000571 -0.003717 -0.006504
v 0.000570 0.002851 -0.006504
v 0.000570 -0.002850 -0.006504
v 0.000568 -0.002116 -0.006520
v 0.000568 0.002116 -0.006520
v 0.000564 -0.002846 -0.006508
v 0.000564 0.002846 -0.006508
v 0.000564 -0.002845 -0.006508
v 0.000564 0.002845 -0.006508
v 0.000562 -0.002094 -0.006499
v 0.000562 0.002094 -0.006499
v 0.000558 -0.003769 -0.006604
v 0.000558 -0.003766 -0.006575
v 0.000556 -0.003756 -0.006547
v 0.000555 -0.002067 -0.006485
v 0.000555 0.002067 -0.006485
v 0.000553 0.003736 -0.006518
v 0.000554 -0.003736 -0.006518
v 0.000554 -0.003737 -0.006520
v 0.000553 -0.003738 -0.006520
v 0.000547 0.003743 -0.006526
v 0.000548 -0.002832 -0.006526
v 0.000549 -0.003743 -0.006526
v 0.000548 0.002832 -0.006526
v 0.000547 -0.002039 -0.006478
v 0.000547 0.002039 -0.006478
v 0.000544 -0.002829 -0.006530
v 0.000544 0.002829 -0.006531
v 0.000543 0.002024 -0.006477
v 0.000543 -0.002023 -0.006477
v 0.000539 0.002025 -0.006477
v 0.000536 0.003756 -0.006542
v 0.000538 -0.003756 -0.006542
v 0.000534 0.003758 -0.006547
v 0.000536 -0.003758 -0.006547
v 0.000532 0.003761 -0.006553
v 0.000532 -0.002819 -0.006553
v 0.000533 -0.003761 -0.006553
v 0.000532 0.002819 -0.006553
v 0.000531 -0.002817 -0.006555
v 0.000530 0.002818 -0.006555
v 0.000530 -0.002817 -0.006559
v 0.000529 0.002817 -0.006559
v 0.000527 0.003767 -0.006564
v 0.000528 -0.003766 -0.006563
v 0.000524 0.003770 -0.006575
v 0.000525 -0.003770 -0.006575
v 0.000523 -0.002811 -0.006580
v 0.000523 0.002812 -0.006580
v 0.000522 0.003772 -0.006582
v 0.000523 -0.002811 -0.006582
v 0.000523 0.002811 -0.006582
v 0.000524 -0.003772 -0.006582
v 0.000521 0.003773 -0.006584
v 0.000523 -0.003772 -0.006583
v 0.000522 -0.002811 -0.006588
v 0.000522 0.002811 -0.006588
v 0.000522 -0.003774 -0.006604
v 0.000522 -0.003774 -0.007239
v 0.000521 -0.003030 -0.007239
v 0.000521 -0.002810 -0.006604
v 0.000521 -0.002810 -0.007239
v 0.000521 0.002810 -0.006604
v 0.000521 0.002810 -0.007239
v 0.000520 0.003774 -0.006604
v 0.000520 0.003774 -0.007239
v 0.000520 -0.002030 -0.006477
v 0.000442 -0.002178 -0.007239
v 0.000442 0.002178 -0.007239
v 0.000441 -0.002175 -0.006604
v 0.000441 0.002175 -0.006604
v 0.000389 0.002059 -0.006477
v 0.000371 -0.002063 -0.006477
v 0.000348 -0.002195 -0.006604
v 0.000348 0.002195 -0.006604
v 0.000348 -0.002192 -0.006575
v 0.000348 0.002192 -0.006575
v 0.000346 -0.002182 -0.006547
v 0.000346 0.002182 -0.006547
v 0.000343 -0.002164 -0.006520
v 0.000343 0.002164 -0.006520
v 0.000339 -0.002141 -0.006499
v 0.000339 0.002141 -0.006499
v 0.000335 -0.002114 -0.006485
v 0.000335 0.002114 -0.006485
v 0.000331 -0.002085 -0.006478
v 0.000331 0.002085 -0.006478
v 0.000328 -0.002069 -0.006477
v 0.000328 0.002069 -0.006477
v 0.000239 0.002082 -0.006477
v 0.000221 -0.002084 -0.006477
v 0.000148 -0.002218 -0.007239
v 0.000148 0.002218 -0.007239
v 0.000148 -0.002216 -0.006604
v 0.000148 0.002216 -0.006604
v 0.000116 -0.002220 -0.006604
v 0.000116 0.002220 -0.006604
v 0.000116 -0.002216 -0.006575
v 0.000116 0.002216 -0.006575
v 0.000116 -0.002206 -0.006547
v 0.000116 0.002206 -0.006547
v 0.000115 -0.002188 -0.006520
v 0.000115 0.002188 -0.006520
v 0.000114 -0.002165 -0.006499
v 0.000114 0.002165 -0.006499
v 0.000112 -0.002137 -0.006485
v 0.000112 0.002137 -0.006485
v 0.000111 -0.002108 -0.006478
v 0.000111 0.002108 -0.006478
v 0.000110 0.002092 -0.006477
v 0.000110 -0.002092 -0.006477
v 0.000086 0.002094 -0.006477
v 0.000068 -0.002095 -0.006477
v 0.000000 -0.002218 -0.007239
v 0.000000 -0.002094 -0.006477
v 0.000000 -0.001924 -0.007239
v 0.000000 -0.001651 -0.006477
v 0.000000 -0.001543 -0.007239
v 0.000000 -0.001124 -0.007239
v 0.000000 -0.000984 -0.006477
v 0.000000 -0.000699 -0.007239
v 0.000000 -0.000254 -0.006477
v -0.000000 0.000000 -0.007239
v -0.000000 0.000699 -0.006477
v -0.000000 0.000699 -0.007239
v -0.000000 0.000984 -0.006477
v -0.000000 0.001124 -0.007239
v -0.000000 0.001543 -0.007239
v -0.000000 0.001651 -0.006477
v -0.000000 0.001924 -0.007239
v -0.000000 0.002094 -0.006477
v -0.000000 0.002218 -0.007239
v -0.000068 0.002095 -0.006477
v -0.000086 -0.002094 -0.006477
v -0.000110 0.002092 -0.006477
v -0.000110 -0.002092 -0.006477
v -0.000111 -0.002108 -0.006478
v -0.000111 0.002108 -0.006478
v -0.000112 -0.002137 -0.006485
v -0.000112 0.002137 -0.006485
v -0.000114 -0.002165 -0.006499
v -0.000114 0.002165 -0.006499
v -0.000115 -0.002188 -0.006520
v -0.000115 0.002188 -0.006520
v -0.000116 -0.002206 -0.006547
v -0.000116 0.002206 -0.006547
v -0.000116 -0.002216 -0.006575
v -0.000116 0.002216 -0.006575
v -0.000116 -0.002220 -0.006604
v -0.000116 0.002220 -0.006604
v -0.000148 -0.002216 -0.006604
v -0.000148 0.002216 -0.006604
v -0.000148 -0.002218 -0.007239
v -0.000148 0.002218 -0.007239
v -0.000221 0.002084 -0.006477
v -0.000239 -0.002082 -0.006477
v -0.000328 -0.002069 -0.006477
v -0.000328 0.002069 -0.006477
v -0.000331 -0.002085 -0.006478
v -0.000331 0.002085 -0.006478
v -0.000335 -0.002114 -0.006485
v -0.000335 0.002114 -0.006485
v -0.000339 -0.002141 -0.006499
v -0.000339 0.002141 -0.006499
v -0.000343 -0.002164 -0.006520
v -0.000343 0.002164 -0.006520
v -0.000346 -0.002182 -0.006547
v -0.000346 0.002182 -0.006547
v -0.000348 -0.002192 -0.006575
v -0.000348 0.002192 -0.006575
v -0.000348 -0.002195 -0.006604
v -0.000348 0.002195 -0.006604
v -0.000371 0.002063 -0.006477
v -0.000389 -0.002059 -0.006477
v -0.000441 -0.002175 -0.006604
v -0.000441 0.002175 -0.006604
v -0.000442 -0.002178 -0.007239
v -0.000442 0.002178 -0.007239
v -0.000520 0.002030 -0.006477
v -0.000520 -0.003774 -0.006604
v -0.000520 -0.003774 -0.007239
v -0.000521 -0.003030 -0.007239
v -0.000521 -0.002810 -0.006604
v -0.000521 -0.002810 -0.007239
v -0.000521 0.002810 -0.006604
v -0.000521 0.002810 -0.007239
v -0.000522 0.003774 -0.006604
v -0.000522 0.003774 -0.007239
v -0.000522 -0.002811 -0.006588
v -0.000522 0.002811 -0.006588
v -0.000523 0.003772 -0.006583
v -0.000521 -0.003773 -0.006584
v -0.000524 0.003772 -0.006582
v -0.000523 -0.002811 -0.006582
v -0.000523 0.002811 -0.006582
v -0.000522 -0.003772 -0.006582
v -0.000523 -0.002812 -0.006580
v -0.000523 0.002811 -0.006580
v -0.000525 0.003770 -0.006575
v -0.000524 -0.003770 -0.006575
v -0.000528 0.003766 -0.006563
v -0.000527 -0.003767 -0.006564
v -0.000529 -0.002817 -0.006559
v -0.000530 0.002817 -0.006559
v -0.000530 -0.002818 -0.006555
v -0.000531 0.002817 -0.006555
v -0.000532 -0.002819 -0.006553
v -0.000533 0.003761 -0.006553
v -0.000532 0.002819 -0.006553
v -0.000532 -0.003761 -0.006553
v -0.000536 0.003758 -0.006547
v -0.000534 -0.003758 -0.006547
v -0.000538 0.003756 -0.006542
v -0.000536 -0.003756 -0.006542
v -0.000539 -0.002025 -0.006477
v -0.000543 0.002023 -0.006477
v -0.000543 -0.002024 -0.006477
v -0.000544 -0.002829 -0.006531
v -0.000544 0.002829 -0.006530
v -0.000547 -0.002039 -0.006478
v -0.000547 0.002039 -0.006478
v -0.000548 -0.002832 -0.006526
v -0.000549 0.003743 -0.006526
v -0.000548 0.002832 -0.006526
v -0.000547 -0.003743 -0.006526
v -0.000553 0.003738 -0.006520
v -0.000554 0.003737 -0.006520
v -0.000554 0.003736 -0.006518
v -0.000553 -0.003736 -0.006518
v -0.000555 -0.002067 -0.006485
v -0.000555 0.002067 -0.006485
v -0.000556 0.003756 -0.006547
v -0.000558 0.003766 -0.006575
v -0.000558 0.003769 -0.006604
v -0.000562 -0.002094 -0.006499
v -0.000562 0.002094 -0.006499
v -0.000564 -0.002845 -0.006508
v -0.000564 0.002845 -0.006508
v -0.000564 -0.002846 -0.006508
v -0.000564 0.002846 -0.006508
v -0.000568 -0.002116 -0.006520
v -0.000568 0.002116 -0.006520
v -0.000570 0.002850 -0.006504
v -0.000570 -0.002851 -0.006504
v -0.000571 0.003717 -0.006504
v -0.000569 -0.003717 -0.006504
v -0.000572 -0.002134 -0.006547
v -0.000572 0.002134 -0.006547
v -0.000575 -0.002144 -0.006575
v -0.000575 0.002144 -0.006575
v -0.000577 0.003710 -0.006499
v -0.000576 -0.002147 -0.006604
v -0.000576 0.002147 -0.006604
v -0.000575 -0.003710 -0.006499
v -0.000579 0.003708 -0.006497
v -0.000578 -0.003707 -0.006497
v -0.000591 -0.002868 -0.006491
v -0.000592 0.002868 -0.006489
v -0.000596 -0.002872 -0.006488
v -0.000597 -0.002872 -0.006487
v -0.000597 0.002872 -0.006488
v -0.000596 -0.003686 -0.006488
v -0.000598 0.003685 -0.006489
v -0.000602 -0.003678 -0.006485
v -0.000604 0.003678 -0.006486
v -0.000607 -0.003673 -0.006483
v -0.000614 0.003667 -0.006482
v -0.000619 -0.002890 -0.006481
v -0.000619 0.002890 -0.006481
v -0.000626 0.002896 -0.006478
v -0.000626 -0.002896 -0.006479
v -0.000626 0.002896 -0.006478
v -0.000628 0.003650 -0.006480
v -0.000626 -0.003651 -0.006479
v -0.000628 -0.002898 -0.006478
v -0.000633 0.003644 -0.006479
v -0.000631 -0.003644 -0.006479
v -0.000640 -0.003633 -0.006477
v -0.000647 -0.003626 -0.006477
v -0.000648 -0.002913 -0.006477
v -0.000648 0.002913 -0.006477
v -0.000649 0.003626 -0.006477
v -0.000660 0.001989 -0.006477
v -0.000686 -0.001980 -0.006477
v -0.000686 0.001980 -0.006477
v -0.000691 0.001995 -0.006478
v -0.000691 -0.001995 -0.006478
v -0.000696 -0.002007 -0.006481
v -0.000696 0.002007 -0.006480
v -0.000701 0.002022 -0.006486
v -0.000701 -0.002022 -0.006485
v -0.000705 -0.002033 -0.006491
v -0.000705 0.002034 -0.006490
v -0.000710 0.002048 -0.006500
v -0.000710 -0.002048 -0.006499
v -0.000713 -0.002059 -0.006509
v -0.000714 0.002059 -0.006508
v -0.000717 0.002069 -0.006520
v -0.000717 -0.002070 -0.006520
v -0.000719 -0.001970 -0.006477
v -0.000720 -0.002078 -0.006532
v -0.000720 0.002079 -0.006532
v -0.000723 0.002087 -0.006547
v -0.000723 -0.002087 -0.006547
v -0.000725 -0.002092 -0.006559
v -0.000725 0.002092 -0.006559
v -0.000726 0.002096 -0.006575
v -0.000727 -0.002097 -0.006575
v -0.000727 -0.002098 -0.006588
v -0.000727 0.002099 -0.006588
v -0.000728 -0.002100 -0.006604
v -0.000728 -0.002100 -0.007239
v -0.000728 0.002100 -0.006604
v -0.000728 0.002100 -0.007239
v -0.000736 -0.002761 -0.006604
v -0.000736 0.002761 -0.006604
v -0.000736 -0.002762 -0.006588
v -0.000736 0.002762 -0.006588
v -0.000737 -0.002761 -0.006604
v -0.000737 0.002761 -0.006604
v -0.000737 -0.002761 -0.007239
v -0.000737 0.002761 -0.007239
v -0.000738 -0.002769 -0.006559
v -0.000738 0.002769 -0.006559
v -0.000742 -0.002783 -0.006532
v -0.000742 0.002783 -0.006532
v -0.000744 0.001966 -0.006477
v -0.000744 -0.001966 -0.006477
v -0.000747 -0.002803 -0.006508
v -0.000747 0.002803 -0.006508
v -0.000749 -0.001993 -0.006480
v -0.000749 0.001993 -0.006480
v -0.000753 0.001964 -0.006477
v -0.000754 -0.002829 -0.006490
v -0.000754 0.002829 -0.006490
v -0.000754 -0.002021 -0.006490
v -0.000754 0.002021 -0.006490
v -0.000759 -0.002048 -0.006508
v -0.000759 0.002048 -0.006508
v -0.000761 -0.002856 -0.006480
v -0.000761 0.002856 -0.006480
v -0.000762 -0.002068 -0.006532
v -0.000762 0.002068 -0.006532
v -0.000765 -0.002082 -0.006559
v -0.000765 0.002082 -0.006559
v -0.000766 -0.002089 -0.006588
v -0.000766 0.002089 -0.006588
v -0.000766 -0.002090 -0.006604
v -0.000766 0.002090 -0.006604
v -0.000768 -0.002883 -0.006477
v -0.000768 0.002883 -0.006477
v -0.000769 -0.003602 -0.006477
v -0.000780 -0.003599 -0.006477
v -0.000784 -0.001960 -0.006477
v -0.000784 -0.003615 -0.006478
v -0.000788 -0.002087 -0.007239
v -0.000788 0.002087 -0.007239
v -0.000788 -0.002089 -0.006604
v -0.000788 0.002089 -0.006604
v -0.000790 -0.003643 -0.006485
v -0.000796 -0.003670 -0.006499
v -0.000801 -0.003692 -0.006520
v -0.000805 -0.003710 -0.006547
v -0.000807 -0.003720 -0.006575
v -0.000807 -0.003723 -0.006604
v -0.000816 0.002871 -0.006477
v -0.000818 0.001959 -0.006477
v -0.000825 -0.002086 -0.006604
v -0.000825 0.002086 -0.006604
v -0.000825 -0.002085 -0.006588
v -0.000825 0.002085 -0.006588
v -0.000825 -0.002078 -0.006559
v -0.000825 0.002078 -0.006559
v -0.000826 -0.002868 -0.006477
v -0.000826 -0.002064 -0.006532
v -0.000826 0.002064 -0.006532
v -0.000827 0.003589 -0.006477
v -0.000827 -0.002043 -0.006508
v -0.000827 0.002043 -0.006508
v -0.000829 -0.002016 -0.006490
v -0.000829 0.002016 -0.006490
v -0.000831 0.003604 -0.006478
v -0.000830 -0.001988 -0.006480
v -0.000830 0.001988 -0.006480
v -0.000832 0.001960 -0.006477
v -0.000832 -0.001960 -0.006477
v -0.000837 0.003633 -0.006485
v -0.000843 0.003659 -0.006499
v -0.000847 -0.001960 -0.006477
v -0.000849 0.003682 -0.006520
v -0.000848 0.003584 -0.006477
v -0.000850 -0.002091 -0.006604
v -0.000850 0.002091 -0.006604
v -0.000850 -0.002089 -0.007239
v -0.000850 0.002089 -0.007239
v -0.000853 0.003700 -0.006547
v -0.000855 0.003710 -0.006575
v -0.000856 0.003713 -0.006604
v -0.000882 0.001965 -0.006477
v -0.000882 -0.002096 -0.006604
v -0.000882 0.002096 -0.006604
v -0.000883 -0.002095 -0.006588
v -0.000883 0.002095 -0.006588
v -0.000885 -0.002089 -0.006559
v -0.000885 0.002089 -0.006559
v -0.000889 -0.002075 -0.006532
v -0.000889 0.002075 -0.006532
v -0.000894 -0.002055 -0.006508
v -0.000894 0.002055 -0.006508
v -0.000902 -0.002029 -0.006490
v -0.000902 0.002029 -0.006490
v -0.000909 -0.002108 -0.006604
v -0.000909 0.002108 -0.006604
v -0.000910 -0.002106 -0.007239
v -0.000910 0.002106 -0.007239
v -0.000910 -0.002002 -0.006480
v -0.000910 0.002002 -0.006480
v -0.000911 -0.001972 -0.006477
v -0.000918 0.001976 -0.006477
v -0.000918 -0.001975 -0.006477
v -0.000931 -0.003691 -0.006604
v -0.000933 0.003692 -0.006604
v -0.000932 -0.003694 -0.007239
v -0.000934 0.003694 -0.007239
v -0.000936 -0.002119 -0.006604
v -0.000936 0.002119 -0.006604
v -0.000937 -0.002118 -0.006588
v -0.000937 0.002118 -0.006588
v -0.000940 -0.002112 -0.006559
v -0.000940 0.002112 -0.006559
v -0.000945 0.001983 -0.006477
v -0.000947 -0.002100 -0.006532
v -0.000947 0.002100 -0.006532
v -0.000949 -0.002695 -0.006604
v -0.000949 -0.002695 -0.007239
v -0.000949 0.002695 -0.006604
v -0.000949 0.002695 -0.007239
v -0.000950 -0.002696 -0.006588
v -0.000950 0.002696 -0.006588
v -0.000952 -0.002703 -0.006559
v -0.000952 0.002703 -0.006559
v -0.000957 -0.002716 -0.006532
v -0.000957 0.002716 -0.006532
v -0.000957 -0.002082 -0.006508
v -0.000957 0.002082 -0.006508
v -0.000963 -0.002138 -0.006604
v -0.000963 0.002138 -0.006604
v -0.000964 -0.002736 -0.006508
v -0.000964 0.002736 -0.006508
v -0.000964 -0.002137 -0.007239
v -0.000964 0.002137 -0.007239
v -0.000968 -0.003554 -0.006477
v -0.000971 -0.002058 -0.006490
v -0.000971 0.002058 -0.006490
v -0.000973 -0.002761 -0.006490
v -0.000973 0.002761 -0.006490
v -0.000974 -0.001996 -0.006477
v -0.000982 -0.002788 -0.006480
v -0.000982 0.002788 -0.006480
v -0.000983 -0.002680 -0.006604
v -0.000983 0.002680 -0.006604
v -0.000983 -0.002154 -0.006604
v -0.000983 0.002154 -0.006604
v -0.000984 -0.002681 -0.006588
v -0.000984 0.002681 -0.006588
v -0.000984 -0.002153 -0.006588
v -0.000984 0.002153 -0.006588
v -0.000985 -0.002034 -0.006480
v -0.000985 0.002034 -0.006480
v -0.000987 -0.002688 -0.006559
v -0.000987 0.002688 -0.006559
v -0.000989 -0.002148 -0.006559
v -0.000989 0.002148 -0.006559
v -0.000991 -0.002815 -0.006477
v -0.000991 0.002815 -0.006477
v -0.000994 -0.002700 -0.006532
v -0.000994 0.002700 -0.006532
v -0.000998 -0.002010 -0.006477
v -0.000999 -0.002137 -0.006532
v -0.000999 0.002137 -0.006532
v -0.000999 0.002009 -0.006477
v -0.001002 -0.002667 -0.006604
v -0.001002 0.002667 -0.006604
v -0.001003 -0.002719 -0.006508
v -0.001003 0.002719 -0.006508
v -0.001003 -0.002669 -0.007239
v -0.001003 0.002669 -0.007239
v -0.001005 0.002012 -0.006477
v -0.001007 -0.002181 -0.006604
v -0.001007 0.002181 -0.006604
v -0.001008 -0.002180 -0.007239
v -0.001008 0.002180 -0.007239
v -0.001013 -0.002122 -0.006508
v -0.001013 0.002122 -0.006508
v -0.001016 -0.002743 -0.006490
v -0.001016 0.002743 -0.006490
v -0.001021 -0.002198 -0.006604
v -0.001021 0.002198 -0.006604
v -0.001022 -0.002197 -0.006588
v -0.001022 0.002197 -0.006588
v -0.001028 -0.002193 -0.006559
v -0.001028 0.002193 -0.006559
v -0.001029 -0.002767 -0.006480
v -0.001029 0.002767 -0.006480
v -0.001031 -0.002028 -0.006477
v -0.001031 -0.002102 -0.006490
v -0.001031 0.002102 -0.006490
v -0.001031 -0.002648 -0.006604
v -0.001031 0.002648 -0.006604
v -0.001032 -0.002648 -0.006588
v -0.001032 0.002648 -0.006588
v -0.001037 -0.002654 -0.006559
v -0.001037 0.002654 -0.006559
v -0.001040 -0.002185 -0.006532
v -0.001040 0.002185 -0.006532
v -0.001041 -0.002233 -0.006604
v -0.001041 -0.002233 -0.007239
v -0.001041 0.002233 -0.006604
v -0.001041 0.002233 -0.007239
v -0.001042 -0.002792 -0.006477
v -0.001042 0.002793 -0.006477
v -0.001042 -0.002232 -0.006588
v -0.001042 0.002232 -0.006588
v -0.001042 0.002793 -0.006477
v -0.001045 0.002231 -0.006576
v -0.001045 0.003532 -0.006477
v -0.001046 -0.002231 -0.006571
v -0.001046 -0.002665 -0.006532
v -0.001046 0.002665 -0.006532
v -0.001049 -0.002629 -0.006604
v -0.001049 -0.002229 -0.006559
v -0.001049 0.002229 -0.006559
v -0.001049 0.002629 -0.006604
v -0.001050 -0.002630 -0.007239
v -0.001050 0.002630 -0.007239
v -0.001050 -0.002082 -0.006480
v -0.001050 0.002082 -0.006480
v -0.001053 -0.002787 -0.006477
v -0.001053 0.002227 -0.006549
v -0.001057 -0.002174 -0.006508
v -0.001057 0.002174 -0.006508
v -0.001057 -0.002225 -0.006540
v -0.001058 0.002049 -0.006477
v -0.001059 -0.002680 -0.006508
v -0.001059 0.002680 -0.006508
v -0.001061 -0.002223 -0.006532
v -0.001061 0.002223 -0.006532
v -0.001064 -0.003525 -0.006477
v -0.001067 0.002221 -0.006525
v -0.001069 -0.003541 -0.006478
v -0.001069 -0.002061 -0.006477
v -0.001069 0.002061 -0.006477
v -0.001070 -0.002605 -0.006604
v -0.001070 0.002605 -0.006604
v -0.001071 -0.002605 -0.006588
v -0.001071 0.002605 -0.006588
v -0.001075 -0.002217 -0.006514
v -0.001077 -0.002610 -0.006559
v -0.001077 0.002610 -0.006559
v -0.001077 -0.002701 -0.006490
v -0.001077 0.002701 -0.006490
v -0.001078 -0.003569 -0.006485
v -0.001080 -0.002159 -0.006490
v -0.001080 0.002159 -0.006490
v -0.001080 -0.002070 -0.006477
v -0.001080 -0.002215 -0.006508
v -0.001080 0.002215 -0.006508
v -0.001084 -0.002580 -0.006604
v -0.001084 0.002580 -0.006604
v -0.001085 0.002212 -0.006505
v -0.001084 -0.003595 -0.006499
v -0.001086 -0.002581 -0.007239
v -0.001086 0.002581 -0.007239
v -0.001089 -0.002618 -0.006532
v -0.001089 0.002618 -0.006532
v -0.001091 -0.003617 -0.006520
v -0.001095 -0.002348 -0.006604
v -0.001095 -0.002348 -0.007239
v -0.001095 0.002348 -0.006604
v -0.001095 0.002348 -0.007239
v -0.001095 -0.002722 -0.006480
v -0.001095 0.002722 -0.006480
v -0.001096 -0.002348 -0.006588
v -0.001096 0.002348 -0.006588
v -0.001097 0.002758 -0.006477
v -0.001096 -0.003634 -0.006547
v -0.001099 0.002347 -0.006576
v -0.001099 -0.002554 -0.006604
v -0.001099 0.002554 -0.006604
v -0.001099 -0.002206 -0.006494
v -0.001100 -0.002346 -0.006571
v -0.001100 -0.002554 -0.006588
v -0.001100 0.002554 -0.006588
v -0.001099 -0.003644 -0.006575
v -0.001100 -0.003647 -0.006604
v -0.001102 -0.002345 -0.006559
v -0.001102 0.002345 -0.006559
v -0.001103 -0.002143 -0.006480
v -0.001103 0.002143 -0.006480
v -0.001103 0.002095 -0.006477
v -0.001105 -0.002203 -0.006490
v -0.001105 0.002203 -0.006490
v -0.001105 -0.002630 -0.006508
v -0.001105 0.002630 -0.006508
v -0.001106 0.002202 -0.006489
v -0.001106 -0.002557 -0.006559
v -0.001106 0.002557 -0.006559
v -0.001107 -0.002750 -0.006477
v -0.001107 0.002343 -0.006549
v -0.001107 -0.002525 -0.006604
v -0.001107 0.002525 -0.006604
v -0.001108 0.003511 -0.006477
v -0.001108 -0.002383 -0.006604
v -0.001108 0.002383 -0.006604
v -0.001109 -0.002526 -0.007239
v -0.001109 0.002526 -0.007239
v -0.001109 -0.002383 -0.006588
v -0.001109 0.002383 -0.006588
v -0.001111 -0.002341 -0.006540
v -0.001112 -0.002406 -0.006604
v -0.001112 0.002406 -0.006604
v -0.001113 0.003527 -0.006478
v -0.001114 0.002743 -0.006477
v -0.001114 -0.002743 -0.006477
v -0.001114 -0.002406 -0.007239
v -0.001114 0.002406 -0.007239
v -0.001115 -0.002498 -0.006604
v -0.001115 0.002498 -0.006604
v -0.001115 -0.002339 -0.006532
v -0.001115 0.002339 -0.006532
v -0.001116 -0.002381 -0.006559
v -0.001116 0.002381 -0.006559
v -0.001116 -0.002498 -0.006588
v -0.001116 0.002498 -0.006588
v -0.001117 -0.002466 -0.006604
v -0.001117 0.002466 -0.006604
v -0.001118 -0.002440 -0.006604
v -0.001118 0.002440 -0.006604
v -0.001119 -0.002466 -0.007239
v -0.001119 0.002466 -0.007239
v -0.001119 -0.002440 -0.006588
v -0.001119 0.002440 -0.006588
v -0.001120 -0.002563 -0.006532
v -0.001120 0.002563 -0.006532
v -0.001121 0.002336 -0.006525
v -0.001122 0.003555 -0.006485
v -0.001122 -0.002120 -0.006477
v -0.001123 -0.002500 -0.006559
v -0.001123 0.002500 -0.006559
v -0.001126 0.002128 -0.006477
v -0.001126 -0.002127 -0.006477
v -0.001126 -0.002440 -0.006559
v -0.001126 0.002440 -0.006559
v -0.001127 -0.002193 -0.006481
v -0.001127 -0.002646 -0.006490
v -0.001127 0.002646 -0.006490
v -0.001129 -0.002332 -0.006514
v -0.001130 -0.002377 -0.006532
v -0.001130 0.002377 -0.006532
v -0.001130 0.003581 -0.006499
v -0.001130 -0.002191 -0.006480
v -0.001130 0.002191 -0.006480
v -0.001131 0.002191 -0.006480
v -0.001134 -0.002330 -0.006508
v -0.001134 0.002330 -0.006508
v -0.001138 0.003603 -0.006520
v -0.001137 -0.002502 -0.006532
v -0.001137 0.002502 -0.006532
v -0.001138 0.002722 -0.006477
v -0.001139 -0.002571 -0.006508
v -0.001139 0.002328 -0.006505
v -0.001139 0.002571 -0.006508
v -0.001140 0.002148 -0.006477
v -0.001141 -0.002439 -0.006532
v -0.001141 0.002439 -0.006532
v -0.001144 0.003621 -0.006547
v -0.001147 0.003630 -0.006575
v -0.001148 0.003633 -0.006604
v -0.001149 -0.002371 -0.006508
v -0.001149 0.002371 -0.006508
v -0.001150 -0.002662 -0.006480
v -0.001150 0.002662 -0.006480
v -0.001153 -0.002321 -0.006494
v -0.001153 -0.002705 -0.006477
v -0.001156 -0.002179 -0.006477
v -0.001156 0.002179 -0.006477
v -0.001158 -0.002505 -0.006508
v -0.001158 0.002505 -0.006508
v -0.001159 -0.002319 -0.006490
v -0.001159 0.002319 -0.006490
v -0.001160 0.002318 -0.006489
v -0.001161 -0.003496 -0.006477
v -0.001161 -0.002438 -0.006508
v -0.001161 0.002438 -0.006508
v -0.001162 -0.002191 -0.006477
v -0.001164 -0.002581 -0.006490
v -0.001164 0.002581 -0.006490
v -0.001172 -0.002679 -0.006477
v -0.001173 0.002679 -0.006477
v -0.001175 -0.002363 -0.006490
v -0.001175 0.002363 -0.006490
v -0.001179 0.002671 -0.006477
v -0.001180 -0.002308 -0.006481
v -0.001184 -0.002307 -0.006480
v -0.001184 0.002307 -0.006480
v -0.001184 -0.002510 -0.006490
v -0.001184 0.002510 -0.006490
v -0.001185 0.002307 -0.006480
v -0.001188 -0.002436 -0.006490
v -0.001188 0.002436 -0.006490
v -0.001190 -0.002592 -0.006480
v -0.001190 0.002592 -0.006480
v -0.001191 -0.002652 -0.006477
v -0.001202 -0.002355 -0.006480
v -0.001202 0.002355 -0.006480
v -0.001210 -0.002295 -0.006477
v -0.001210 0.002295 -0.006477
v -0.001211 0.002614 -0.006477
v -0.001212 -0.002515 -0.006480
v -0.001212 0.002515 -0.006480
v -0.001215 0.002603 -0.006477
v -0.001215 -0.002603 -0.006477
v -0.001216 -0.002434 -0.006480
v -0.001216 0.002434 -0.006480
v -0.001221 -0.002592 -0.006477
v -0.001229 0.002347 -0.006477
v -0.001230 -0.002346 -0.006477
v -0.001230 -0.002347 -0.006477
v -0.001233 0.002358 -0.006477
v -0.001234 0.002552 -0.006477
v -0.001237 0.003469 -0.006477
v -0.001239 -0.002530 -0.006477
v -0.001239 0.002519 -0.006477
v -0.001240 -0.002519 -0.006477
v -0.001243 -0.002410 -0.006477
v -0.001244 -0.002433 -0.006477
v -0.001244 0.002423 -0.006477
v -0.001244 0.002432 -0.006477
v -0.001245 0.002488 -0.006477
v -0.001246 -0.002465 -0.006477
v -0.001333 0.003566 -0.006604
v -0.001333 -0.003567 -0.006604
v -0.001334 -0.003569 -0.007239
v -0.001334 0.003569 -0.007239
v -0.001341 -0.003430 -0.006477
v -0.001346 0.002159 -0.006477
v -0.001347 -0.003445 -0.006478
v -0.001350 -0.003427 -0.006477
v -0.001355 0.002093 -0.006477
v -0.001355 0.002225 -0.006477
v -0.001357 -0.003472 -0.006485
v -0.001367 -0.003497 -0.006499
v -0.001376 -0.003519 -0.006520
v -0.001380 0.002032 -0.006477
v -0.001380 0.002286 -0.006477
v -0.001382 -0.003536 -0.006547
v -0.001383 0.003413 -0.006477
v -0.001386 -0.003545 -0.006575
v -0.001387 -0.003548 -0.006604
v -0.001390 0.003428 -0.006478
v -0.001401 0.003455 -0.006485
v -0.001411 0.003480 -0.006499
v -0.001416 -0.003399 -0.006477
v -0.001416 -0.002191 -0.006477
v -0.001416 -0.001651 -0.006477
v -0.001416 -0.000984 -0.006477
v -0.001416 -0.000254 -0.006477
v -0.001416 0.000699 -0.006477
v -0.001416 0.000984 -0.006477
v -0.001416 0.001651 -0.006477
v -0.001416 0.001985 -0.006477
v -0.001416 0.002333 -0.006477
v -0.001416 0.003400 -0.006477
v -0.001420 0.003502 -0.006520
v -0.001421 0.001979 -0.006477
v -0.001421 0.002339 -0.006477
v -0.001425 0.003396 -0.006477
v -0.001426 0.003518 -0.006547
v -0.001430 0.003528 -0.006575
v -0.001431 0.003531 -0.006604
v -0.001473 0.001939 -0.006477
v -0.001473 0.002159 -0.006867
v -0.001473 0.002159 -0.007239
v -0.001473 0.002379 -0.006477
v -0.001478 0.002126 -0.006867
v -0.001478 0.002126 -0.007239
v -0.001478 0.002192 -0.006867
v -0.001478 0.002192 -0.007239
v -0.001486 -0.001524 -0.006477
v -0.001490 0.002095 -0.006867
v -0.001490 0.002096 -0.007239
v -0.001490 0.002223 -0.006867
v -0.001490 0.002223 -0.007239
v -0.001501 -0.001639 -0.006477
v -0.001501 -0.001409 -0.006477
v -0.001506 -0.001651 -0.006477
v -0.001510 0.002069 -0.006867
v -0.001510 0.002069 -0.007239
v -0.001510 0.002249 -0.006867
v -0.001510 0.002249 -0.007239
v -0.001534 0.001914 -0.006477
v -0.001534 0.002404 -0.006477
v -0.001536 -0.003348 -0.006477
v -0.001537 0.002049 -0.006867
v -0.001537 0.002049 -0.007239
v -0.001537 0.002269 -0.006867
v -0.001537 0.002269 -0.007239
v -0.001545 -0.001746 -0.006477
v -0.001545 -0.001302 -0.006477
v -0.001556 -0.003472 -0.007239
v -0.001556 -0.003030 -0.007239
v -0.001556 -0.001924 -0.007239
v -0.001556 -0.001543 -0.007239
v -0.001556 -0.001124 -0.007239
v -0.001556 -0.000699 -0.007239
v -0.001556 -0.000000 -0.007239
v -0.001556 0.000699 -0.007239
v -0.001556 0.001124 -0.007239
v -0.001556 0.001543 -0.007239
v -0.001556 0.001924 -0.007239
v -0.001556 0.002041 -0.007239
v -0.001556 0.002277 -0.007239
v -0.001556 0.003472 -0.007239
v -0.001567 0.002036 -0.006867
v -0.001567 0.002036 -0.007239
v -0.001567 0.002282 -0.006867
v -0.001567 0.002282 -0.007239
v -0.001568 -0.003332 -0.006477
v -0.001568 -0.002191 -0.006477
v -0.001568 -0.001776 -0.006477
v -0.001568 -0.001272 -0.006477
v -0.001568 -0.000984 -0.006477
v -0.001568 -0.000254 -0.006477
v -0.001568 0.000699 -0.006477
v -0.001568 0.000984 -0.006477
v -0.001568 0.001651 -0.006477
v -0.001568 0.001909 -0.006477
v -0.001568 0.002409 -0.006477
v -0.001568 0.003331 -0.006477
v -0.001600 0.001905 -0.006477
v -0.001600 0.002032 -0.006867
v -0.001600 0.002032 -0.007239
v -0.001600 0.002286 -0.006867
v -0.001600 0.002286 -0.007239
v -0.001600 0.002413 -0.006477
v -0.001609 -0.003312 -0.006477
v -0.001609 0.003313 -0.006477
v -0.001616 -0.003327 -0.006478
v -0.001616 -0.001838 -0.006477
v -0.001616 -0.001210 -0.006477
v -0.001629 -0.003353 -0.006485
v -0.001633 0.002036 -0.006867
v -0.001633 0.002036 -0.007239
v -0.001633 0.002282 -0.006867
v -0.001633 0.002282 -0.007239
v -0.001638 -0.001524 -0.006854
v -0.001638 -0.001524 -0.007239
v -0.001641 -0.003378 -0.006499
v -0.001641 -0.001543 -0.007239
v -0.001648 -0.001600 -0.006854
v -0.001648 -0.001600 -0.007239
v -0.001648 -0.001448 -0.006854
v -0.001648 -0.001448 -0.007239
v -0.001650 0.003292 -0.006477
v -0.001651 -0.003399 -0.006520
v -0.001651 0.001143 -0.006477
v -0.001657 0.003307 -0.006478
v -0.001659 -0.003415 -0.006547
v -0.001660 0.001077 -0.006477
v -0.001660 0.001209 -0.006477
v -0.001663 -0.003424 -0.006575
v -0.001664 0.002049 -0.006867
v -0.001664 0.002049 -0.007239
v -0.001664 0.002269 -0.006867
v -0.001664 0.002269 -0.007239
v -0.001665 -0.003427 -0.006604
v -0.001666 0.001914 -0.006477
v -0.001666 0.002404 -0.006477
v -0.001670 0.003333 -0.006485
v -0.001677 -0.001670 -0.006854
v -0.001677 -0.001670 -0.007239
v -0.001677 -0.001378 -0.006854
v -0.001677 -0.001378 -0.007239
v -0.001683 0.003357 -0.006499
v -0.001685 0.001016 -0.006477
v -0.001685 0.001270 -0.006477
v -0.001690 0.002069 -0.006867
v -0.001690 0.002069 -0.007239
v -0.001690 0.002249 -0.006867
v -0.001690 0.002249 -0.007239
v -0.001693 0.003378 -0.006520
v -0.001701 0.003394 -0.006547
v -0.001706 0.003403 -0.006575
v -0.001707 0.003406 -0.006604
v -0.001708 -0.001909 -0.006477
v -0.001708 -0.001139 -0.006477
v -0.001709 0.000984 -0.006477
v -0.001710 0.002095 -0.006867
v -0.001710 0.002096 -0.007239
v -0.001710 0.002223 -0.006867
v -0.001710 0.002223 -0.007239
v -0.001718 -0.003399 -0.006604
v -0.001718 0.003400 -0.006604
v -0.001719 -0.003400 -0.007239
v -0.001719 0.003400 -0.007239
v -0.001719 -0.003258 -0.006477
v -0.001723 0.002126 -0.006867
v -0.001723 0.002126 -0.007239
v -0.001723 0.002192 -0.006867
v -0.001723 0.002192 -0.007239
v -0.001724 -0.001731 -0.006854
v -0.001724 -0.001731 -0.007239
v -0.001724 -0.001317 -0.006854
v -0.001724 -0.001317 -0.007239
v -0.001725 0.000963 -0.006477
v -0.001725 0.001323 -0.006477
v -0.001727 0.001939 -0.006477
v -0.001727 0.002159 -0.006867
v -0.001727 0.002159 -0.007239
v -0.001727 0.002379 -0.006477
v -0.001753 -0.003381 -0.007239
v -0.001753 -0.003030 -0.007239
v -0.001753 -0.001924 -0.007239
v -0.001753 -0.001753 -0.007239
v -0.001753 -0.001295 -0.007239
v -0.001753 -0.001124 -0.007239
v -0.001753 -0.000699 -0.007239
v -0.001753 -0.000000 -0.007239
v -0.001753 0.000699 -0.007239
v -0.001753 0.001124 -0.007239
v -0.001753 0.001543 -0.007239
v -0.001753 0.001924 -0.007239
v -0.001753 0.003381 -0.007239
v -0.001778 0.000923 -0.006477
v -0.001778 0.001143 -0.006867
v -0.001778 0.001143 -0.007239
v -0.001778 0.001363 -0.006477
v -0.001780 0.001979 -0.006477
v -0.001780 0.002339 -0.006477
v -0.001781 0.001124 -0.007239
v -0.001782 0.001110 -0.006867
v -0.001782 0.001110 -0.007239
v -0.001782 0.001176 -0.006867
v -0.001782 0.001176 -0.007239
v -0.001784 -0.001777 -0.006854
v -0.001784 -0.001777 -0.007239
v -0.001784 -0.001271 -0.006854
v -0.001784 -0.001271 -0.007239
v -0.001790 0.003219 -0.006477
v -0.001795 0.001079 -0.006867
v -0.001795 0.001079 -0.007239
v -0.001795 0.001207 -0.006867
v -0.001795 0.001206 -0.007239
v -0.001815 0.001053 -0.006867
v -0.001815 0.001053 -0.007239
v -0.001815 0.001233 -0.006867
v -0.001815 0.001233 -0.007239
v -0.001815 -0.001953 -0.006477
v -0.001815 -0.001095 -0.006477
v -0.001820 0.002032 -0.006477
v -0.001820 0.002286 -0.006477
v -0.001839 0.000898 -0.006477
v -0.001839 0.001388 -0.006477
v -0.001841 0.001033 -0.006867
v -0.001842 0.001033 -0.007239
v -0.001841 0.001253 -0.006867
v -0.001842 0.001253 -0.007239
v -0.001846 0.002093 -0.006477
v -0.001846 0.002225 -0.006477
v -0.001854 0.002159 -0.006477
v -0.001855 -0.001806 -0.006854
v -0.001855 -0.001806 -0.007239
v -0.001855 -0.001242 -0.006854
v -0.001855 -0.001242 -0.007239
v -0.001867 -0.003174 -0.006477
v -0.001872 0.001020 -0.006867
v -0.001872 0.001020 -0.007239
v -0.001872 0.001266 -0.006867
v -0.001872 0.001266 -0.007239
v -0.001875 -0.003188 -0.006478
v -0.001890 -0.003213 -0.006485
v -0.001897 -0.003157 -0.006477
v -0.001904 -0.003237 -0.006499
v -0.001905 0.000889 -0.006477
v -0.001905 0.001016 -0.006867
v -0.001905 0.001016 -0.007239
v -0.001905 0.001270 -0.006867
v -0.001905 0.001270 -0.007239
v -0.001905 0.001397 -0.006477
v -0.001906 0.003150 -0.006477
v -0.001915 0.003165 -0.006478
v -0.001915 -0.003257 -0.006520
v -0.001925 -0.003273 -0.006547
v -0.001930 0.003189 -0.006485
v -0.001930 -0.003281 -0.006575
v -0.001930 -0.001968 -0.006477
v -0.001930 -0.001816 -0.006854
v -0.001930 -0.001816 -0.007239
v -0.001930 -0.001232 -0.006854
v -0.001930 -0.001232 -0.007239
v -0.001930 -0.001080 -0.006477
v -0.001931 -0.003284 -0.006604
v -0.001938 0.001020 -0.006867
v -0.001938 0.001020 -0.007239
v -0.001938 0.001266 -0.006867
v -0.001938 0.001266 -0.007239
v -0.001944 0.003213 -0.006499
v -0.001956 0.003233 -0.006520
v -0.001965 0.003248 -0.006547
v -0.001966 0.003115 -0.006477
v -0.001969 0.001033 -0.006867
v -0.001968 0.001033 -0.007239
v -0.001969 0.001253 -0.006867
v -0.001968 0.001253 -0.007239
v -0.001970 0.003257 -0.006575
v -0.001971 0.000898 -0.006477
v -0.001971 0.001388 -0.006477
v -0.001972 0.003260 -0.006604
v -0.001995 0.001053 -0.006867
v -0.001995 0.001053 -0.007239
v -0.001995 0.001233 -0.006867
v -0.001995 0.001233 -0.007239
v -0.002006 -0.001806 -0.006854
v -0.002006 -0.001806 -0.007239
v -0.002006 -0.001242 -0.006854
v -0.002006 -0.001242 -0.007239
v -0.002015 0.001079 -0.006867
v -0.002015 0.001079 -0.007239
v -0.002015 0.001207 -0.006867
v -0.002015 0.001206 -0.007239
v -0.002028 0.001110 -0.006867
v -0.002028 0.001110 -0.007239
v -0.002028 0.001176 -0.006867
v -0.002028 0.001176 -0.007239
v -0.002029 0.001124 -0.007239
v -0.002032 0.000923 -0.006477
v -0.002032 0.001143 -0.006867
v -0.002032 0.001143 -0.007239
v -0.002032 0.001363 -0.006477
v -0.002045 -0.001953 -0.006477
v -0.002045 -0.001095 -0.006477
v -0.002069 -0.003047 -0.006477
v -0.002076 -0.001777 -0.006854
v -0.002076 -0.001777 -0.007239
v -0.002076 -0.001271 -0.006854
v -0.002076 -0.001271 -0.007239
v -0.002081 0.003188 -0.006604
v -0.002081 -0.003188 -0.006604
v -0.002082 -0.003191 -0.007239
v -0.002082 0.003191 -0.007239
v -0.002085 0.000963 -0.006477
v -0.002085 0.001323 -0.006477
v -0.002101 0.000984 -0.006477
v -0.002113 -0.003016 -0.006477
v -0.002122 -0.003029 -0.006478
v -0.002125 0.001016 -0.006477
v -0.002125 0.001270 -0.006477
v -0.002127 -0.003158 -0.007239
v -0.002127 -0.003030 -0.007239
v -0.002127 -0.001924 -0.007239
v -0.002127 -0.001738 -0.007239
v -0.002127 -0.001310 -0.007239
v -0.002127 -0.001124 -0.007239
v -0.002127 -0.000699 -0.007239
v -0.002127 -0.000000 -0.007239
v -0.002127 0.000699 -0.007239
v -0.002127 0.001124 -0.007239
v -0.002127 0.001543 -0.007239
v -0.002127 0.001924 -0.007239
v -0.002127 0.003158 -0.007239
v -0.002135 0.003001 -0.006477
v -0.002137 -0.001731 -0.006854
v -0.002137 -0.001731 -0.007239
v -0.002137 -0.001317 -0.006854
v -0.002137 -0.001317 -0.007239
v -0.002139 -0.003053 -0.006485
v -0.002150 0.001077 -0.006477
v -0.002150 0.001209 -0.006477
v -0.002150 0.002990 -0.006477
v -0.002153 -0.001909 -0.006477
v -0.002153 -0.001139 -0.006477
v -0.002154 -0.003075 -0.006499
v -0.002159 0.001143 -0.006477
v -0.002160 0.003003 -0.006478
v -0.002168 -0.003095 -0.006520
v -0.002177 0.003026 -0.006485
v -0.002178 -0.003110 -0.006547
v -0.002183 -0.001670 -0.006854
v -0.002183 -0.001670 -0.007239
v -0.002183 -0.001378 -0.006854
v -0.002183 -0.001378 -0.007239
v -0.002184 -0.003118 -0.006575
v -0.002186 -0.003120 -0.006604
v -0.002193 0.003048 -0.006499
v -0.002206 0.003067 -0.006520
v -0.002213 -0.001600 -0.006854
v -0.002213 -0.001600 -0.007239
v -0.002213 -0.001448 -0.006854
v -0.002213 -0.001448 -0.007239
v -0.002217 0.003082 -0.006547
v -0.002220 -0.001543 -0.007239
v -0.002222 -0.001524 -0.006854
v -0.002223 -0.001524 -0.007239
v -0.002223 0.003090 -0.006575
v -0.002225 0.003093 -0.006604
v -0.002233 -0.002930 -0.006477
v -0.002245 -0.001838 -0.006477
v -0.002245 -0.001210 -0.006477
v -0.002267 -0.002902 -0.006477
v -0.002267 -0.002191 -0.006477
v -0.002267 -0.001809 -0.006477
v -0.002267 -0.001239 -0.006477
v -0.002267 -0.000984 -0.006477
v -0.002267 -0.000254 -0.006477
v -0.002267 0.000699 -0.006477
v -0.002267 0.000984 -0.006477
v -0.002267 0.001651 -0.006477
v -0.002267 0.002902 -0.006477
v -0.002297 0.002880 -0.006477
v -0.002301 -0.003030 -0.007239
v -0.002315 -0.001746 -0.006477
v -0.002315 -0.001302 -0.006477
v -0.002345 -0.002839 -0.006477
v -0.002355 -0.001651 -0.006477
v -0.002356 -0.002851 -0.006478
v -0.002360 -0.001639 -0.006477
v -0.002360 -0.001409 -0.006477
v -0.002374 -0.002874 -0.006485
v -0.002375 -0.001524 -0.006477
v -0.002380 0.002809 -0.006477
v -0.002381 -0.002971 -0.007239
v -0.002381 -0.001924 -0.007239
v -0.002381 -0.001543 -0.007239
v -0.002381 -0.001124 -0.007239
v -0.002381 -0.000699 -0.007239
v -0.002381 -0.000000 -0.007239
v -0.002381 0.000699 -0.007239
v -0.002381 0.001124 -0.007239
v -0.002381 0.001543 -0.007239
v -0.002381 0.001924 -0.007239
v -0.002381 0.002971 -0.007239
v -0.002389 -0.002803 -0.006477
v -0.002391 0.002822 -0.006478
v -0.002392 -0.002895 -0.006499
v -0.002394 -0.002799 -0.006477
v -0.002394 -0.002191 -0.006477
v -0.002394 -0.001651 -0.006477
v -0.002394 -0.000984 -0.006477
v -0.002394 -0.000254 -0.006477
v -0.002394 0.000699 -0.006477
v -0.002394 0.000984 -0.006477
v -0.002394 0.001651 -0.006477
v -0.002394 0.002798 -0.006477
v -0.002407 -0.002913 -0.006520
v -0.002410 0.002844 -0.006485
v -0.002413 0.000254 -0.006477
v -0.002418 -0.002927 -0.006547
v -0.002420 0.002941 -0.006604
v -0.002421 -0.002942 -0.006604
v -0.002421 -0.002942 -0.007239
v -0.002421 0.002942 -0.007239
v -0.002422 0.000188 -0.006477
v -0.002422 0.000320 -0.006477
v -0.002425 -0.002935 -0.006575
v -0.002427 -0.002937 -0.006604
v -0.002428 0.002865 -0.006499
v -0.002443 0.002883 -0.006520
v -0.002447 0.000127 -0.006477
v -0.002447 0.000381 -0.006477
v -0.002451 0.002750 -0.006477
v -0.002454 0.002896 -0.006547
v -0.002461 0.002904 -0.006575
v -0.002463 0.002907 -0.006604
v -0.002487 0.000074 -0.006477
v -0.002487 0.000434 -0.006477
v -0.002539 -0.002668 -0.006477
v -0.002540 0.000034 -0.006477
v -0.002540 0.000254 -0.006867
v -0.002540 0.000254 -0.007239
v -0.002540 0.000474 -0.006477
v -0.002544 0.000221 -0.006867
v -0.002544 0.000221 -0.007239
v -0.002544 0.000287 -0.006867
v -0.002544 0.000287 -0.007239
v -0.002557 0.000190 -0.006867
v -0.002557 0.000190 -0.007239
v -0.002557 0.000318 -0.006867
v -0.002557 0.000318 -0.007239
v -0.002564 -0.002644 -0.006477
v -0.002575 -0.002655 -0.006478
v -0.002577 0.000164 -0.006867
v -0.002577 0.000164 -0.007239
v -0.002577 0.000344 -0.006867
v -0.002577 0.000344 -0.007239
v -0.002595 -0.002676 -0.006485
v -0.002597 0.002612 -0.006477
v -0.002601 0.000009 -0.006477
v -0.002601 0.000499 -0.006477
v -0.002603 0.000144 -0.006867
v -0.002603 0.000144 -0.007239
v -0.002603 0.000364 -0.006867
v -0.002603 0.000364 -0.007239
v -0.002608 0.002623 -0.006478
v -0.002614 -0.002696 -0.006499
v -0.002628 0.002644 -0.006485
v -0.002630 -0.002712 -0.006520
v -0.002634 0.000131 -0.006867
v -0.002634 0.000131 -0.007239
v -0.002634 0.000377 -0.006867
v -0.002634 0.000377 -0.007239
v -0.002643 -0.002726 -0.006547
v -0.002647 0.002663 -0.006499
v -0.002650 -0.002733 -0.006575
v -0.002652 -0.002735 -0.006604
v -0.002664 0.002680 -0.006520
v -0.002667 -0.000000 -0.006477
v -0.002667 0.000127 -0.006867
v -0.002667 0.000127 -0.007239
v -0.002667 0.000381 -0.006867
v -0.002667 0.000381 -0.007239
v -0.002667 0.000508 -0.006477
v -0.002677 0.002693 -0.006547
v -0.002682 -0.002524 -0.006477
v -0.002684 0.002700 -0.006575
v -0.002686 0.002702 -0.006604
v -0.002700 0.000131 -0.006867
v -0.002700 0.000131 -0.007239
v -0.002700 0.000377 -0.006867
v -0.002700 0.000377 -0.007239
v -0.002728 -0.002656 -0.006604
v -0.002729 0.002656 -0.006604
v -0.002730 -0.002658 -0.007239
v -0.002730 0.002658 -0.007239
v -0.002731 0.000144 -0.006867
v -0.002730 0.000144 -0.007239
v -0.002731 0.000364 -0.006867
v -0.002730 0.000364 -0.007239
v -0.002733 0.000009 -0.006477
v -0.002733 0.000499 -0.006477
v -0.002737 0.002464 -0.006477
v -0.002757 0.000164 -0.006867
v -0.002757 0.000164 -0.007239
v -0.002757 0.000344 -0.006867
v -0.002757 0.000344 -0.007239
v -0.002765 -0.002431 -0.006477
v -0.002777 0.000190 -0.006867
v -0.002777 0.000190 -0.007239
v -0.002777 0.000318 -0.006867
v -0.002777 0.000318 -0.007239
v -0.002777 -0.002443 -0.006478
v -0.002790 0.000221 -0.006867
v -0.002790 0.000221 -0.007239
v -0.002790 0.000287 -0.006867
v -0.002790 0.000287 -0.007239
v -0.002794 0.000034 -0.006477
v -0.002794 0.000254 -0.006867
v -0.002794 0.000254 -0.007239
v -0.002794 0.000474 -0.006477
v -0.002795 0.002397 -0.006477
v -0.002799 -0.002462 -0.006485
v -0.002808 0.002408 -0.006478
v -0.002818 -0.002371 -0.006477
v -0.002820 -0.002480 -0.006499
v -0.002830 0.002427 -0.006485
v -0.002837 -0.002495 -0.006520
v -0.002847 0.000074 -0.006477
v -0.002847 0.000434 -0.006477
v -0.002850 0.002444 -0.006499
v -0.002851 -0.002507 -0.006547
v -0.002859 -0.002514 -0.006575
v -0.002861 -0.002516 -0.006604
v -0.002868 0.002460 -0.006520
v -0.002870 0.002309 -0.006477
v -0.002882 0.002472 -0.006547
v -0.002887 0.000127 -0.006477
v -0.002887 0.000381 -0.006477
v -0.002890 0.002478 -0.006575
v -0.002892 0.002480 -0.006604
v -0.002912 0.000188 -0.006477
v -0.002912 0.000320 -0.006477
v -0.002921 0.000254 -0.006477
v -0.002945 -0.002211 -0.006477
v -0.002950 -0.002205 -0.006477
v -0.002960 -0.002191 -0.006477
v -0.002963 -0.002214 -0.006478
v -0.002977 0.002168 -0.006477
v -0.002986 -0.002232 -0.006485
v -0.002990 0.002177 -0.006478
v -0.002993 0.002146 -0.006477
v -0.003004 0.002339 -0.006604
v -0.003004 -0.002340 -0.006604
v -0.003006 -0.002341 -0.007239
v -0.003006 0.002341 -0.007239
v -0.003008 -0.002248 -0.006499
v -0.003013 0.002194 -0.006485
v -0.003026 -0.002262 -0.006520
v -0.003035 0.002211 -0.006499
v -0.003041 -0.002273 -0.006547
v -0.003049 -0.002279 -0.006575
v -0.003052 -0.002281 -0.006604
v -0.003054 0.002224 -0.006520
v -0.003063 -0.002046 -0.006477
v -0.003069 0.002235 -0.006547
v -0.003077 0.002241 -0.006575
v -0.003080 0.002243 -0.006604
v -0.003107 0.001978 -0.006477
v -0.003115 -0.001963 -0.006477
v -0.003129 -0.001972 -0.006478
v -0.003139 0.001925 -0.006477
v -0.003153 0.001933 -0.006478
v -0.003154 -0.001988 -0.006485
v -0.003170 -0.001876 -0.006477
v -0.003177 -0.002002 -0.006499
v -0.003178 0.001948 -0.006485
v -0.003196 -0.002015 -0.006520
v -0.003201 0.001963 -0.006499
v -0.003211 0.001805 -0.006477
v -0.003212 -0.002024 -0.006547
v -0.003220 -0.002030 -0.006575
v -0.003221 0.001975 -0.006520
v -0.003223 -0.002032 -0.006604
v -0.003237 0.001984 -0.006547
v -0.003244 -0.001995 -0.006604
v -0.003245 0.001996 -0.006604
v -0.003245 -0.001996 -0.007239
v -0.003245 0.001996 -0.007239
v -0.003245 0.001990 -0.006575
v -0.003248 0.001991 -0.006604
v -0.003262 -0.001710 -0.006477
v -0.003268 -0.001699 -0.006477
v -0.003276 -0.001718 -0.006478
v -0.003282 0.001669 -0.006477
v -0.003284 -0.001924 -0.007239
v -0.003284 0.001924 -0.007239
v -0.003291 -0.001651 -0.006477
v -0.003292 0.001651 -0.006477
v -0.003297 0.001677 -0.006478
v -0.003301 -0.001731 -0.006485
v -0.003304 0.001627 -0.006477
v -0.003323 0.001690 -0.006485
v -0.003326 -0.001744 -0.006499
v -0.003346 -0.001755 -0.006520
v -0.003347 0.001702 -0.006499
v -0.003356 -0.001517 -0.006477
v -0.003362 -0.001763 -0.006547
v -0.003368 0.001713 -0.006520
v -0.003371 -0.001768 -0.006575
v -0.003374 -0.001769 -0.006604
v -0.003384 0.001721 -0.006547
v -0.003386 -0.001446 -0.006477
v -0.003389 0.001443 -0.006477
v -0.003393 0.001726 -0.006575
v -0.003396 0.001727 -0.006604
v -0.003402 -0.001452 -0.006478
v -0.003404 0.001404 -0.006477
v -0.003419 0.001410 -0.006478
v -0.003428 -0.001464 -0.006485
v -0.003435 -0.001329 -0.006477
v -0.003443 -0.001625 -0.006604
v -0.003443 0.001626 -0.006604
v -0.003445 -0.001627 -0.007239
v -0.003445 0.001627 -0.007239
v -0.003446 0.001421 -0.006485
v -0.003453 -0.001474 -0.006499
v -0.003463 0.001253 -0.006477
v -0.003472 0.001431 -0.006499
v -0.003475 -0.001484 -0.006520
v -0.003479 -0.001543 -0.007239
v -0.003479 0.001543 -0.007239
v -0.003491 -0.001172 -0.006477
v -0.003492 -0.001491 -0.006547
v -0.003493 0.001440 -0.006520
v -0.003501 -0.001495 -0.006575
v -0.003503 -0.001136 -0.006477
v -0.003504 -0.001496 -0.006604
v -0.003504 0.001129 -0.006477
v -0.003506 -0.001178 -0.006478
v -0.003510 0.001447 -0.006547
v -0.003519 0.001451 -0.006575
v -0.003521 0.001134 -0.006478
v -0.003522 0.001452 -0.006604
v -0.003528 0.001059 -0.006477
v -0.003534 -0.001187 -0.006485
v -0.003548 0.000984 -0.006477
v -0.003548 0.001143 -0.006485
v -0.003548 -0.000984 -0.006477
v -0.003560 -0.001196 -0.006499
v -0.003561 -0.000941 -0.006477
v -0.003573 -0.000892 -0.006477
v -0.003574 0.001151 -0.006499
v -0.003581 0.000863 -0.006477
v -0.003582 -0.001203 -0.006520
v -0.003584 0.000847 -0.006477
v -0.003589 -0.000896 -0.006478
v -0.003596 0.001158 -0.006520
v -0.003599 -0.001209 -0.006547
v -0.003599 0.000851 -0.006478
v -0.003601 0.001237 -0.006604
v -0.003602 -0.001237 -0.006604
v -0.003603 -0.001238 -0.007239
v -0.003603 0.001238 -0.007239
v -0.003607 -0.000745 -0.006477
v -0.003609 -0.001212 -0.006575
v -0.003612 -0.001213 -0.006604
v -0.003614 0.001164 -0.006547
v -0.003616 0.000699 -0.006477
v -0.003617 -0.000903 -0.006485
v -0.003623 0.000665 -0.006477
v -0.003623 0.001167 -0.006575
v -0.003627 0.001168 -0.006604
v -0.003628 0.000858 -0.006485
v -0.003632 -0.000605 -0.006477
v -0.003636 -0.001124 -0.007239
v -0.003636 0.001124 -0.007239
v -0.003639 0.000560 -0.006477
v -0.003643 -0.000547 -0.006477
v -0.003643 -0.000909 -0.006499
v -0.003648 -0.000608 -0.006478
v -0.003654 0.000466 -0.006477
v -0.003654 0.000864 -0.006499
v -0.003656 0.000563 -0.006478
v -0.003666 -0.000915 -0.006520
v -0.003667 -0.000346 -0.006477
v -0.003669 -0.000315 -0.006477
v -0.003673 -0.000254 -0.006477
v -0.003673 0.000269 -0.006477
v -0.003674 0.000265 -0.006477
v -0.003677 0.000868 -0.006520
v -0.003677 -0.000614 -0.006485
v -0.003680 -0.000144 -0.006477
v -0.003682 -0.000024 -0.006477
v -0.003682 0.000061 -0.006477
v -0.003684 -0.000920 -0.006547
v -0.003684 0.000566 -0.006485
v -0.003685 -0.000318 -0.006478
v -0.003689 0.000270 -0.006478
v -0.003693 -0.000923 -0.006575
v -0.003695 0.000872 -0.006547
v -0.003697 -0.000924 -0.006604
v -0.003699 -0.000024 -0.006478
v -0.003704 -0.000618 -0.006499
v -0.003705 0.000875 -0.006575
v -0.003708 0.000876 -0.006604
v -0.003711 0.000570 -0.006499
v -0.003714 -0.000320 -0.006485
v -0.003715 -0.000834 -0.006604
v -0.003716 0.000832 -0.006604
v -0.003718 -0.000835 -0.007239
v -0.003718 0.000833 -0.007239
v -0.003718 0.000272 -0.006485
v -0.003727 -0.000622 -0.006520
v -0.003728 -0.000024 -0.006485
v -0.003734 0.000574 -0.006520
v -0.003740 -0.000700 -0.007239
v -0.003740 0.000698 -0.007239
v -0.003741 -0.000322 -0.006499
v -0.003745 -0.000625 -0.006547
v -0.003745 0.000274 -0.006499
v -0.003752 0.000576 -0.006547
v -0.003755 -0.000627 -0.006575
v -0.003755 -0.000024 -0.006499
v -0.003758 -0.000627 -0.006604
v -0.003762 0.000578 -0.006575
v -0.003764 -0.000324 -0.006520
v -0.003766 0.000579 -0.006604
v -0.003768 0.000275 -0.006520
v -0.003778 -0.000025 -0.006520
v -0.003783 -0.000326 -0.006547
v -0.003784 0.000418 -0.006604
v -0.003784 -0.000420 -0.006604
v -0.003786 0.000277 -0.006547
v -0.003787 -0.000420 -0.007239
v -0.003787 0.000418 -0.007239
v -0.003793 -0.000327 -0.006575
v -0.003796 -0.000327 -0.006604
v -0.003796 0.000278 -0.006575
v -0.003797 -0.000025 -0.006547
v -0.003800 0.000278 -0.006604
v -0.003807 -0.000025 -0.006575
v -0.003809 -0.000001 -0.006604
v -0.003810 -0.000025 -0.006604
v -0.003810 -0.000001 -0.007239
v -0.001372 0.002159 -0.004953
v -0.001372 0.002159 -0.017653
v -0.001379 0.002100 -0.004953
v -0.001379 0.002218 -0.004953
v -0.001379 0.002218 -0.017653
v -0.001393 0.002171 -0.004443
v -0.001401 0.002111 -0.004440
v -0.001414 0.002206 -0.003935
v -0.001422 0.002147 -0.003929
v -0.001424 0.002056 -0.004438
v -0.001402 0.002045 -0.004953
v -0.001445 0.002092 -0.003924
v -0.001460 0.002009 -0.004435
v -0.001439 0.001997 -0.004953
v -0.001482 0.002045 -0.003920
v -0.001508 0.001973 -0.004434
v -0.001529 0.002009 -0.003916
v -0.001563 0.001950 -0.004433
v -0.001486 0.001961 -0.004953
v -0.001439 0.001997 -0.017653
v -0.001486 0.001961 -0.017653
v -0.001541 0.001938 -0.004953
v -0.001541 0.001938 -0.017653
v -0.001600 0.001930 -0.004953
v -0.001622 0.001943 -0.004432
v -0.001644 0.001979 -0.003913
v -0.001681 0.001951 -0.004433
v -0.001584 0.001987 -0.003914
v -0.001606 0.002048 -0.003397
v -0.001665 0.002041 -0.003396
v -0.001724 0.002049 -0.003398
v -0.001745 0.002107 -0.002902
v -0.001686 0.002099 -0.002901
v -0.001706 0.002135 -0.002403
v -0.001766 0.002142 -0.002404
v -0.001626 0.002107 -0.002902
v -0.001647 0.002142 -0.002404
v -0.001551 0.002070 -0.003401
v -0.001571 0.002129 -0.002904
v -0.001503 0.002106 -0.003406
v -0.001524 0.002165 -0.002907
v -0.001592 0.002165 -0.002405
v -0.001545 0.002201 -0.002407
v -0.001613 0.002177 -0.001905
v -0.001668 0.002154 -0.001905
v -0.001655 0.002158 -0.001859
v -0.001664 0.002154 -0.001859
v -0.001727 0.002146 -0.001905
v -0.001714 0.002147 -0.001859
v -0.001723 0.002146 -0.001859
v -0.001786 0.002154 -0.001905
v -0.001842 0.002177 -0.001905
v -0.001773 0.002152 -0.001859
v -0.001782 0.002154 -0.001859
v -0.001830 0.002173 -0.001859
v -0.001838 0.002177 -0.001859
v -0.001878 0.002207 -0.001859
v -0.001885 0.002213 -0.001859
v -0.001889 0.002213 -0.001905
v -0.001868 0.002202 -0.002407
v -0.001821 0.002165 -0.002405
v -0.001925 0.002261 -0.001905
v -0.001948 0.002316 -0.001905
v -0.001916 0.002254 -0.001859
v -0.001921 0.002261 -0.001859
v -0.001904 0.002249 -0.002409
v -0.001847 0.002167 -0.002907
v -0.001883 0.002214 -0.002912
v -0.001927 0.002304 -0.002411
v -0.001935 0.002363 -0.002414
v -0.001956 0.002375 -0.001905
v -0.001906 0.002269 -0.002917
v -0.001862 0.002155 -0.003413
v -0.001885 0.002210 -0.003420
v -0.001913 0.002328 -0.002923
v -0.001927 0.002422 -0.002417
v -0.001892 0.002268 -0.003429
v -0.001905 0.002387 -0.002928
v -0.001882 0.002441 -0.002933
v -0.001904 0.002477 -0.002419
v -0.001884 0.002327 -0.003437
v -0.001861 0.002381 -0.003445
v -0.001871 0.002208 -0.003935
v -0.001863 0.002267 -0.003940
v -0.001840 0.002322 -0.003945
v -0.001819 0.002286 -0.004448
v -0.001842 0.002231 -0.004446
v -0.001821 0.002218 -0.004953
v -0.001829 0.002159 -0.004953
v -0.001850 0.002171 -0.004443
v -0.001864 0.002149 -0.003929
v -0.001842 0.002112 -0.004440
v -0.001821 0.002100 -0.004953
v -0.001798 0.002045 -0.004953
v -0.001821 0.002100 -0.017653
v -0.001798 0.002045 -0.017653
v -0.001762 0.001997 -0.017653
v -0.001600 0.002159 -0.017653
v -0.001379 0.002100 -0.017653
v -0.001402 0.002045 -0.017653
v -0.001439 0.002321 -0.017653
v -0.001600 0.001930 -0.017653
v -0.001402 0.002273 -0.017653
v -0.001486 0.002357 -0.017653
v -0.001541 0.002380 -0.017653
v -0.001600 0.002388 -0.017653
v -0.001659 0.001938 -0.017653
v -0.001659 0.002380 -0.017653
v -0.001715 0.002357 -0.017653
v -0.001762 0.002321 -0.017653
v -0.001798 0.002273 -0.017653
v -0.001821 0.002218 -0.017653
v -0.001829 0.002159 -0.017653
v -0.001715 0.001961 -0.017653
v -0.001715 0.001961 -0.004953
v -0.001762 0.001997 -0.004953
v -0.001783 0.002010 -0.004436
v -0.001820 0.002057 -0.004438
v -0.001841 0.002094 -0.003924
v -0.001805 0.002047 -0.003920
v -0.001758 0.002010 -0.003916
v -0.001826 0.002108 -0.003406
v -0.001779 0.002072 -0.003401
v -0.001703 0.001987 -0.003914
v -0.001800 0.002130 -0.002904
v -0.001736 0.001973 -0.004434
v -0.001659 0.001938 -0.004953
v -0.001798 0.002273 -0.004953
v -0.001783 0.002333 -0.004451
v -0.001762 0.002321 -0.004953
v -0.001715 0.002357 -0.004953
v -0.001735 0.002369 -0.004452
v -0.001680 0.002392 -0.004453
v -0.001756 0.002405 -0.003953
v -0.001804 0.002369 -0.003950
v -0.001824 0.002428 -0.003451
v -0.001777 0.002464 -0.003457
v -0.001743 0.002547 -0.002943
v -0.001722 0.002486 -0.003460
v -0.001798 0.002524 -0.002941
v -0.001820 0.002561 -0.002423
v -0.001846 0.002488 -0.002938
v -0.001765 0.002584 -0.002425
v -0.001706 0.002591 -0.002425
v -0.001786 0.002596 -0.001905
v -0.001727 0.002603 -0.001905
v -0.001668 0.002596 -0.001905
v -0.001733 0.002602 -0.001860
v -0.001724 0.002603 -0.001860
v -0.001674 0.002597 -0.001860
v -0.001665 0.002596 -0.001860
v -0.001619 0.002577 -0.001860
v -0.001609 0.002573 -0.001860
v -0.001613 0.002573 -0.001905
v -0.001566 0.002537 -0.001905
v -0.001591 0.002560 -0.002423
v -0.001646 0.002583 -0.002424
v -0.001625 0.002546 -0.002943
v -0.001684 0.002554 -0.002944
v -0.001662 0.002493 -0.003461
v -0.001603 0.002485 -0.003460
v -0.001701 0.002427 -0.003955
v -0.001642 0.002435 -0.003956
v -0.001562 0.002391 -0.004453
v -0.001583 0.002427 -0.003955
v -0.001621 0.002399 -0.004454
v -0.001600 0.002388 -0.004953
v -0.001659 0.002380 -0.004953
v -0.001541 0.002380 -0.004953
v -0.001486 0.002357 -0.004953
v -0.001507 0.002369 -0.004452
v -0.001528 0.002404 -0.003953
v -0.001459 0.002332 -0.004451
v -0.001439 0.002321 -0.004953
v -0.001423 0.002285 -0.004448
v -0.001480 0.002367 -0.003950
v -0.001444 0.002320 -0.003945
v -0.001501 0.002426 -0.003451
v -0.001465 0.002379 -0.003445
v -0.001464 0.002385 -0.002928
v -0.001486 0.002440 -0.002933
v -0.001443 0.002324 -0.003437
v -0.001435 0.002266 -0.003429
v -0.001422 0.002265 -0.003940
v -0.001456 0.002326 -0.002922
v -0.001464 0.002267 -0.002917
v -0.001477 0.002362 -0.002414
v -0.001485 0.002303 -0.002411
v -0.001506 0.002316 -0.001905
v -0.001508 0.002248 -0.002409
v -0.001529 0.002261 -0.001905
v -0.001521 0.002271 -0.001859
v -0.001526 0.002261 -0.001859
v -0.001566 0.002213 -0.001905
v -0.001556 0.002221 -0.001859
v -0.001562 0.002213 -0.001859
v -0.001601 0.002183 -0.001859
v -0.001609 0.002177 -0.001859
v -0.001502 0.002316 -0.001859
v -0.001501 0.002327 -0.001859
v -0.001495 0.002375 -0.001859
v -0.001499 0.002375 -0.001905
v -0.001497 0.002386 -0.001859
v -0.001503 0.002434 -0.001859
v -0.001506 0.002434 -0.001905
v -0.001507 0.002444 -0.001859
v -0.001526 0.002489 -0.001859
v -0.001529 0.002489 -0.001905
v -0.001532 0.002497 -0.001859
v -0.001563 0.002537 -0.001859
v -0.001570 0.002543 -0.001859
v -0.001544 0.002524 -0.002422
v -0.001508 0.002477 -0.002419
v -0.001523 0.002487 -0.002938
v -0.001485 0.002422 -0.002417
v -0.001548 0.002462 -0.003456
v -0.001570 0.002524 -0.002941
v -0.001487 0.002212 -0.002912
v -0.001443 0.002207 -0.003420
v -0.001466 0.002153 -0.003412
v -0.001401 0.002230 -0.004446
v -0.001402 0.002273 -0.004953
v -0.001783 0.002596 -0.001860
v -0.001791 0.002592 -0.001860
v -0.001838 0.002573 -0.001860
v -0.001842 0.002573 -0.001905
v -0.001845 0.002568 -0.001860
v -0.001885 0.002537 -0.001859
v -0.001889 0.002537 -0.001905
v -0.001891 0.002530 -0.001859
v -0.001921 0.002489 -0.001859
v -0.001925 0.002481 -0.001859
v -0.001925 0.002489 -0.001905
v -0.001948 0.002434 -0.001905
v -0.001946 0.002425 -0.001859
v -0.001945 0.002434 -0.001859
v -0.001952 0.002375 -0.001859
v -0.001951 0.002366 -0.001859
v -0.001944 0.002316 -0.001859
v -0.001941 0.002308 -0.001859
v -0.001867 0.002525 -0.002422
v 0.002134 -0.001143 -0.004953
v 0.002134 -0.001143 -0.017653
v 0.002131 -0.001123 -0.004953
v 0.002131 -0.001165 -0.004953
v 0.002126 -0.001202 -0.004953
v 0.002126 -0.001202 -0.017653
v 0.002126 -0.001084 -0.004953
v 0.002126 -0.001084 -0.017653
v 0.002117 -0.001151 -0.004396
v 0.002117 -0.001193 -0.004399
v 0.002111 -0.001237 -0.004953
v 0.002111 -0.001229 -0.004402
v 0.002111 -0.001047 -0.004953
v 0.002110 -0.001112 -0.004393
v 0.002103 -0.001257 -0.004953
v 0.002103 -0.001257 -0.017653
v 0.002103 -0.001029 -0.004953
v 0.002103 -0.001029 -0.017653
v 0.002098 -0.001265 -0.004405
v 0.002096 -0.001074 -0.004391
v 0.002093 -0.001271 -0.004953
v 0.002091 -0.001013 -0.004953
v 0.002079 -0.001298 -0.004408
v 0.002076 -0.001040 -0.004389
v 0.002073 -0.000990 -0.004953
v 0.002067 -0.001305 -0.004953
v 0.002067 -0.001305 -0.017653
v 0.002067 -0.000981 -0.004953
v 0.002067 -0.000981 -0.017653
v 0.002065 -0.001286 -0.003667
v 0.002065 -0.001245 -0.003661
v 0.002058 -0.001323 -0.003673
v 0.002058 -0.001017 -0.004389
v 0.002057 -0.001206 -0.003656
v 0.002053 -0.001330 -0.004412
v 0.002046 -0.001358 -0.003679
v 0.002043 -0.001169 -0.003652
v 0.002043 -0.000963 -0.004953
v 0.002036 -0.001328 -0.004953
v 0.002028 -0.000990 -0.004388
v 0.002027 -0.001391 -0.003686
v 0.002023 -0.001134 -0.003649
v 0.002022 -0.001356 -0.004415
v 0.002019 -0.001341 -0.004953
v 0.002019 -0.001341 -0.017653
v 0.002019 -0.000945 -0.004953
v 0.002019 -0.000945 -0.017653
v 0.002010 -0.000941 -0.004953
v 0.002005 -0.001112 -0.003647
v 0.002001 -0.001423 -0.003692
v 0.002001 -0.001349 -0.004953
v 0.001998 -0.001406 -0.002882
v 0.001998 -0.001364 -0.002876
v 0.001994 -0.000969 -0.004388
v 0.001991 -0.001442 -0.002888
v 0.001991 -0.001325 -0.002872
v 0.001987 -0.001376 -0.004418
v 0.001979 -0.001478 -0.002894
v 0.001977 -0.001288 -0.002867
v 0.001975 -0.001085 -0.003645
v 0.001970 -0.001449 -0.003698
v 0.001964 -0.001364 -0.004953
v 0.001964 -0.001364 -0.017653
v 0.001964 -0.000922 -0.004953
v 0.001964 -0.000922 -0.017653
v 0.001964 -0.001424 -0.002322
v 0.001964 -0.001466 -0.002325
v 0.001960 -0.001511 -0.002900
v 0.001957 -0.001503 -0.002328
v 0.001957 -0.001385 -0.002320
v 0.001957 -0.001253 -0.002864
v 0.001956 -0.001460 -0.001905
v 0.001953 -0.001441 -0.001905
v 0.001953 -0.000952 -0.004388
v 0.001953 -0.001482 -0.001905
v 0.001948 -0.001520 -0.001905
v 0.001948 -0.001401 -0.001905
v 0.001948 -0.001390 -0.004421
v 0.001944 -0.001539 -0.002331
v 0.001943 -0.001348 -0.002318
v 0.001941 -0.001063 -0.003645
v 0.001939 -0.001231 -0.002863
v 0.001935 -0.001468 -0.003704
v 0.001934 -0.001555 -0.001905
v 0.001934 -0.001543 -0.002906
v 0.001933 -0.001364 -0.001905
v 0.001926 -0.000917 -0.004953
v 0.001926 -0.001572 -0.002334
v 0.001925 -0.001575 -0.001905
v 0.001925 -0.001346 -0.001905
v 0.001923 -0.001313 -0.002316
v 0.001920 -0.001370 -0.004953
v 0.001915 -0.001588 -0.001905
v 0.001913 -0.001330 -0.001905
v 0.001910 -0.000944 -0.004389
v 0.001909 -0.001204 -0.002861
v 0.001906 -0.001396 -0.004423
v 0.001905 -0.001372 -0.004953
v 0.001905 -0.001372 -0.017653
v 0.001905 -0.001143 -0.017653
v 0.001905 -0.000914 -0.004953
v 0.001905 -0.000914 -0.017653
v 0.001905 -0.001291 -0.002315
v 0.001903 -0.001568 -0.002912
v 0.001900 -0.001047 -0.003646
v 0.001899 -0.001605 -0.002338
v 0.001896 -0.001482 -0.003709
v 0.001895 -0.001307 -0.001905
v 0.001889 -0.001622 -0.001905
v 0.001889 -0.001299 -0.001905
v 0.001884 -0.000917 -0.004953
v 0.001878 -0.001368 -0.004953
v 0.001875 -0.001264 -0.002314
v 0.001875 -0.001182 -0.002861
v 0.001868 -0.001630 -0.002341
v 0.001868 -0.000944 -0.004391
v 0.001868 -0.001589 -0.002918
v 0.001865 -0.001281 -0.001905
v 0.001864 -0.001395 -0.004425
v 0.001858 -0.001646 -0.001905
v 0.001857 -0.001038 -0.003648
v 0.001855 -0.001488 -0.003714
v 0.001846 -0.001364 -0.004953
v 0.001846 -0.001364 -0.017653
v 0.001846 -0.000922 -0.004953
v 0.001846 -0.000922 -0.017653
v 0.001842 -0.001658 -0.001905
v 0.001842 -0.001263 -0.001905
v 0.001841 -0.001242 -0.002314
v 0.001835 -0.001360 -0.004953
v 0.001834 -0.001165 -0.002862
v 0.001833 -0.001651 -0.002344
v 0.001832 -0.001259 -0.001905
v 0.001829 -0.001602 -0.002923
v 0.001827 -0.000951 -0.004393
v 0.001823 -0.001666 -0.001905
v 0.001821 -0.001386 -0.004426
v 0.001815 -0.001038 -0.003652
v 0.001812 -0.001487 -0.003717
v 0.001804 -0.000939 -0.004953
v 0.001800 -0.001225 -0.002315
v 0.001794 -0.001665 -0.002346
v 0.001791 -0.001341 -0.004953
v 0.001791 -0.001341 -0.017653
v 0.001791 -0.000945 -0.004953
v 0.001791 -0.000945 -0.017653
v 0.001791 -0.001157 -0.002864
v 0.001788 -0.000966 -0.004396
v 0.001787 -0.001609 -0.002927
v 0.001786 -0.001681 -0.001905
v 0.001786 -0.001240 -0.001905
v 0.001780 -0.001368 -0.004426
v 0.001774 -0.001045 -0.003656
v 0.001770 -0.000961 -0.004953
v 0.001770 -0.001478 -0.003719
v 0.001762 -0.001319 -0.004953
v 0.001757 -0.001217 -0.002316
v 0.001754 -0.000987 -0.004399
v 0.001752 -0.001671 -0.002348
v 0.001749 -0.001157 -0.002867
v 0.001748 -0.001235 -0.001905
v 0.001747 -0.001345 -0.004426
v 0.001745 -0.001607 -0.002930
v 0.001743 -0.001305 -0.004953
v 0.001743 -0.001305 -0.017653
v 0.001743 -0.000981 -0.004953
v 0.001743 -0.000981 -0.017653
v 0.001742 -0.001687 -0.001905
v 0.001736 -0.001060 -0.003661
v 0.001733 -0.001291 -0.004953
v 0.001729 -0.001460 -0.003720
v 0.001727 -0.001689 -0.001905
v 0.001727 -0.001232 -0.001905
v 0.001724 -0.001013 -0.004402
v 0.001718 -0.001317 -0.004425
v 0.001715 -0.001217 -0.002317
v 0.001714 -0.001019 -0.004953
v 0.001710 -0.001670 -0.002350
v 0.001707 -0.001164 -0.002871
v 0.001707 -0.001257 -0.004953
v 0.001707 -0.001257 -0.017653
v 0.001707 -0.001029 -0.004953
v 0.001707 -0.001029 -0.017653
v 0.001706 -0.001235 -0.001905
v 0.001702 -0.001598 -0.002932
v 0.001701 -0.001081 -0.003667
v 0.001700 -0.001686 -0.001905
v 0.001698 -0.001046 -0.004406
v 0.001697 -0.001053 -0.004953
v 0.001695 -0.001437 -0.003719
v 0.001693 -0.001282 -0.004423
v 0.001692 -0.001220 -0.004953
v 0.001684 -0.001202 -0.004953
v 0.001684 -0.001202 -0.017653
v 0.001684 -0.001084 -0.004953
v 0.001684 -0.001084 -0.017653
v 0.001682 -0.001182 -0.004953
v 0.001680 -0.001079 -0.004409
v 0.001679 -0.001126 -0.004953
v 0.001676 -0.001143 -0.004953
v 0.001676 -0.001143 -0.017653
v 0.001676 -0.001246 -0.004421
v 0.001674 -0.001225 -0.002320
v 0.001671 -0.001107 -0.003673
v 0.001669 -0.001179 -0.002876
v 0.001668 -0.001115 -0.004412
v 0.001668 -0.001681 -0.001905
v 0.001668 -0.001240 -0.001905
v 0.001667 -0.001661 -0.002351
v 0.001666 -0.001409 -0.003717
v 0.001665 -0.001208 -0.004419
v 0.001662 -0.001152 -0.004415
v 0.001662 -0.001169 -0.004416
v 0.001661 -0.001580 -0.002933
v 0.001658 -0.001677 -0.001905
v 0.001646 -0.001139 -0.003680
v 0.001641 -0.001374 -0.003714
v 0.001635 -0.001239 -0.002322
v 0.001634 -0.001200 -0.002882
v 0.001628 -0.001172 -0.003686
v 0.001628 -0.001558 -0.002932
v 0.001627 -0.001257 -0.001905
v 0.001626 -0.001643 -0.002351
v 0.001624 -0.001338 -0.003711
v 0.001616 -0.001208 -0.003692
v 0.001614 -0.001300 -0.003706
v 0.001613 -0.001658 -0.001905
v 0.001613 -0.001263 -0.001905
v 0.001611 -0.001244 -0.003698
v 0.001610 -0.001261 -0.003701
v 0.001604 -0.001226 -0.002888
v 0.001600 -0.001261 -0.002325
v 0.001599 -0.001530 -0.002930
v 0.001593 -0.001620 -0.002351
v 0.001592 -0.001278 -0.001905
v 0.001584 -0.001636 -0.001905
v 0.001579 -0.001258 -0.002894
v 0.001574 -0.001495 -0.002927
v 0.001570 -0.001287 -0.002328
v 0.001566 -0.001622 -0.001905
v 0.001566 -0.001299 -0.001905
v 0.001564 -0.001592 -0.002350
v 0.001561 -0.001292 -0.002900
v 0.001557 -0.001459 -0.002924
v 0.001555 -0.001609 -0.001905
v 0.001549 -0.001328 -0.002906
v 0.001546 -0.001421 -0.002919
v 0.001545 -0.001320 -0.002332
v 0.001543 -0.001364 -0.002912
v 0.001543 -0.001381 -0.002914
v 0.001539 -0.001557 -0.002349
v 0.001536 -0.001337 -0.001905
v 0.001529 -0.001575 -0.001905
v 0.001529 -0.001346 -0.001905
v 0.001527 -0.001354 -0.002335
v 0.001522 -0.001521 -0.002347
v 0.001519 -0.001371 -0.001905
v 0.001515 -0.001389 -0.002338
v 0.001514 -0.001538 -0.001905
v 0.001512 -0.001483 -0.002345
v 0.001509 -0.001426 -0.002341
v 0.001508 -0.001443 -0.002342
v 0.001506 -0.001520 -0.001905
v 0.001506 -0.001401 -0.001905
v 0.001504 -0.001500 -0.001905
v 0.001501 -0.001443 -0.001905
v 0.001499 -0.001460 -0.001905
v 0.001502 -0.001401 -0.001853
v 0.001498 -0.001434 -0.001853
v 0.001496 -0.001446 -0.001853
v 0.001512 -0.001377 -0.001853
v 0.001517 -0.001366 -0.001853
v 0.001525 -0.001346 -0.001853
v 0.001530 -0.001339 -0.001853
v 0.001538 -0.001329 -0.001853
v 0.001562 -0.001299 -0.001853
v 0.001583 -0.001282 -0.001853
v 0.001592 -0.001275 -0.001853
v 0.001609 -0.001263 -0.001853
v 0.001620 -0.001258 -0.001853
v 0.001630 -0.001254 -0.001853
v 0.001664 -0.001240 -0.001854
v 0.001695 -0.001236 -0.001854
v 0.001705 -0.001234 -0.001854
v 0.001723 -0.001232 -0.001854
v 0.001740 -0.001234 -0.001854
v 0.001750 -0.001236 -0.001854
v 0.001782 -0.001240 -0.001854
v 0.001820 -0.001256 -0.001853
v 0.001829 -0.001259 -0.001853
v 0.001838 -0.001263 -0.001853
v 0.001857 -0.001278 -0.001853
v 0.001865 -0.001284 -0.001853
v 0.001885 -0.001299 -0.001853
v 0.001905 -0.001325 -0.001853
v 0.001911 -0.001332 -0.001853
v 0.001890 -0.001305 -0.001853
v 0.001931 -0.001370 -0.001853
v 0.001927 -0.001361 -0.001853
v 0.001921 -0.001346 -0.001853
v 0.001948 -0.001434 -0.001853
v 0.001949 -0.001444 -0.001853
v 0.001944 -0.001401 -0.001853
v 0.001948 -0.001488 -0.001853
v 0.001949 -0.001478 -0.001853
v 0.001952 -0.001460 -0.001853
v 0.001932 -0.001549 -0.001853
v 0.001928 -0.001558 -0.001853
v 0.001944 -0.001520 -0.001853
v 0.001906 -0.001593 -0.001853
v 0.001912 -0.001586 -0.001853
v 0.001921 -0.001575 -0.001853
v 0.001851 -0.001648 -0.001853
v 0.001859 -0.001642 -0.001853
v 0.001885 -0.001622 -0.001853
v 0.001812 -0.001668 -0.001853
v 0.001822 -0.001664 -0.001853
v 0.001838 -0.001658 -0.001853
v 0.001735 -0.001687 -0.001853
v 0.001745 -0.001686 -0.001853
v 0.001782 -0.001681 -0.001853
v 0.001690 -0.001685 -0.001853
v 0.001701 -0.001686 -0.001853
v 0.001723 -0.001689 -0.001853
v 0.001645 -0.001673 -0.001853
v 0.001656 -0.001677 -0.001853
v 0.001664 -0.001681 -0.001853
v 0.001576 -0.001633 -0.001853
v 0.001585 -0.001640 -0.001853
v 0.001609 -0.001658 -0.001853
v 0.001546 -0.001602 -0.001853
v 0.001553 -0.001611 -0.001853
v 0.001562 -0.001622 -0.001853
v 0.001513 -0.001545 -0.001853
v 0.001508 -0.001534 -0.001853
v 0.001525 -0.001575 -0.001853
v 0.001495 -0.001460 -0.001853
v 0.001499 -0.001492 -0.001853
v 0.001500 -0.001504 -0.001853
v 0.001502 -0.001520 -0.001853
v 0.001956 -0.002375 -0.001905
v 0.001948 -0.002434 -0.001905
v 0.001948 -0.002316 -0.001905
v 0.001935 -0.002363 -0.002414
v 0.001927 -0.002304 -0.002411
v 0.001927 -0.002422 -0.002417
v 0.001925 -0.002489 -0.001905
v 0.001925 -0.002261 -0.001905
v 0.001913 -0.002328 -0.002923
v 0.001906 -0.002269 -0.002917
v 0.001905 -0.002387 -0.002928
v 0.001904 -0.002249 -0.002409
v 0.001904 -0.002477 -0.002419
v 0.001892 -0.002268 -0.003429
v 0.001889 -0.002537 -0.001905
v 0.001889 -0.002213 -0.001905
v 0.001885 -0.002210 -0.003420
v 0.001884 -0.002327 -0.003437
v 0.001883 -0.002214 -0.002912
v 0.001882 -0.002441 -0.002933
v 0.001871 -0.002208 -0.003935
v 0.001868 -0.002202 -0.002407
v 0.001867 -0.002525 -0.002422
v 0.001864 -0.002149 -0.003929
v 0.001863 -0.002267 -0.003940
v 0.001862 -0.002155 -0.003413
v 0.001861 -0.002381 -0.003445
v 0.001850 -0.002171 -0.004443
v 0.001847 -0.002167 -0.002907
v 0.001846 -0.002488 -0.002938
v 0.001842 -0.002112 -0.004440
v 0.001842 -0.002231 -0.004446
v 0.001842 -0.002573 -0.001905
v 0.001842 -0.002177 -0.001905
v 0.001841 -0.002094 -0.003924
v 0.001840 -0.002322 -0.003945
v 0.001829 -0.002159 -0.004953
v 0.001829 -0.002159 -0.017653
v 0.001826 -0.002108 -0.003406
v 0.001824 -0.002428 -0.003451
v 0.001821 -0.002218 -0.004953
v 0.001821 -0.002218 -0.017653
v 0.001821 -0.002100 -0.004953
v 0.001821 -0.002100 -0.017653
v 0.001821 -0.002165 -0.002405
v 0.001820 -0.002561 -0.002423
v 0.001820 -0.002057 -0.004438
v 0.001819 -0.002286 -0.004448
v 0.001805 -0.002047 -0.003920
v 0.001804 -0.002369 -0.003950
v 0.001800 -0.002130 -0.002904
v 0.001798 -0.002524 -0.002941
v 0.001798 -0.002273 -0.004953
v 0.001798 -0.002273 -0.017653
v 0.001798 -0.002045 -0.004953
v 0.001798 -0.002045 -0.017653
v 0.001786 -0.002596 -0.001905
v 0.001786 -0.002154 -0.001905
v 0.001783 -0.002010 -0.004436
v 0.001783 -0.002333 -0.004451
v 0.001779 -0.002072 -0.003401
v 0.001777 -0.002464 -0.003457
v 0.001766 -0.002142 -0.002404
v 0.001765 -0.002584 -0.002425
v 0.001762 -0.002321 -0.004953
v 0.001762 -0.002321 -0.017653
v 0.001762 -0.001997 -0.004953
v 0.001762 -0.001997 -0.017653
v 0.001758 -0.002010 -0.003916
v 0.001756 -0.002405 -0.003953
v 0.001745 -0.002107 -0.002902
v 0.001743 -0.002547 -0.002943
v 0.001736 -0.001973 -0.004434
v 0.001735 -0.002369 -0.004452
v 0.001727 -0.002603 -0.001905
v 0.001727 -0.002146 -0.001905
v 0.001724 -0.002049 -0.003398
v 0.001722 -0.002486 -0.003460
v 0.001715 -0.002357 -0.004953
v 0.001715 -0.002357 -0.017653
v 0.001715 -0.001961 -0.004953
v 0.001715 -0.001961 -0.017653
v 0.001706 -0.002135 -0.002403
v 0.001706 -0.002591 -0.002425
v 0.001703 -0.001987 -0.003914
v 0.001701 -0.002427 -0.003955
v 0.001686 -0.002099 -0.002901
v 0.001684 -0.002554 -0.002944
v 0.001681 -0.001951 -0.004433
v 0.001680 -0.002392 -0.004453
v 0.001668 -0.002596 -0.001905
v 0.001668 -0.002154 -0.001905
v 0.001665 -0.002041 -0.003396
v 0.001662 -0.002493 -0.003461
v 0.001659 -0.002380 -0.004953
v 0.001659 -0.002380 -0.017653
v 0.001659 -0.001938 -0.004953
v 0.001659 -0.001938 -0.017653
v 0.001647 -0.002142 -0.002404
v 0.001646 -0.002583 -0.002424
v 0.001644 -0.001979 -0.003913
v 0.001642 -0.002435 -0.003956
v 0.001626 -0.002107 -0.002902
v 0.001625 -0.002546 -0.002943
v 0.001622 -0.001943 -0.004432
v 0.001621 -0.002399 -0.004454
v 0.001613 -0.002573 -0.001905
v 0.001613 -0.002177 -0.001905
v 0.001606 -0.002048 -0.003397
v 0.001603 -0.002485 -0.003460
v 0.001600 -0.002388 -0.004953
v 0.001600 -0.002388 -0.017653
v 0.001600 -0.002159 -0.017653
v 0.001600 -0.001930 -0.004953
v 0.001600 -0.001930 -0.017653
v 0.001592 -0.002165 -0.002405
v 0.001591 -0.002560 -0.002423
v 0.001584 -0.001987 -0.003914
v 0.001583 -0.002427 -0.003955
v 0.001571 -0.002129 -0.002904
v 0.001570 -0.002524 -0.002941
v 0.001566 -0.002537 -0.001905
v 0.001566 -0.002213 -0.001905
v 0.001563 -0.001950 -0.004433
v 0.001562 -0.002391 -0.004453
v 0.001551 -0.002070 -0.003401
v 0.001548 -0.002462 -0.003456
v 0.001545 -0.002201 -0.002407
v 0.001544 -0.002524 -0.002422
v 0.001541 -0.002380 -0.004953
v 0.001541 -0.002380 -0.017653
v 0.001541 -0.001938 -0.004953
v 0.001541 -0.001938 -0.017653
v 0.001529 -0.002489 -0.001905
v 0.001529 -0.002261 -0.001905
v 0.001529 -0.002009 -0.003916
v 0.001528 -0.002404 -0.003953
v 0.001524 -0.002165 -0.002907
v 0.001523 -0.002487 -0.002938
v 0.001508 -0.002248 -0.002409
v 0.001508 -0.002477 -0.002419
v 0.001508 -0.001973 -0.004434
v 0.001507 -0.002369 -0.004452
v 0.001506 -0.002434 -0.001905
v 0.001506 -0.002316 -0.001905
v 0.001503 -0.002106 -0.003406
v 0.001501 -0.002426 -0.003451
v 0.001499 -0.002375 -0.001905
v 0.001487 -0.002212 -0.002912
v 0.001486 -0.002440 -0.002933
v 0.001486 -0.002357 -0.004953
v 0.001486 -0.002357 -0.017653
v 0.001486 -0.001961 -0.004953
v 0.001486 -0.001961 -0.017653
v 0.001485 -0.002303 -0.002411
v 0.001485 -0.002422 -0.002417
v 0.001482 -0.002045 -0.003920
v 0.001480 -0.002367 -0.003950
v 0.001477 -0.002362 -0.002414
v 0.001466 -0.002153 -0.003412
v 0.001465 -0.002379 -0.003445
v 0.001464 -0.002267 -0.002917
v 0.001464 -0.002385 -0.002928
v 0.001460 -0.002009 -0.004435
v 0.001459 -0.002332 -0.004451
v 0.001456 -0.002326 -0.002922
v 0.001445 -0.002092 -0.003924
v 0.001444 -0.002320 -0.003945
v 0.001443 -0.002207 -0.003420
v 0.001443 -0.002324 -0.003437
v 0.001439 -0.002321 -0.004953
v 0.001439 -0.002321 -0.017653
v 0.001439 -0.001997 -0.004953
v 0.001439 -0.001997 -0.017653
v 0.001435 -0.002266 -0.003429
v 0.001424 -0.002056 -0.004438
v 0.001423 -0.002285 -0.004448
v 0.001422 -0.002147 -0.003929
v 0.001422 -0.002265 -0.003940
v 0.001414 -0.002206 -0.003935
v 0.001402 -0.002273 -0.004953
v 0.001402 -0.002273 -0.017653
v 0.001402 -0.002045 -0.004953
v 0.001402 -0.002045 -0.017653
v 0.001401 -0.002111 -0.004440
v 0.001401 -0.002230 -0.004446
v 0.001393 -0.002171 -0.004443
v 0.001379 -0.002218 -0.004953
v 0.001379 -0.002218 -0.017653
v 0.001379 -0.002100 -0.004953
v 0.001379 -0.002100 -0.017653
v 0.001372 -0.002159 -0.004953
v 0.001372 -0.002159 -0.017653
v 0.001500 -0.002330 -0.001845
v 0.001494 -0.002375 -0.001845
v 0.001501 -0.002316 -0.001845
v 0.001519 -0.002274 -0.001845
v 0.001524 -0.002261 -0.001845
v 0.001553 -0.002224 -0.001846
v 0.001561 -0.002213 -0.001846
v 0.001598 -0.002185 -0.001846
v 0.001608 -0.002177 -0.001846
v 0.001651 -0.002159 -0.001846
v 0.001663 -0.002154 -0.001846
v 0.001710 -0.002147 -0.001846
v 0.001722 -0.002146 -0.001846
v 0.001769 -0.002152 -0.001846
v 0.001781 -0.002154 -0.001846
v 0.001826 -0.002172 -0.001846
v 0.001837 -0.002177 -0.001846
v 0.001875 -0.002206 -0.001846
v 0.001884 -0.002213 -0.001846
v 0.001913 -0.002252 -0.001846
v 0.001920 -0.002261 -0.001845
v 0.001939 -0.002305 -0.001845
v 0.001943 -0.002316 -0.001845
v 0.001950 -0.002364 -0.001845
v 0.001951 -0.002375 -0.001845
v 0.001945 -0.002423 -0.001844
v 0.001943 -0.002434 -0.001844
v 0.001925 -0.002478 -0.001844
v 0.001920 -0.002489 -0.001844
v 0.001891 -0.002528 -0.001844
v 0.001884 -0.002537 -0.001844
v 0.001846 -0.002566 -0.001844
v 0.001837 -0.002573 -0.001843
v 0.001792 -0.002591 -0.001843
v 0.001781 -0.002596 -0.001843
v 0.001734 -0.002601 -0.001843
v 0.001722 -0.002603 -0.001843
v 0.001676 -0.002597 -0.001843
v 0.001663 -0.002596 -0.001843
v 0.001620 -0.002578 -0.001843
v 0.001608 -0.002573 -0.001843
v 0.001572 -0.002545 -0.001844
v 0.001561 -0.002537 -0.001844
v 0.001533 -0.002500 -0.001844
v 0.001524 -0.002489 -0.001844
v 0.001507 -0.002447 -0.001844
v 0.001501 -0.002434 -0.001844
v 0.001496 -0.002389 -0.001845
v -0.001499 0.001460 -0.001905
v -0.001496 0.001460 -0.001869
v -0.001501 0.001443 -0.001905
v -0.001504 0.001500 -0.001905
v -0.001508 0.001443 -0.002342
v -0.001512 0.001483 -0.002345
v -0.001522 0.001521 -0.002347
v -0.001546 0.001421 -0.002919
v -0.001557 0.001459 -0.002924
v -0.001506 0.001520 -0.001905
v -0.001503 0.001520 -0.001869
v -0.001514 0.001538 -0.001905
v -0.001513 0.001543 -0.001870
v -0.001529 0.001575 -0.001905
v -0.001539 0.001557 -0.002349
v -0.001510 0.001535 -0.001869
v -0.001574 0.001495 -0.002927
v -0.001599 0.001530 -0.002930
v -0.001564 0.001592 -0.002350
v -0.001593 0.001620 -0.002351
v -0.001566 0.001622 -0.001905
v -0.001628 0.001558 -0.002932
v -0.001555 0.001609 -0.001905
v -0.001549 0.001604 -0.001870
v -0.001554 0.001611 -0.001870
v -0.001563 0.001622 -0.001870
v -0.001579 0.001634 -0.001870
v -0.001584 0.001636 -0.001905
v -0.001585 0.001639 -0.001870
v -0.001610 0.001658 -0.001870
v -0.001613 0.001658 -0.001905
v -0.001649 0.001674 -0.001870
v -0.001658 0.001677 -0.001905
v -0.001657 0.001677 -0.001870
v -0.001665 0.001681 -0.001870
v -0.001668 0.001681 -0.001905
v -0.001693 0.001685 -0.001870
v -0.001700 0.001686 -0.001905
v -0.001700 0.001686 -0.001870
v -0.001724 0.001689 -0.001870
v -0.001727 0.001689 -0.001905
v -0.001737 0.001687 -0.001870
v -0.001742 0.001687 -0.001905
v -0.001744 0.001686 -0.001870
v -0.001783 0.001681 -0.001870
v -0.001786 0.001681 -0.001905
v -0.001816 0.001667 -0.001870
v -0.001823 0.001666 -0.001905
v -0.001822 0.001665 -0.001870
v -0.001839 0.001658 -0.001870
v -0.001853 0.001647 -0.001870
v -0.001842 0.001658 -0.001905
v -0.001858 0.001646 -0.001905
v -0.001868 0.001630 -0.002341
v -0.001833 0.001651 -0.002344
v -0.001794 0.001665 -0.002346
v -0.001868 0.001589 -0.002918
v -0.001903 0.001568 -0.002912
v -0.001970 0.001449 -0.003698
v -0.002001 0.001423 -0.003692
v -0.001934 0.001543 -0.002906
v -0.001960 0.001511 -0.002900
v -0.002027 0.001391 -0.003686
v -0.001899 0.001605 -0.002338
v -0.001889 0.001622 -0.001905
v -0.001926 0.001572 -0.002334
v -0.001925 0.001575 -0.001905
v -0.001944 0.001539 -0.002331
v -0.001979 0.001478 -0.002894
v -0.001915 0.001588 -0.001905
v -0.001913 0.001586 -0.001870
v -0.001909 0.001591 -0.001870
v -0.001886 0.001622 -0.001870
v -0.001859 0.001643 -0.001870
v -0.001922 0.001575 -0.001870
v -0.001930 0.001557 -0.001870
v -0.001934 0.001555 -0.001905
v -0.001933 0.001551 -0.001870
v -0.001945 0.001520 -0.001869
v -0.001948 0.001520 -0.001905
v -0.001950 0.001486 -0.001869
v -0.001953 0.001482 -0.001905
v -0.001950 0.001479 -0.001869
v -0.001953 0.001460 -0.001869
v -0.001950 0.001443 -0.001869
v -0.001956 0.001460 -0.001905
v -0.001953 0.001441 -0.001905
v -0.001964 0.001466 -0.002325
v -0.001964 0.001424 -0.002322
v -0.001998 0.001364 -0.002876
v -0.001998 0.001406 -0.002882
v -0.001957 0.001503 -0.002328
v -0.001991 0.001442 -0.002888
v -0.002058 0.001323 -0.003673
v -0.002065 0.001286 -0.003667
v -0.002065 0.001245 -0.003661
v -0.002117 0.001151 -0.004396
v -0.002117 0.001193 -0.004399
v -0.002111 0.001229 -0.004402
v -0.002131 0.001165 -0.004953
v -0.002134 0.001143 -0.004953
v -0.002131 0.001123 -0.004953
v -0.002134 0.001143 -0.017653
v -0.002126 0.001202 -0.017653
v -0.002111 0.001237 -0.004953
v -0.001905 0.001143 -0.017653
v -0.002103 0.001257 -0.017653
v -0.002126 0.001202 -0.004953
v -0.002098 0.001265 -0.004405
v -0.002046 0.001358 -0.003679
v -0.002103 0.001257 -0.004953
v -0.002079 0.001298 -0.004408
v -0.002093 0.001271 -0.004953
v -0.002067 0.001305 -0.004953
v -0.002053 0.001330 -0.004412
v -0.002067 0.001305 -0.017653
v -0.002019 0.001341 -0.017653
v -0.002036 0.001328 -0.004953
v -0.002022 0.001356 -0.004415
v -0.002019 0.001341 -0.004953
v -0.002001 0.001349 -0.004953
v -0.001964 0.001364 -0.017653
v -0.001964 0.001364 -0.004953
v -0.001920 0.001370 -0.004953
v -0.001905 0.001372 -0.017653
v -0.001846 0.001364 -0.017653
v -0.001905 0.001372 -0.004953
v -0.001906 0.001396 -0.004423
v -0.001878 0.001368 -0.004953
v -0.001864 0.001395 -0.004425
v -0.001846 0.001364 -0.004953
v -0.001821 0.001386 -0.004426
v -0.001835 0.001360 -0.004953
v -0.001791 0.001341 -0.017653
v -0.001762 0.001319 -0.004953
v -0.001743 0.001305 -0.017653
v -0.001791 0.001341 -0.004953
v -0.001747 0.001345 -0.004426
v -0.001780 0.001368 -0.004426
v -0.001729 0.001460 -0.003720
v -0.001695 0.001437 -0.003719
v -0.001666 0.001409 -0.003717
v -0.001641 0.001374 -0.003714
v -0.001718 0.001317 -0.004425
v -0.001733 0.001291 -0.004953
v -0.001743 0.001305 -0.004953
v -0.001693 0.001282 -0.004423
v -0.001624 0.001338 -0.003711
v -0.001707 0.001257 -0.004953
v -0.001676 0.001246 -0.004421
v -0.001665 0.001208 -0.004419
v -0.001684 0.001202 -0.004953
v -0.001692 0.001220 -0.004953
v -0.001614 0.001300 -0.003706
v -0.001610 0.001261 -0.003701
v -0.001543 0.001381 -0.002914
v -0.001509 0.001426 -0.002341
v -0.001543 0.001364 -0.002912
v -0.001549 0.001328 -0.002906
v -0.001611 0.001244 -0.003698
v -0.001515 0.001389 -0.002338
v -0.001506 0.001401 -0.001905
v -0.001519 0.001371 -0.001905
v -0.001527 0.001354 -0.002335
v -0.001529 0.001346 -0.001905
v -0.001545 0.001320 -0.002332
v -0.001561 0.001292 -0.002900
v -0.001579 0.001258 -0.002894
v -0.001616 0.001208 -0.003692
v -0.001628 0.001172 -0.003686
v -0.001646 0.001139 -0.003680
v -0.001668 0.001115 -0.004412
v -0.001680 0.001079 -0.004409
v -0.001684 0.001084 -0.004953
v -0.001697 0.001053 -0.004953
v -0.001698 0.001046 -0.004406
v -0.001707 0.001029 -0.004953
v -0.001714 0.001019 -0.004953
v -0.001707 0.001029 -0.017653
v -0.001743 0.000981 -0.017653
v -0.001743 0.000981 -0.004953
v -0.001791 0.000945 -0.017653
v -0.001770 0.000961 -0.004953
v -0.001791 0.000945 -0.004953
v -0.001754 0.000987 -0.004399
v -0.001736 0.001060 -0.003661
v -0.001724 0.001013 -0.004402
v -0.001701 0.001081 -0.003667
v -0.001788 0.000966 -0.004396
v -0.001804 0.000939 -0.004953
v -0.001827 0.000951 -0.004393
v -0.001774 0.001045 -0.003656
v -0.001749 0.001157 -0.002867
v -0.001815 0.001038 -0.003652
v -0.001707 0.001164 -0.002871
v -0.001669 0.001179 -0.002876
v -0.001674 0.001225 -0.002320
v -0.001715 0.001217 -0.002317
v -0.001727 0.001232 -0.001905
v -0.001706 0.001235 -0.001905
v -0.001757 0.001217 -0.002316
v -0.001748 0.001235 -0.001905
v -0.001786 0.001240 -0.001905
v -0.001800 0.001225 -0.002315
v -0.001791 0.001157 -0.002864
v -0.001834 0.001165 -0.002862
v -0.001857 0.001038 -0.003648
v -0.001868 0.000944 -0.004391
v -0.001900 0.001047 -0.003646
v -0.001910 0.000944 -0.004389
v -0.001926 0.000917 -0.004953
v -0.001953 0.000952 -0.004388
v -0.001905 0.000914 -0.004953
v -0.001884 0.000917 -0.004953
v -0.001964 0.000922 -0.017653
v -0.001905 0.000914 -0.017653
v -0.001846 0.000922 -0.017653
v -0.001846 0.000922 -0.004953
v -0.001964 0.000922 -0.004953
v -0.002019 0.000945 -0.017653
v -0.002010 0.000941 -0.004953
v -0.002019 0.000945 -0.004953
v -0.002043 0.000963 -0.004953
v -0.002067 0.000981 -0.017653
v -0.002103 0.001029 -0.017653
v -0.002067 0.000981 -0.004953
v -0.002058 0.001017 -0.004389
v -0.002028 0.000990 -0.004388
v -0.002073 0.000990 -0.004953
v -0.002076 0.001040 -0.004389
v -0.002091 0.001013 -0.004953
v -0.002103 0.001029 -0.004953
v -0.002096 0.001074 -0.004391
v -0.002111 0.001047 -0.004953
v -0.002126 0.001084 -0.017653
v -0.002126 0.001084 -0.004953
v -0.002110 0.001112 -0.004393
v -0.002057 0.001206 -0.003656
v -0.001991 0.001325 -0.002872
v -0.002043 0.001169 -0.003652
v -0.001977 0.001288 -0.002867
v -0.002023 0.001134 -0.003649
v -0.002005 0.001112 -0.003647
v -0.001957 0.001253 -0.002864
v -0.001923 0.001313 -0.002316
v -0.001939 0.001231 -0.002863
v -0.001943 0.001348 -0.002318
v -0.001925 0.001346 -0.001905
v -0.001913 0.001330 -0.001905
v -0.001948 0.001401 -0.001905
v -0.001957 0.001385 -0.002320
v -0.001933 0.001364 -0.001905
v -0.001932 0.001368 -0.001868
v -0.001929 0.001362 -0.001868
v -0.001922 0.001346 -0.001868
v -0.001911 0.001332 -0.001868
v -0.001907 0.001326 -0.001868
v -0.001891 0.001306 -0.001868
v -0.001886 0.001299 -0.001868
v -0.001895 0.001307 -0.001905
v -0.001889 0.001299 -0.001905
v -0.001905 0.001291 -0.002315
v -0.001865 0.001281 -0.001905
v -0.001909 0.001204 -0.002861
v -0.001875 0.001264 -0.002314
v -0.001841 0.001242 -0.002314
v -0.001842 0.001263 -0.001905
v -0.001875 0.001182 -0.002861
v -0.001941 0.001063 -0.003645
v -0.001975 0.001085 -0.003645
v -0.001994 0.000969 -0.004388
v -0.001839 0.001263 -0.001868
v -0.001832 0.001259 -0.001905
v -0.001830 0.001259 -0.001868
v -0.001823 0.001256 -0.001868
v -0.001783 0.001240 -0.001868
v -0.001750 0.001235 -0.001868
v -0.001742 0.001234 -0.001868
v -0.001724 0.001232 -0.001868
v -0.001706 0.001234 -0.001868
v -0.001698 0.001235 -0.001868
v -0.001665 0.001240 -0.001868
v -0.001629 0.001255 -0.001868
v -0.001668 0.001240 -0.001905
v -0.001635 0.001239 -0.002322
v -0.001627 0.001257 -0.001905
v -0.001622 0.001258 -0.001868
v -0.001613 0.001263 -0.001905
v -0.001592 0.001278 -0.001905
v -0.001610 0.001263 -0.001868
v -0.001600 0.001261 -0.002325
v -0.001570 0.001287 -0.002328
v -0.001604 0.001226 -0.002888
v -0.001634 0.001200 -0.002882
v -0.001671 0.001107 -0.003673
v -0.001566 0.001299 -0.001905
v -0.001563 0.001299 -0.001868
v -0.001536 0.001337 -0.001905
v -0.001532 0.001338 -0.001868
v -0.001537 0.001332 -0.001868
v -0.001526 0.001346 -0.001868
v -0.001517 0.001367 -0.001868
v -0.001514 0.001375 -0.001868
v -0.001503 0.001401 -0.001869
v -0.001499 0.001437 -0.001869
v -0.001498 0.001445 -0.001869
v -0.001585 0.001281 -0.001868
v -0.001592 0.001276 -0.001868
v -0.001859 0.001279 -0.001868
v -0.001865 0.001283 -0.001868
v -0.001945 0.001401 -0.001869
v -0.001950 0.001436 -0.001869
v -0.001684 0.001084 -0.017653
v -0.001679 0.001126 -0.004953
v -0.001676 0.001143 -0.004953
v -0.001676 0.001143 -0.017653
v -0.001682 0.001182 -0.004953
v -0.001684 0.001202 -0.017653
v -0.001707 0.001257 -0.017653
v -0.001662 0.001169 -0.004416
v -0.001662 0.001152 -0.004415
v -0.001661 0.001580 -0.002933
v -0.001770 0.001478 -0.003719
v -0.001812 0.001487 -0.003717
v -0.001702 0.001598 -0.002932
v -0.001626 0.001643 -0.002351
v -0.001667 0.001661 -0.002351
v -0.001745 0.001607 -0.002930
v -0.001710 0.001670 -0.002350
v -0.001787 0.001609 -0.002927
v -0.001855 0.001488 -0.003714
v -0.001896 0.001482 -0.003709
v -0.001948 0.001390 -0.004421
v -0.001987 0.001376 -0.004418
v -0.001935 0.001468 -0.003704
v -0.001829 0.001602 -0.002923
v -0.001752 0.001671 -0.002348
v -0.001526 0.001575 -0.001870
v -0.001501 0.001503 -0.001869
v -0.001500 0.001494 -0.001869
v 0.003012 -0.000254 -0.002156
v 0.003019 -0.000254 -0.001877
v 0.003013 -0.000208 -0.001877
v 0.003004 -0.000313 -0.002155
v 0.003004 -0.000195 -0.002155
v 0.002947 -0.000254 -0.003087
v 0.002940 -0.000313 -0.003087
v 0.002917 -0.000368 -0.003085
v 0.002901 -0.000313 -0.004019
v 0.002878 -0.000368 -0.004019
v 0.002865 -0.000368 -0.004953
v 0.002842 -0.000416 -0.004018
v 0.002829 -0.000416 -0.004953
v 0.002829 -0.000416 -0.017653
v 0.002781 -0.000452 -0.004953
v 0.002865 -0.000368 -0.017653
v 0.002667 -0.000254 -0.017653
v 0.002888 -0.000313 -0.017653
v 0.002896 -0.000254 -0.017653
v 0.002888 -0.000313 -0.004953
v 0.002909 -0.000254 -0.004019
v 0.002896 -0.000254 -0.004953
v 0.002901 -0.000195 -0.004019
v 0.002888 -0.000195 -0.004953
v 0.002888 -0.000195 -0.017653
v 0.002865 -0.000140 -0.017653
v 0.002865 -0.000140 -0.004953
v 0.002829 -0.000092 -0.017653
v 0.002829 -0.000092 -0.004953
v 0.002781 -0.000056 -0.017653
v 0.002781 -0.000056 -0.004953
v 0.002726 -0.000033 -0.017653
v 0.002726 -0.000033 -0.004953
v 0.002667 -0.000025 -0.017653
v 0.002667 -0.000025 -0.004953
v 0.002608 -0.000033 -0.017653
v 0.002608 -0.000033 -0.004953
v 0.002553 -0.000056 -0.017653
v 0.002505 -0.000092 -0.017653
v 0.002553 -0.000056 -0.004953
v 0.002566 -0.000056 -0.004010
v 0.002518 -0.000092 -0.004009
v 0.002505 -0.000092 -0.004953
v 0.002482 -0.000140 -0.004008
v 0.002469 -0.000140 -0.004953
v 0.002469 -0.000140 -0.017653
v 0.002446 -0.000195 -0.017653
v 0.002446 -0.000195 -0.004953
v 0.002438 -0.000254 -0.017653
v 0.002446 -0.000313 -0.017653
v 0.002438 -0.000254 -0.004953
v 0.002459 -0.000313 -0.004007
v 0.002452 -0.000254 -0.004007
v 0.002446 -0.000313 -0.004953
v 0.002469 -0.000368 -0.004953
v 0.002469 -0.000368 -0.017653
v 0.002482 -0.000368 -0.004008
v 0.002558 -0.000416 -0.003065
v 0.002521 -0.000368 -0.003063
v 0.002518 -0.000416 -0.004009
v 0.002605 -0.000452 -0.003068
v 0.002566 -0.000452 -0.004010
v 0.002505 -0.000416 -0.004953
v 0.002553 -0.000452 -0.004953
v 0.002553 -0.000452 -0.017653
v 0.002505 -0.000416 -0.017653
v 0.002608 -0.000475 -0.017653
v 0.002667 -0.000483 -0.017653
v 0.002608 -0.000475 -0.004953
v 0.002680 -0.000483 -0.004013
v 0.002621 -0.000475 -0.004011
v 0.002667 -0.000483 -0.004953
v 0.002726 -0.000475 -0.004953
v 0.002726 -0.000475 -0.017653
v 0.002739 -0.000475 -0.004015
v 0.002794 -0.000452 -0.004016
v 0.002778 -0.000475 -0.003078
v 0.002833 -0.000452 -0.003081
v 0.002898 -0.000452 -0.002147
v 0.002945 -0.000416 -0.002150
v 0.002881 -0.000416 -0.003083
v 0.002982 -0.000368 -0.002153
v 0.002988 -0.000368 -0.001878
v 0.003006 -0.000325 -0.001878
v 0.003011 -0.000313 -0.001878
v 0.003017 -0.000267 -0.001877
v 0.002980 -0.000378 -0.001878
v 0.002952 -0.000416 -0.001878
v 0.002942 -0.000424 -0.001878
v 0.002904 -0.000452 -0.001878
v 0.002892 -0.000457 -0.001878
v 0.002843 -0.000475 -0.002142
v 0.002849 -0.000475 -0.001878
v 0.002836 -0.000476 -0.001878
v 0.002790 -0.000483 -0.001878
v 0.002784 -0.000483 -0.002137
v 0.002725 -0.000475 -0.002132
v 0.002719 -0.000483 -0.003074
v 0.002660 -0.000475 -0.003071
v 0.002777 -0.000481 -0.001878
v 0.002731 -0.000475 -0.001878
v 0.002670 -0.000452 -0.002128
v 0.002623 -0.000416 -0.002124
v 0.002676 -0.000452 -0.001878
v 0.002719 -0.000470 -0.001878
v 0.002666 -0.000444 -0.001878
v 0.002629 -0.000416 -0.001878
v 0.002622 -0.000405 -0.001878
v 0.002587 -0.000368 -0.002121
v 0.002593 -0.000368 -0.001878
v 0.002588 -0.000356 -0.001878
v 0.002570 -0.000313 -0.001878
v 0.002564 -0.000313 -0.002119
v 0.002557 -0.000254 -0.002118
v 0.002499 -0.000313 -0.003062
v 0.002491 -0.000254 -0.003062
v 0.002499 -0.000195 -0.003062
v 0.002459 -0.000195 -0.004007
v 0.002564 -0.000195 -0.002119
v 0.002521 -0.000140 -0.003063
v 0.002587 -0.000140 -0.002121
v 0.002558 -0.000092 -0.003065
v 0.002623 -0.000092 -0.002124
v 0.002605 -0.000056 -0.003068
v 0.002621 -0.000033 -0.004011
v 0.002660 -0.000033 -0.003071
v 0.002670 -0.000056 -0.002128
v 0.002725 -0.000033 -0.002132
v 0.002676 -0.000056 -0.001877
v 0.002639 -0.000084 -0.001877
v 0.002629 -0.000092 -0.001877
v 0.002600 -0.000130 -0.001877
v 0.002593 -0.000140 -0.001877
v 0.002575 -0.000183 -0.001877
v 0.002570 -0.000195 -0.001877
v 0.002564 -0.000241 -0.001877
v 0.002563 -0.000254 -0.001877
v 0.002569 -0.000300 -0.001878
v 0.002688 -0.000051 -0.001877
v 0.002731 -0.000033 -0.001877
v 0.002744 -0.000031 -0.001877
v 0.002784 -0.000025 -0.002137
v 0.002790 -0.000025 -0.001877
v 0.002803 -0.000026 -0.001877
v 0.002843 -0.000033 -0.002142
v 0.002849 -0.000033 -0.001877
v 0.002861 -0.000038 -0.001877
v 0.002904 -0.000056 -0.001877
v 0.002898 -0.000056 -0.002147
v 0.002833 -0.000056 -0.003081
v 0.002945 -0.000092 -0.002150
v 0.002881 -0.000092 -0.003083
v 0.002917 -0.000140 -0.003085
v 0.002878 -0.000140 -0.004019
v 0.002842 -0.000092 -0.004018
v 0.002794 -0.000056 -0.004016
v 0.002778 -0.000033 -0.003078
v 0.002739 -0.000033 -0.004015
v 0.002719 -0.000025 -0.003074
v 0.002680 -0.000025 -0.004013
v 0.002982 -0.000140 -0.002153
v 0.002940 -0.000195 -0.003087
v 0.002988 -0.000140 -0.001877
v 0.002960 -0.000102 -0.001877
v 0.002952 -0.000092 -0.001877
v 0.002914 -0.000063 -0.001877
v 0.002993 -0.000152 -0.001877
v 0.003011 -0.000195 -0.001877
v 0.002781 -0.000452 -0.017653
v -0.002438 0.000254 -0.004953
v -0.002438 0.000254 -0.017653
v -0.002446 0.000195 -0.004953
v -0.002446 0.000313 -0.004953
v -0.002446 0.000313 -0.017653
v -0.002452 0.000254 -0.004007
v -0.002459 0.000313 -0.004007
v -0.002482 0.000368 -0.004008
v -0.002499 0.000313 -0.003062
v -0.002521 0.000368 -0.003063
v -0.002558 0.000416 -0.003065
v -0.002587 0.000368 -0.002121
v -0.002623 0.000416 -0.002124
v -0.002670 0.000452 -0.002128
v -0.002628 0.000416 -0.001950
v -0.002654 0.000436 -0.001950
v -0.002675 0.000452 -0.001950
v -0.002705 0.000464 -0.001950
v -0.002730 0.000475 -0.001950
v -0.002725 0.000475 -0.002132
v -0.002763 0.000479 -0.001950
v -0.002789 0.000483 -0.001950
v -0.002784 0.000483 -0.002137
v -0.002822 0.000478 -0.001950
v -0.002848 0.000475 -0.001950
v -0.002843 0.000475 -0.002142
v -0.002879 0.000462 -0.001950
v -0.002903 0.000452 -0.001950
v -0.002930 0.000431 -0.001950
v -0.002898 0.000452 -0.002147
v -0.002833 0.000452 -0.003081
v -0.002778 0.000475 -0.003078
v -0.002945 0.000416 -0.002150
v -0.002881 0.000416 -0.003083
v -0.002982 0.000368 -0.002153
v -0.002950 0.000416 -0.001950
v -0.002971 0.000388 -0.001950
v -0.002987 0.000368 -0.001950
v -0.003000 0.000336 -0.001950
v -0.003009 0.000313 -0.001950
v -0.003004 0.000313 -0.002155
v -0.003014 0.000279 -0.001951
v -0.003017 0.000254 -0.001951
v -0.003013 0.000220 -0.001951
v -0.003012 0.000254 -0.002156
v -0.002947 0.000254 -0.003087
v -0.003004 0.000195 -0.002155
v -0.002940 0.000313 -0.003087
v -0.002917 0.000368 -0.003085
v -0.002901 0.000313 -0.004019
v -0.002878 0.000368 -0.004019
v -0.002829 0.000416 -0.004953
v -0.002842 0.000416 -0.004018
v -0.002865 0.000368 -0.004953
v -0.002865 0.000368 -0.017653
v -0.002888 0.000313 -0.004953
v -0.002888 0.000313 -0.017653
v -0.002667 0.000254 -0.017653
v -0.002896 0.000254 -0.017653
v -0.002888 0.000195 -0.017653
v -0.002896 0.000254 -0.004953
v -0.002888 0.000195 -0.004953
v -0.002901 0.000195 -0.004019
v -0.002909 0.000254 -0.004019
v -0.002940 0.000195 -0.003087
v -0.002917 0.000140 -0.003085
v -0.002982 0.000140 -0.002153
v -0.002945 0.000092 -0.002150
v -0.002987 0.000140 -0.001951
v -0.002966 0.000112 -0.001951
v -0.002950 0.000092 -0.001951
v -0.002923 0.000071 -0.001951
v -0.002903 0.000056 -0.001951
v -0.002871 0.000043 -0.001951
v -0.002898 0.000056 -0.002147
v -0.002833 0.000056 -0.003081
v -0.002881 0.000092 -0.003083
v -0.002843 0.000033 -0.002142
v -0.002784 0.000025 -0.002137
v -0.002778 0.000033 -0.003078
v -0.002848 0.000033 -0.001951
v -0.002814 0.000028 -0.001951
v -0.002788 0.000025 -0.001951
v -0.002755 0.000029 -0.001951
v -0.002729 0.000033 -0.001951
v -0.002725 0.000033 -0.002132
v -0.002699 0.000046 -0.001951
v -0.002674 0.000056 -0.001951
v -0.002670 0.000056 -0.002128
v -0.002648 0.000076 -0.001951
v -0.002627 0.000092 -0.001951
v -0.002623 0.000092 -0.002124
v -0.002607 0.000118 -0.001951
v -0.002591 0.000140 -0.001951
v -0.002579 0.000170 -0.001951
v -0.002587 0.000140 -0.002121
v -0.002564 0.000195 -0.002119
v -0.002558 0.000092 -0.003065
v -0.002521 0.000140 -0.003063
v -0.002518 0.000092 -0.004009
v -0.002499 0.000195 -0.003062
v -0.002482 0.000140 -0.004008
v -0.002459 0.000195 -0.004007
v -0.002469 0.000140 -0.004953
v -0.002505 0.000092 -0.004953
v -0.002505 0.000092 -0.017653
v -0.002553 0.000056 -0.004953
v -0.002469 0.000140 -0.017653
v -0.002446 0.000195 -0.017653
v -0.002553 0.000056 -0.017653
v -0.002566 0.000056 -0.004010
v -0.002608 0.000033 -0.004953
v -0.002608 0.000033 -0.017653
v -0.002621 0.000033 -0.004011
v -0.002667 0.000025 -0.004953
v -0.002667 0.000025 -0.017653
v -0.002680 0.000025 -0.004013
v -0.002726 0.000033 -0.004953
v -0.002726 0.000033 -0.017653
v -0.002739 0.000033 -0.004015
v -0.002781 0.000056 -0.004953
v -0.002781 0.000056 -0.017653
v -0.002794 0.000056 -0.004016
v -0.002829 0.000092 -0.004953
v -0.002829 0.000092 -0.017653
v -0.002842 0.000092 -0.004018
v -0.002865 0.000140 -0.004953
v -0.002865 0.000140 -0.017653
v -0.002878 0.000140 -0.004019
v -0.002719 0.000025 -0.003074
v -0.002660 0.000033 -0.003071
v -0.002605 0.000056 -0.003068
v -0.002491 0.000254 -0.003062
v -0.002557 0.000254 -0.002118
v -0.002564 0.000313 -0.002119
v -0.002568 0.000313 -0.001950
v -0.002581 0.000343 -0.001950
v -0.002591 0.000368 -0.001950
v -0.002611 0.000394 -0.001950
v -0.002565 0.000286 -0.001950
v -0.002561 0.000254 -0.001951
v -0.002564 0.000227 -0.001951
v -0.002568 0.000195 -0.001951
v -0.002996 0.000163 -0.001951
v -0.003009 0.000195 -0.001951
v -0.002829 0.000416 -0.017653
v -0.002667 0.000483 -0.017653
v -0.002726 0.000475 -0.017653
v -0.002781 0.000452 -0.017653
v -0.002469 0.000368 -0.017653
v -0.002608 0.000475 -0.017653
v -0.002505 0.000416 -0.017653
v -0.002553 0.000452 -0.017653
v -0.002505 0.000416 -0.004953
v -0.002553 0.000452 -0.004953
v -0.002566 0.000452 -0.004010
v -0.002608 0.000475 -0.004953
v -0.002621 0.000475 -0.004011
v -0.002660 0.000475 -0.003071
v -0.002680 0.000483 -0.004013
v -0.002719 0.000483 -0.003074
v -0.002739 0.000475 -0.004015
v -0.002667 0.000483 -0.004953
v -0.002726 0.000475 -0.004953
v -0.002781 0.000452 -0.004953
v -0.002794 0.000452 -0.004016
v -0.002605 0.000452 -0.003068
v -0.002518 0.000416 -0.004009
v -0.002469 0.000368 -0.004953
f 228 230 233
f 233 230 236
f 233 236 255
f 255 236 258
f 255 258 277
f 277 258 282
f 277 282 279
f 279 282 305
f 279 305 299
f 299 305 325
f 299 325 302
f 302 325 339
f 302 339 298
f 298 339 323
f 298 323 278
f 278 323 303
f 278 303 276
f 276 303 280
f 276 280 254
f 254 280 256
f 254 256 232
f 232 256 234
f 232 234 226
f 226 234 224
f 124 122 120
f 120 122 116
f 120 116 98
f 98 116 94
f 98 94 76
f 76 94 70
f 76 70 74
f 74 70 47
f 74 47 54
f 54 47 27
f 54 27 51
f 51 27 13
f 51 13 55
f 55 13 29
f 55 29 75
f 75 29 49
f 75 49 77
f 77 49 72
f 77 72 99
f 99 72 96
f 99 96 121
f 121 96 118
f 121 118 126
f 126 118 128
f 228 233 229
f 229 233 222
f 121 126 127
f 124 120 125
f 125 120 131
f 232 226 227
f 132 121 127
f 221 232 227
f 59 57 83
f 83 57 81
f 83 81 105
f 105 81 103
f 105 103 185
f 185 103 186
f 185 186 249
f 249 186 251
f 249 251 271
f 271 251 273
f 271 273 295
f 295 273 297
f 295 297 318
f 318 297 320
f 318 320 338
f 338 320 347
f 338 347 348
f 348 347 351
f 348 351 337
f 337 351 346
f 337 346 317
f 317 346 319
f 317 319 294
f 294 319 296
f 294 296 270
f 270 296 272
f 270 272 248
f 248 272 250
f 248 250 168
f 168 250 167
f 168 167 104
f 104 167 102
f 104 102 82
f 82 102 80
f 82 80 58
f 58 80 56
f 58 56 35
f 35 56 33
f 35 33 15
f 15 33 6
f 15 6 5
f 5 6 2
f 5 2 16
f 16 2 7
f 16 7 36
f 36 7 34
f 36 34 59
f 59 34 57
f 129 128 118
f 225 224 234
f 175 174 190
f 175 190 235
f 235 190 192
f 235 192 196
f 196 200 235
f 235 200 204
f 235 204 208
f 208 214 235
f 235 214 216
f 235 216 220
f 122 123 116
f 116 123 130
f 130 134 117
f 117 134 140
f 140 142 117
f 117 142 146
f 117 146 150
f 150 155 117
f 117 155 158
f 117 158 175
f 175 158 165
f 175 165 174
f 179 178 163
f 179 163 119
f 119 163 161
f 119 161 157
f 157 153 119
f 119 153 149
f 119 149 145
f 145 139 119
f 119 139 137
f 119 137 133
f 230 231 236
f 236 231 223
f 223 219 237
f 237 219 213
f 213 211 237
f 237 211 207
f 237 207 203
f 203 198 237
f 237 198 195
f 237 195 179
f 179 195 188
f 179 188 178
f 223 237 236
f 236 237 259
f 236 259 258
f 258 259 283
f 258 283 282
f 282 283 306
f 282 306 305
f 305 306 326
f 305 326 325
f 325 326 340
f 325 340 339
f 339 340 324
f 339 324 323
f 323 324 304
f 323 304 303
f 303 304 281
f 303 281 280
f 280 281 257
f 280 257 256
f 256 257 235
f 256 235 234
f 234 235 220
f 234 220 225
f 130 117 116
f 116 117 95
f 116 95 94
f 94 95 71
f 94 71 70
f 70 71 48
f 70 48 47
f 47 48 28
f 47 28 27
f 27 28 14
f 27 14 13
f 13 14 30
f 13 30 29
f 29 30 50
f 29 50 49
f 49 50 73
f 49 73 72
f 72 73 97
f 72 97 96
f 96 97 119
f 96 119 118
f 118 119 133
f 118 133 129
f 123 122 125
f 125 122 124
f 123 125 130
f 130 125 131
f 130 131 134
f 131 135 134
f 134 135 141
f 134 141 140
f 140 141 143
f 140 143 142
f 142 143 147
f 142 147 146
f 146 147 151
f 146 151 150
f 150 151 154
f 150 154 155
f 155 154 159
f 155 159 158
f 158 159 165
f 165 159 164
f 165 164 174
f 174 164 176
f 174 176 190
f 190 176 191
f 190 191 192
f 192 191 193
f 192 193 196
f 196 193 197
f 196 197 200
f 209 204 205
f 205 204 200
f 205 200 201
f 201 200 197
f 227 225 221
f 221 225 220
f 221 220 217
f 217 220 216
f 217 216 215
f 215 216 214
f 215 214 209
f 209 214 208
f 209 208 204
f 224 225 226
f 226 225 227
f 231 230 229
f 229 230 228
f 231 229 223
f 223 229 222
f 223 222 219
f 222 218 219
f 219 218 212
f 219 212 213
f 213 212 210
f 213 210 211
f 211 210 206
f 211 206 207
f 207 206 202
f 207 202 203
f 203 202 199
f 203 199 198
f 198 199 194
f 198 194 195
f 195 194 188
f 188 194 189
f 188 189 178
f 178 189 177
f 178 177 163
f 163 177 162
f 163 162 161
f 161 162 160
f 161 160 157
f 157 160 156
f 157 156 153
f 144 149 148
f 148 149 153
f 148 153 152
f 152 153 156
f 127 129 132
f 132 129 133
f 132 133 136
f 136 133 137
f 136 137 138
f 138 137 139
f 138 139 144
f 144 139 145
f 144 145 149
f 128 129 126
f 126 129 127
f 352 347 350
f 350 347 320
f 350 320 322
f 322 320 297
f 322 297 301
f 301 297 273
f 301 273 275
f 275 273 251
f 275 251 253
f 253 251 186
f 253 186 187
f 187 186 103
f 187 103 101
f 101 103 81
f 101 81 79
f 79 81 57
f 79 57 53
f 53 57 34
f 53 34 32
f 32 34 7
f 32 7 4
f 4 7 2
f 4 2 1
f 1 2 6
f 1 6 3
f 3 6 33
f 3 33 31
f 31 33 56
f 31 56 52
f 52 56 80
f 52 80 78
f 78 80 102
f 78 102 100
f 100 102 167
f 100 167 166
f 166 167 250
f 166 250 252
f 252 250 272
f 252 272 274
f 274 272 296
f 274 296 300
f 300 296 319
f 300 319 321
f 321 319 346
f 321 346 349
f 349 346 351
f 349 351 352
f 352 351 347
f 338 336 318
f 318 336 316
f 318 316 295
f 295 316 293
f 295 293 271
f 271 293 269
f 271 269 249
f 249 269 247
f 249 247 185
f 185 247 184
f 185 184 105
f 105 184 107
f 105 107 83
f 83 107 85
f 83 85 59
f 59 85 61
f 59 61 36
f 36 61 38
f 36 38 16
f 16 38 18
f 16 18 5
f 5 18 8
f 5 8 15
f 15 8 17
f 15 17 35
f 35 17 37
f 35 37 58
f 58 37 60
f 58 60 82
f 82 60 84
f 82 84 104
f 104 84 106
f 104 106 168
f 168 106 169
f 168 169 248
f 248 169 246
f 248 246 270
f 270 246 268
f 270 268 294
f 294 268 292
f 294 292 317
f 317 292 315
f 317 315 337
f 337 315 335
f 337 335 348
f 348 335 345
f 348 345 338
f 338 345 336
f 336 334 316
f 316 334 314
f 316 314 293
f 293 314 291
f 293 291 269
f 269 291 267
f 269 267 247
f 247 267 245
f 247 245 184
f 184 245 183
f 184 183 107
f 107 183 109
f 107 109 85
f 85 109 87
f 85 87 61
f 61 87 63
f 61 63 38
f 38 63 40
f 38 40 18
f 18 40 20
f 18 20 8
f 8 20 9
f 8 9 17
f 17 9 19
f 17 19 37
f 37 19 39
f 37 39 60
f 60 39 62
f 60 62 84
f 84 62 86
f 84 86 106
f 106 86 108
f 106 108 169
f 169 108 170
f 169 170 246
f 246 170 244
f 246 244 268
f 268 244 266
f 268 266 292
f 292 266 290
f 292 290 315
f 315 290 313
f 315 313 335
f 335 313 333
f 335 333 345
f 345 333 344
f 345 344 336
f 336 344 334
f 334 332 314
f 314 332 312
f 314 312 291
f 291 312 289
f 291 289 267
f 267 289 265
f 267 265 245
f 245 265 243
f 245 243 183
f 183 243 182
f 183 182 109
f 109 182 111
f 109 111 87
f 87 111 89
f 87 89 63
f 63 89 65
f 63 65 40
f 40 65 42
f 40 42 20
f 20 42 22
f 20 22 9
f 9 22 10
f 9 10 19
f 19 10 21
f 19 21 39
f 39 21 41
f 39 41 62
f 62 41 64
f 62 64 86
f 86 64 88
f 86 88 108
f 108 88 110
f 108 110 170
f 170 110 171
f 170 171 244
f 244 171 242
f 244 242 266
f 266 242 264
f 266 264 290
f 290 264 288
f 290 288 313
f 313 288 311
f 313 311 333
f 333 311 331
f 333 331 344
f 344 331 343
f 344 343 334
f 334 343 332
f 332 330 312
f 312 330 310
f 312 310 289
f 289 310 287
f 289 287 265
f 265 287 263
f 265 263 243
f 243 263 241
f 243 241 182
f 182 241 181
f 182 181 111
f 111 181 113
f 111 113 89
f 89 113 91
f 89 91 65
f 65 91 67
f 65 67 42
f 42 67 44
f 42 44 22
f 22 44 24
f 22 24 10
f 10 24 11
f 10 11 21
f 21 11 23
f 21 23 41
f 41 23 43
f 41 43 64
f 64 43 66
f 64 66 88
f 88 66 90
f 88 90 110
f 110 90 112
f 110 112 171
f 171 112 172
f 171 172 242
f 242 172 240
f 242 240 264
f 264 240 262
f 264 262 288
f 288 262 286
f 288 286 311
f 311 286 309
f 311 309 331
f 331 309 329
f 331 329 343
f 343 329 342
f 343 342 332
f 332 342 330
f 330 328 310
f 310 328 308
f 310 308 287
f 287 308 285
f 287 285 263
f 263 285 261
f 263 261 241
f 241 261 239
f 241 239 181
f 181 239 180
f 181 180 113
f 113 180 115
f 113 115 91
f 91 115 93
f 91 93 67
f 67 93 69
f 67 69 44
f 44 69 46
f 44 46 24
f 24 46 26
f 24 26 11
f 11 26 12
f 11 12 23
f 23 12 25
f 23 25 43
f 43 25 45
f 43 45 66
f 66 45 68
f 66 68 90
f 90 68 92
f 90 92 112
f 112 92 114
f 112 114 172
f 172 114 173
f 172 173 240
f 240 173 238
f 240 238 262
f 262 238 260
f 262 260 286
f 286 260 284
f 286 284 309
f 309 284 307
f 309 307 329
f 329 307 327
f 329 327 342
f 342 327 341
f 342 341 330
f 330 341 328
f 328 326 308
f 308 326 306
f 308 306 285
f 285 306 283
f 285 283 261
f 261 283 259
f 261 259 239
f 239 259 237
f 239 237 180
f 180 237 179
f 180 179 115
f 115 179 119
f 115 119 93
f 93 119 97
f 93 97 69
f 69 97 73
f 69 73 46
f 46 73 50
f 46 50 26
f 26 50 30
f 26 30 12
f 12 30 14
f 12 14 25
f 25 14 28
f 25 28 45
f 45 28 48
f 45 48 68
f 68 48 71
f 68 71 92
f 92 71 95
f 92 95 114
f 114 95 117
f 114 117 173
f 173 117 175
f 173 175 238
f 238 175 235
f 238 235 260
f 260 235 257
f 260 257 284
f 284 257 281
f 284 281 307
f 307 281 304
f 307 304 327
f 327 304 324
f 327 324 341
f 341 324 340
f 341 340 328
f 328 340 326
f 7599 7596 7743
f 7272 7490 7501
f 8529 8465 8476
f 8373 8223 8220
f 7667 7655 7652
f 7490 7514 7501
f 7501 7514 7511
f 7501 7511 7502
f 7644 7795 7647
f 7647 7795 7698
f 7647 7698 7652
f 7652 7698 7679
f 7652 7679 7667
f 7783 7909 7793
f 7793 7909 7877
f 7793 7877 7798
f 7976 8181 7995
f 7995 8181 8175
f 8175 8136 7995
f 7995 8136 8047
f 7995 8047 7998
f 7998 8047 8001
f 8373 8349 8223
f 8223 8349 8297
f 8223 8297 8230
f 8230 8297 8233
f 8529 8476 8556
f 8556 8476 8464
f 8556 8464 8559
f 8648 8573 8559
f 8559 8573 8564
f 8559 8564 8556
f 8728 8712 8648
f 8648 8712 8651
f 8648 8651 8573
f 8905 8820 8811
f 8811 8820 8736
f 8811 8736 8724
f 8724 8736 8728
f 8724 8728 8637
f 8637 8728 8648
f 8637 8648 8633
f 8633 8648 8559
f 8633 8559 8539
f 8369 8355 8445
f 8281 8296 8277
f 8277 8296 8171
f 8277 8171 8159
f 7743 7803 7936
f 7936 7803 7916
f 7936 7916 8171
f 8171 7916 8056
f 8171 8056 8159
f 7397 7574 7596
f 7596 7574 7629
f 7596 7629 7743
f 7743 7629 7731
f 7743 7731 7803
f 6796 7055 6828
f 6828 7055 7103
f 6828 7103 6839
f 7294 7116 7283
f 7283 7116 7099
f 7283 7099 7097
f 7502 7294 7501
f 7501 7294 7283
f 7501 7283 7272
f 7272 7283 7097
f 7272 7097 7076
f 7247 7466 7272
f 7272 7466 7481
f 7272 7481 7490
f 7490 7481 7577
f 7490 7577 7514
f 7514 7577 7586
f 7247 7027 7220
f 7220 7027 7011
f 7220 7011 6979
f 7371 7396 7220
f 7220 7396 7422
f 7220 7422 7247
f 7247 7422 7447
f 7247 7447 7466
f 7156 7333 7191
f 7191 7333 7354
f 7266 7397 7293
f 7293 7397 7596
f 7293 7596 7314
f 7314 7596 7599
f 7798 7795 7793
f 7793 7795 7644
f 7793 7644 7783
f 7783 7644 7636
f 7783 7636 7777
f 7777 7636 7634
f 7777 7634 7767
f 7767 7634 7632
f 7767 7632 7762
f 7762 7632 7623
f 7762 7623 7758
f 7758 7623 7616
f 7758 7616 7756
f 7756 7616 7609
f 7756 7609 7753
f 8233 8181 8230
f 8230 8181 7976
f 8230 7976 8223
f 8223 7976 7969
f 8223 7969 8220
f 8220 7969 7962
f 8220 7962 8202
f 8202 7962 7955
f 8202 7955 8194
f 8194 7955 7945
f 8389 8305 8386
f 8386 8305 8296
f 8386 8296 8369
f 8369 8296 8281
f 8369 8281 8355
f 8391 8389 8465
f 8465 8389 8386
f 8465 8386 8476
f 8476 8386 8369
f 8476 8369 8464
f 8464 8369 8445
f 8464 8445 8559
f 8559 8445 8511
f 8559 8511 8539
f 7076 7069 7272
f 7272 7069 7063
f 7272 7063 7247
f 7247 7063 7032
f 7247 7032 7027
f 6979 6974 7220
f 7220 6974 7191
f 7220 7191 7371
f 7371 7191 7354
f 6974 6931 7191
f 7191 6931 6926
f 7191 6926 7156
f 6926 6886 7156
f 7156 6886 6879
f 7156 6879 7103
f 7103 6879 6864
f 7103 6864 6839
f 7655 7586 7652
f 7652 7586 7577
f 7652 7577 7647
f 7647 7577 7481
f 7647 7481 7644
f 7644 7481 7466
f 7644 7466 7636
f 7636 7466 7447
f 7636 7447 7634
f 7634 7447 7422
f 7634 7422 7632
f 7632 7422 7396
f 7632 7396 7623
f 7623 7396 7371
f 7623 7371 7616
f 7616 7371 7354
f 7616 7354 7609
f 7609 7354 7333
f 8001 7909 7998
f 7998 7909 7783
f 7998 7783 7995
f 7995 7783 7777
f 7995 7777 7976
f 7976 7777 7767
f 7976 7767 7969
f 7969 7767 7762
f 7969 7762 7962
f 7962 7762 7758
f 7962 7758 7955
f 7955 7758 7756
f 7955 7756 7945
f 7945 7756 7753
f 8391 8373 8389
f 8389 8373 8220
f 8389 8220 8305
f 8305 8220 8202
f 8305 8202 8296
f 8296 8202 8194
f 8296 8194 8171
f 8171 8194 7945
f 8171 7945 7936
f 7936 7945 7753
f 7936 7753 7743
f 7743 7753 7609
f 7743 7609 7599
f 7599 7609 7333
f 7599 7333 7314
f 7314 7333 7156
f 7314 7156 7293
f 7293 7156 7103
f 7293 7103 7266
f 7266 7103 7055
f 7116 7086 7099
f 7099 7086 7059
f 7099 7059 7097
f 7097 7059 7076
f 7076 7059 7037
f 7076 7037 7069
f 6989 7032 7037
f 7037 7032 7063
f 7037 7063 7069
f 6979 7011 6989
f 6989 7011 7027
f 6989 7027 7032
f 6902 6931 6938
f 6938 6931 6974
f 6938 6974 6979
f 6853 6886 6902
f 6902 6886 6926
f 6902 6926 6931
f 6839 6864 6853
f 6853 6864 6879
f 6853 6879 6886
f 6839 6801 6828
f 6828 6801 6770
f 6828 6770 6796
f 6791 6776 6801
f 6801 6776 6754
f 6801 6754 6770
f 6770 6754 6753
f 6770 6753 6748
f 6839 6853 6801
f 6801 6853 6808
f 6801 6808 6791
f 6884 6869 6902
f 6902 6869 6846
f 6902 6846 6853
f 6853 6846 6816
f 6853 6816 6808
f 6884 6902 6898
f 6898 6902 6938
f 6898 6938 6913
f 6979 6989 6938
f 6938 6989 6936
f 6938 6936 6913
f 7004 6994 7037
f 7037 6994 6984
f 7037 6984 6989
f 6989 6984 6950
f 6989 6950 6936
f 7004 7037 7025
f 7025 7037 7059
f 7025 7059 7029
f 7029 7059 7086
f 7029 7086 7054
f 4178 4185 4238
f 4238 4185 4256
f 4256 4185 4225
f 4256 4225 4297
f 4297 4225 4232
f 4297 4232 4310
f 4310 4232 4244
f 4310 4244 4319
f 4319 4244 4270
f 4319 4270 4337
f 4337 4270 4283
f 4337 4283 4355
f 4355 4283 4318
f 4355 4318 4365
f 4238 4227 4178
f 4178 4227 4209
f 4178 4209 4139
f 4139 4209 4196
f 4139 4196 4133
f 4133 4196 4173
f 4133 4173 4100
f 4100 4173 4167
f 4100 4167 4082
f 4082 4167 4159
f 4082 4159 4077
f 4077 4159 4122
f 4077 4122 4049
f 4049 4122 4117
f 4049 4117 4043
f 4043 4117 4109
f 4043 4109 4038
f 4038 4109 4080
f 4038 4080 4017
f 4017 4080 4078
f 4017 4078 4015
f 4015 4078 4064
f 4015 4064 3997
f 3997 4064 4058
f 2906 2913 3167
f 4017 4015 3831
f 3607 3610 3831
f 2757 2738 2743
f 2572 2651 2647
f 2397 2479 2475
f 4071 4318 4283
f 3721 3842 3819
f 3819 3842 4071
f 3819 4071 4023
f 4023 4071 4283
f 3721 3819 3550
f 3550 3819 3516
f 3550 3516 3538
f 3201 3220 3367
f 3367 3220 3306
f 3367 3306 3376
f 2840 2857 2975
f 2763 2777 2854
f 2682 2663 2672
f 2672 2663 2571
f 2672 2571 2586
f 2586 2571 2494
f 2494 2571 2479
f 2494 2479 2488
f 2488 2479 2397
f 2488 2397 2401
f 2397 2389 2401
f 2401 2389 2365
f 2401 2365 2290
f 2290 2365 2283
f 2290 2283 2221
f 2475 2479 2554
f 2554 2479 2571
f 2554 2571 2563
f 2757 2743 2819
f 2913 2906 2819
f 2955 2903 2906
f 2906 2903 2817
f 2906 2817 2819
f 2819 2817 2775
f 2819 2775 2757
f 3227 3135 3138
f 3138 3135 3089
f 3138 3089 3141
f 3141 3089 2984
f 3141 2984 2961
f 3664 3645 3466
f 3466 3645 3463
f 3466 3463 3313
f 3453 3440 3458
f 3458 3440 3412
f 3458 3412 3463
f 3463 3412 3406
f 3463 3406 3313
f 3535 3526 3453
f 3595 3576 3621
f 3607 3831 3828
f 3828 3831 4015
f 3828 4015 3997
f 4049 4043 3846
f 3846 4043 4038
f 4077 3873 4082
f 4082 3873 3903
f 4082 3903 4100
f 4185 4178 3933
f 3933 4178 4139
f 3933 4139 3903
f 3903 4139 4133
f 3903 4133 4100
f 3971 4225 4185
f 4283 4270 4023
f 4023 4270 4244
f 4023 4244 4232
f 3607 3595 3610
f 3610 3595 3621
f 3610 3621 3831
f 3831 3621 3846
f 3831 3846 4017
f 4017 3846 4038
f 3376 3538 3367
f 3367 3538 3516
f 3367 3516 3513
f 3513 3516 3819
f 3513 3819 3797
f 3797 3819 4023
f 3797 4023 3971
f 3971 4023 4232
f 3971 4232 4225
f 3489 3736 3478
f 3478 3736 3713
f 3478 3713 3476
f 3476 3713 3689
f 3476 3689 3474
f 3348 3489 3343
f 3343 3489 3478
f 3343 3478 3333
f 3333 3478 3476
f 3333 3476 3327
f 3327 3476 3474
f 3327 3474 3317
f 4077 4049 3873
f 3873 4049 3846
f 3873 3846 3630
f 3630 3846 3621
f 3630 3621 3535
f 3535 3621 3576
f 3535 3576 3526
f 3504 3354 3357
f 3357 3354 3181
f 3357 3181 3191
f 3191 3181 2934
f 3191 2934 2942
f 3971 3776 3797
f 3797 3776 3504
f 3797 3504 3513
f 3513 3504 3357
f 3513 3357 3367
f 3367 3357 3191
f 3367 3191 3201
f 3201 3191 2942
f 3201 2942 2965
f 2961 2955 3141
f 3141 2955 2906
f 3141 2906 3160
f 3160 2906 3167
f 2738 2647 2743
f 2743 2647 2651
f 2743 2651 2663
f 2663 2651 2572
f 2663 2572 2571
f 2571 2572 2566
f 2571 2566 2563
f 2831 2763 2840
f 2840 2763 2854
f 2840 2854 2857
f 3453 3458 3535
f 3535 3458 3463
f 3535 3463 3630
f 3630 3463 3645
f 3630 3645 3873
f 3873 3645 3664
f 3873 3664 3903
f 3167 3348 3160
f 3160 3348 3343
f 3160 3343 3141
f 3141 3343 3333
f 3141 3333 3138
f 3138 3333 3327
f 3138 3327 3227
f 3227 3327 3317
f 3227 3317 3233
f 3233 3317 3310
f 4185 3933 3971
f 3971 3933 3756
f 3971 3756 3776
f 3776 3756 3496
f 3776 3496 3504
f 3504 3496 3352
f 3504 3352 3354
f 3354 3352 3174
f 3354 3174 3181
f 3181 3174 2916
f 3181 2916 2934
f 2934 2916 2831
f 2934 2831 2942
f 2942 2831 2840
f 2942 2840 2965
f 2965 2840 2975
f 2965 2975 3201
f 3201 2975 3158
f 3201 3158 3220
f 2682 2777 2663
f 2663 2777 2763
f 2663 2763 2743
f 2743 2763 2831
f 2743 2831 2819
f 2819 2831 2916
f 2819 2916 2913
f 2913 2916 3174
f 2913 3174 3167
f 3167 3174 3352
f 3167 3352 3348
f 3348 3352 3496
f 3348 3496 3489
f 3489 3496 3756
f 3489 3756 3736
f 3736 3756 3933
f 3736 3933 3713
f 3713 3933 3903
f 3713 3903 3689
f 3689 3903 3664
f 3689 3664 3474
f 3474 3664 3466
f 3474 3466 3317
f 3317 3466 3313
f 3317 3313 3310
f 3512 3515 3366
f 3837 3620 3609
f 2596 2661 2650
f 2758 2912 2915
f 3134 3137 3088
f 3442 3454 3457
f 3620 3596 3609
f 3609 3596 3599
f 3609 3599 3608
f 3465 3314 3462
f 3462 3314 3411
f 3462 3411 3457
f 3457 3411 3430
f 3457 3430 3442
f 3326 3226 3316
f 3316 3226 3258
f 3316 3258 3311
f 3159 2954 3140
f 3140 2954 2960
f 3140 2960 3137
f 3137 2960 2999
f 3137 2999 3088
f 2758 2783 2912
f 2912 2783 2838
f 2912 2838 2905
f 2905 2838 2902
f 2596 2650 2573
f 2573 2650 2662
f 2573 2662 2570
f 2478 2553 2570
f 2570 2553 2562
f 2570 2562 2573
f 2398 2414 2478
f 2478 2414 2476
f 2478 2476 2553
f 2194 2282 2291
f 2291 2282 2390
f 2291 2390 2402
f 2402 2390 2398
f 2402 2398 2489
f 2489 2398 2478
f 2489 2478 2492
f 2492 2478 2570
f 2492 2570 2587
f 2762 2776 2681
f 2851 2839 2858
f 2858 2839 2964
f 2858 2964 2976
f 3366 3296 3200
f 3200 3296 3219
f 3200 3219 2964
f 2964 3219 3079
f 2964 3079 2976
f 3686 3537 3515
f 3515 3537 3480
f 3515 3480 3366
f 3366 3480 3378
f 3366 3378 3296
f 4317 4056 4282
f 4282 4056 4011
f 4282 4011 4269
f 3817 3995 3826
f 3826 3995 4014
f 3826 4014 4016
f 3608 3817 3609
f 3609 3817 3826
f 3609 3826 3837
f 3837 3826 4016
f 3837 4016 4037
f 3862 3644 3837
f 3837 3644 3629
f 3837 3629 3620
f 3620 3629 3534
f 3620 3534 3596
f 3596 3534 3525
f 3862 4081 3893
f 3893 4081 4099
f 3893 4099 4132
f 3735 3712 3893
f 3893 3712 3688
f 3893 3688 3862
f 3862 3688 3663
f 3862 3663 3644
f 3953 3775 3920
f 3920 3775 3755
f 3841 3686 3818
f 3818 3686 3515
f 3818 3515 3796
f 3796 3515 3512
f 3311 3314 3316
f 3316 3314 3465
f 3316 3465 3326
f 3326 3465 3473
f 3326 3473 3332
f 3332 3473 3475
f 3332 3475 3342
f 3342 3475 3477
f 3342 3477 3347
f 3347 3477 3488
f 3347 3488 3351
f 3351 3488 3495
f 3351 3495 3353
f 3353 3495 3503
f 3353 3503 3356
f 2902 2954 2905
f 2905 2954 3159
f 2905 3159 2912
f 2912 3159 3166
f 2912 3166 2915
f 2915 3166 3173
f 2915 3173 2933
f 2933 3173 3180
f 2933 3180 2941
f 2941 3180 3190
f 2739 2830 2742
f 2742 2830 2839
f 2742 2839 2762
f 2762 2839 2851
f 2762 2851 2776
f 2737 2739 2661
f 2661 2739 2742
f 2661 2742 2650
f 2650 2742 2762
f 2650 2762 2662
f 2662 2762 2681
f 2662 2681 2570
f 2570 2681 2616
f 2570 2616 2587
f 4037 4042 3837
f 3837 4042 4048
f 3837 4048 3862
f 3862 4048 4076
f 3862 4076 4081
f 4132 4138 3893
f 3893 4138 3920
f 3893 3920 3735
f 3735 3920 3755
f 4138 4177 3920
f 3920 4177 4184
f 3920 4184 3953
f 4184 4224 3953
f 3953 4224 4231
f 3953 4231 4011
f 4011 4231 4243
f 4011 4243 4269
f 3454 3525 3457
f 3457 3525 3534
f 3457 3534 3462
f 3462 3534 3629
f 3462 3629 3465
f 3465 3629 3644
f 3465 3644 3473
f 3473 3644 3663
f 3473 3663 3475
f 3475 3663 3688
f 3475 3688 3477
f 3477 3688 3712
f 3477 3712 3488
f 3488 3712 3735
f 3488 3735 3495
f 3495 3735 3755
f 3495 3755 3503
f 3503 3755 3775
f 3134 3226 3137
f 3137 3226 3326
f 3137 3326 3140
f 3140 3326 3332
f 3140 3332 3159
f 3159 3332 3342
f 3159 3342 3166
f 3166 3342 3347
f 3166 3347 3173
f 3173 3347 3351
f 3173 3351 3180
f 3180 3351 3353
f 3180 3353 3190
f 3190 3353 3356
f 2737 2758 2739
f 2739 2758 2915
f 2739 2915 2830
f 2830 2915 2933
f 2830 2933 2839
f 2839 2933 2941
f 2839 2941 2964
f 2964 2941 3190
f 2964 3190 3200
f 3200 3190 3356
f 3200 3356 3366
f 3366 3356 3503
f 3366 3503 3512
f 3512 3503 3775
f 3512 3775 3796
f 3796 3775 3953
f 3796 3953 3818
f 3818 3953 4011
f 3818 4011 3841
f 3841 4011 4056
f 3995 4026 4014
f 4014 4026 4051
f 4014 4051 4016
f 4016 4051 4037
f 4037 4051 4075
f 4037 4075 4042
f 4121 4076 4075
f 4075 4076 4048
f 4075 4048 4042
f 4132 4099 4121
f 4121 4099 4081
f 4121 4081 4076
f 4208 4177 4171
f 4171 4177 4138
f 4171 4138 4132
f 4252 4224 4208
f 4208 4224 4184
f 4208 4184 4177
f 4269 4243 4252
f 4252 4243 4231
f 4252 4231 4224
f 4269 4314 4282
f 4282 4314 4342
f 4282 4342 4317
f 4322 4336 4314
f 4314 4336 4356
f 4314 4356 4342
f 4342 4356 4358
f 4342 4358 4364
f 4269 4252 4314
f 4314 4252 4304
f 4314 4304 4322
f 4226 4237 4208
f 4208 4237 4258
f 4208 4258 4252
f 4252 4258 4296
f 4252 4296 4304
f 4226 4208 4212
f 4212 4208 4171
f 4212 4171 4195
f 4132 4121 4171
f 4171 4121 4172
f 4171 4172 4195
f 4105 4118 4075
f 4075 4118 4125
f 4075 4125 4121
f 4121 4125 4160
f 4121 4160 4172
f 4105 4075 4083
f 4083 4075 4051
f 4083 4051 4079
f 4079 4051 4026
f 4079 4026 4057
f 6802 6815 6852
f 6944 6951 6988
f 7098 7096 7058
f 6769 6800 6795
f 6795 6800 6827
f 6852 6863 6800
f 6800 6863 6838
f 6800 6838 6827
f 6901 6885 6852
f 6852 6885 6878
f 6852 6878 6863
f 6973 6930 6901
f 6901 6930 6925
f 6901 6925 6885
f 6988 7010 6937
f 6937 7010 6978
f 7068 7062 7036
f 7036 7062 7031
f 7036 7031 6988
f 6988 7031 7026
f 6988 7026 7010
f 7058 7096 7036
f 7036 7096 7075
f 7036 7075 7068
f 7114 7098 7088
f 7088 7098 7058
f 7088 7058 7053
f 7053 7058 7030
f 7036 6993 7005
f 7036 7005 7058
f 7058 7005 7028
f 7058 7028 7030
f 6988 6951 7036
f 7036 6951 6987
f 7036 6987 6993
f 6870 6880 6901
f 6901 6880 6937
f 6901 6937 6973
f 6973 6937 6978
f 6880 6899 6937
f 6937 6899 6912
f 6937 6912 6988
f 6988 6912 6941
f 6988 6941 6944
f 6852 6815 6901
f 6901 6815 6848
f 6901 6848 6870
f 6802 6852 6794
f 6794 6852 6800
f 6794 6800 6777
f 6777 6800 6755
f 6755 6800 6769
f 6755 6769 6747
f 8229 8222 7968
f 7096 7098 7278
f 7503 7500 7278
f 8372 8390 8385
f 8557 8475 8480
f 8729 8647 8652
f 7041 6795 6827
f 7415 7265 7292
f 7292 7265 7041
f 7292 7041 7090
f 7090 7041 6827
f 7415 7292 7560
f 7560 7292 7595
f 7560 7595 7573
f 7935 7915 7742
f 7742 7915 7813
f 7742 7813 7733
f 8295 8278 8160
f 8368 8354 8285
f 8444 8463 8455
f 8455 8463 8558
f 8455 8558 8540
f 8540 8558 8635
f 8635 8558 8647
f 8635 8647 8638
f 8638 8647 8729
f 8638 8729 8725
f 8729 8737 8725
f 8725 8737 8761
f 8725 8761 8812
f 8812 8761 8819
f 8812 8819 8879
f 8652 8647 8572
f 8572 8647 8558
f 8572 8558 8563
f 8372 8385 8315
f 8222 8229 8315
f 8180 8232 8229
f 8229 8232 8317
f 8229 8317 8315
f 8315 8317 8356
f 8315 8356 8372
f 7908 8000 7997
f 7997 8000 8046
f 7997 8046 7994
f 7994 8046 8150
f 7994 8150 8174
f 7446 7465 7643
f 7643 7465 7646
f 7643 7646 7796
f 7656 7669 7651
f 7651 7669 7697
f 7651 7697 7646
f 7646 7697 7703
f 7646 7703 7796
f 7576 7585 7656
f 7515 7534 7489
f 7503 7278 7282
f 7282 7278 7098
f 7282 7098 7114
f 7062 7068 7261
f 7261 7068 7075
f 7031 7238 7026
f 7026 7238 7207
f 7026 7207 7010
f 6925 6930 7175
f 7175 6930 6973
f 7175 6973 7207
f 7207 6973 6978
f 7207 6978 7010
f 7141 6885 6925
f 6827 6838 7090
f 7090 6838 6863
f 7090 6863 6878
f 7503 7515 7500
f 7500 7515 7489
f 7500 7489 7278
f 7278 7489 7261
f 7278 7261 7096
f 7096 7261 7075
f 7733 7573 7742
f 7742 7573 7595
f 7742 7595 7598
f 7598 7595 7292
f 7598 7292 7313
f 7313 7292 7090
f 7313 7090 7141
f 7141 7090 6878
f 7141 6878 6885
f 7622 7370 7631
f 7631 7370 7395
f 7631 7395 7633
f 7633 7395 7421
f 7633 7421 7635
f 7761 7622 7766
f 7766 7622 7631
f 7766 7631 7776
f 7776 7631 7633
f 7776 7633 7782
f 7782 7633 7635
f 7782 7635 7792
f 7031 7062 7238
f 7238 7062 7261
f 7238 7261 7480
f 7480 7261 7489
f 7480 7489 7576
f 7576 7489 7534
f 7576 7534 7585
f 7608 7755 7752
f 7752 7755 7954
f 7752 7954 7944
f 7944 7954 8201
f 7944 8201 8193
f 7141 7332 7313
f 7313 7332 7608
f 7313 7608 7598
f 7598 7608 7752
f 7598 7752 7742
f 7742 7752 7944
f 7742 7944 7935
f 7935 7944 8193
f 7935 8193 8170
f 8174 8180 7994
f 7994 8180 8229
f 7994 8229 7975
f 7975 8229 7968
f 8390 8480 8385
f 8385 8480 8475
f 8385 8475 8463
f 8463 8475 8557
f 8463 8557 8558
f 8558 8557 8560
f 8558 8560 8563
f 8304 8368 8295
f 8295 8368 8285
f 8295 8285 8278
f 7656 7651 7576
f 7576 7651 7646
f 7576 7646 7480
f 7480 7646 7465
f 7480 7465 7238
f 7238 7465 7446
f 7238 7446 7207
f 7968 7761 7975
f 7975 7761 7766
f 7975 7766 7994
f 7994 7766 7776
f 7994 7776 7997
f 7997 7776 7782
f 7997 7782 7908
f 7908 7782 7792
f 7908 7792 7902
f 7902 7792 7799
f 6925 7175 7141
f 7141 7175 7353
f 7141 7353 7332
f 7332 7353 7615
f 7332 7615 7608
f 7608 7615 7757
f 7608 7757 7755
f 7755 7757 7961
f 7755 7961 7954
f 7954 7961 8219
f 7954 8219 8201
f 8201 8219 8304
f 8201 8304 8193
f 8193 8304 8295
f 8193 8295 8170
f 8170 8295 8160
f 8170 8160 7935
f 7935 8160 7977
f 7935 7977 7915
f 8444 8354 8463
f 8463 8354 8368
f 8463 8368 8385
f 8385 8368 8304
f 8385 8304 8315
f 8315 8304 8219
f 8315 8219 8222
f 8222 8219 7961
f 8222 7961 7968
f 7968 7961 7757
f 7968 7757 7761
f 7761 7757 7615
f 7761 7615 7622
f 7622 7615 7353
f 7622 7353 7370
f 7370 7353 7175
f 7370 7175 7395
f 7395 7175 7207
f 7395 7207 7421
f 7421 7207 7446
f 7421 7446 7635
f 7635 7446 7643
f 7635 7643 7792
f 7792 7643 7796
f 7792 7796 7799
f 7415 3686 3841
f 4342 4364 6747
f 4342 6747 4317
f 6747 6769 4317
f 4317 6769 6795
f 4317 6795 7041
f 3841 4056 7415
f 7415 4056 4317
f 7415 4317 7265
f 7265 4317 7041
f 3296 3378 7813
f 7813 3378 3480
f 7813 3480 7733
f 3686 7415 3537
f 3537 7415 7560
f 3537 7560 3480
f 3480 7560 7573
f 3480 7573 7733
f 8285 2851 2858
f 2858 2976 8285
f 8285 2976 3079
f 8285 3079 8278
f 8278 3079 8160
f 3296 7813 3219
f 3219 7813 7915
f 3219 7915 3079
f 3079 7915 7977
f 3079 7977 8160
f 8444 8455 2616
f 8444 2616 8354
f 8354 2616 2681
f 8354 2681 8285
f 8285 2681 2776
f 8285 2776 2851
f 8455 8540 2616
f 2616 8540 8635
f 2616 8635 2587
f 8879 2194 2291
f 2291 2402 8879
f 8879 2402 2489
f 8879 2489 8812
f 2587 8635 2492
f 2492 8635 8638
f 2492 8638 2489
f 2489 8638 8725
f 2489 8725 8812
f 2401 2290 8811
f 8811 2290 2221
f 8811 2221 8905
f 8811 8724 2401
f 2401 8724 8637
f 2401 8637 2488
f 2488 8637 8633
f 2488 8633 2494
f 8445 2854 2777
f 8445 2777 8511
f 8511 2777 2682
f 8511 2682 2672
f 8633 8539 2494
f 2494 8539 8511
f 2494 8511 2586
f 2586 8511 2672
f 8445 8355 2854
f 2854 8355 8281
f 2854 8281 8277
f 7803 3306 7916
f 7916 3306 3220
f 7916 3220 8056
f 8056 3220 3158
f 8056 3158 2975
f 8277 8159 2854
f 2854 8159 8056
f 2854 8056 2857
f 2857 8056 2975
f 7803 7731 3306
f 3306 7731 7629
f 3306 7629 3376
f 3376 7629 3538
f 3538 7629 3550
f 3550 7629 7574
f 3550 7574 3721
f 3721 7574 7397
f 3721 7397 7266
f 6770 6748 4365
f 6770 4365 6796
f 6796 4365 4318
f 6796 4318 4071
f 7266 7055 3721
f 3721 7055 6796
f 3721 6796 3842
f 3842 6796 4071
f 5592 5589 5672
f 5588 5536 5670
f 7873 7974 8018
f 5598 5596 5674
f 5674 5596 5592
f 5677 5600 5598
f 5602 5603 5679
f 5679 5603 5600
f 5683 5601 5602
f 5685 5595 5601
f 5595 5685 5594
f 5594 5685 5687
f 5594 5687 5535
f 6436 6315 6002
f 6002 6315 6004
f 6002 6004 5685
f 5685 6004 5783
f 5685 5783 5687
f 7530 7532 6908
f 6908 7532 6916
f 6908 6916 6436
f 6436 6916 6440
f 6436 6440 6315
f 8104 7957 7951
f 7951 7957 7880
f 7951 7880 7737
f 7737 7880 7739
f 7737 7739 7530
f 7530 7739 7606
f 7530 7606 7532
f 5601 5683 5685
f 5685 5683 5997
f 5685 5997 6002
f 6002 5997 6428
f 6002 6428 6436
f 6436 6428 6892
f 6436 6892 6908
f 6908 6892 7518
f 6908 7518 7530
f 7530 7518 7734
f 7530 7734 7737
f 7737 7734 7942
f 7737 7942 7951
f 7951 7942 8101
f 7951 8101 8104
f 5602 5679 5683
f 5683 5679 5993
f 5683 5993 5997
f 5997 5993 6410
f 5997 6410 6428
f 6428 6410 6868
f 6428 6868 6892
f 6892 6868 7504
f 6892 7504 7518
f 7518 7504 7722
f 7518 7722 7734
f 7734 7722 7918
f 7734 7918 7942
f 7942 7918 8089
f 7942 8089 8101
f 5600 5677 5679
f 5679 5677 5991
f 5679 5991 5993
f 5993 5991 6408
f 5993 6408 6410
f 6410 6408 6847
f 6410 6847 6868
f 6868 6847 7491
f 6868 7491 7504
f 7504 7491 7710
f 7504 7710 7722
f 7722 7710 7903
f 7722 7903 7918
f 7918 7903 8061
f 7918 8061 8089
f 5598 5674 5677
f 5677 5674 5977
f 5677 5977 5991
f 5991 5977 6394
f 5991 6394 6408
f 6408 6394 6805
f 6408 6805 6847
f 6847 6805 7462
f 6847 7462 7491
f 7491 7462 7680
f 7491 7680 7710
f 7710 7680 7884
f 7710 7884 7903
f 7903 7884 8049
f 7903 8049 8061
f 5592 5672 5674
f 5674 5672 5969
f 5674 5969 5977
f 5977 5969 6390
f 5977 6390 6394
f 6394 6390 6774
f 6394 6774 6805
f 6805 6774 7388
f 6805 7388 7462
f 7462 7388 7663
f 7462 7663 7680
f 7680 7663 7873
f 7680 7873 7884
f 7884 7873 8018
f 7884 8018 8049
f 7952 7974 7828
f 7828 7974 7873
f 7828 7873 7653
f 7653 7873 7663
f 7653 7663 7350
f 7350 7663 7388
f 7350 7388 6751
f 6751 7388 6774
f 6751 6774 6375
f 6375 6774 6390
f 6375 6390 5957
f 5957 6390 5969
f 5957 5969 5670
f 5670 5969 5672
f 5670 5672 5588
f 5588 5672 5589
f 4790 4673 4677
f 4677 4673 4200
f 5424 5601 5595
f 5430 5600 5603
f 5433 5596 5598
f 5588 5589 5435
f 5435 5589 5592
f 3251 3117 3161
f 3232 3086 3117
f 3217 3074 3086
f 3193 3046 3074
f 3046 3184 3034
f 3034 3184 3177
f 3034 3177 3030
f 3580 3494 3372
f 3372 3494 3369
f 3372 3369 3184
f 3184 3369 3243
f 3184 3243 3177
f 4673 4193 4200
f 4200 4193 4166
f 4200 4166 3580
f 3580 4166 3577
f 3580 3577 3494
f 4790 4677 5098
f 5098 4677 5101
f 5098 5101 5307
f 5307 5101 5422
f 5307 5422 5419
f 5419 5422 5594
f 5419 5594 5535
f 3046 3193 3184
f 3184 3193 3375
f 3184 3375 3372
f 3372 3375 3592
f 3372 3592 3580
f 3580 3592 4220
f 3580 4220 4200
f 4200 4220 4685
f 4200 4685 4677
f 4677 4685 5106
f 4677 5106 5101
f 5101 5106 5424
f 5101 5424 5422
f 5422 5424 5595
f 5422 5595 5594
f 3074 3217 3193
f 3193 3217 3387
f 3193 3387 3375
f 3375 3387 3606
f 3375 3606 3592
f 3592 3606 4239
f 3592 4239 4220
f 4220 4239 4704
f 4220 4704 4685
f 4685 4704 5110
f 4685 5110 5106
f 5106 5110 5428
f 5106 5428 5424
f 5424 5428 5602
f 5424 5602 5601
f 3086 3232 3217
f 3217 3232 3399
f 3217 3399 3387
f 3387 3399 3619
f 3387 3619 3606
f 3606 3619 4257
f 3606 4257 4239
f 4239 4257 4706
f 4239 4706 4704
f 4704 4706 5112
f 4704 5112 5110
f 5110 5112 5430
f 5110 5430 5428
f 5428 5430 5603
f 5428 5603 5602
f 3117 3251 3232
f 3232 3251 3429
f 3232 3429 3399
f 3399 3429 3648
f 3399 3648 3619
f 3619 3648 4308
f 3619 4308 4257
f 4257 4308 4720
f 4257 4720 4706
f 4706 4720 5126
f 4706 5126 5112
f 5112 5126 5433
f 5112 5433 5430
f 5430 5433 5598
f 5430 5598 5600
f 3161 3262 3251
f 3251 3262 3446
f 3251 3446 3429
f 3429 3446 3720
f 3429 3720 3648
f 3648 3720 4339
f 3648 4339 4308
f 4308 4339 4724
f 4308 4724 4720
f 4720 4724 5134
f 4720 5134 5126
f 5126 5134 5435
f 5126 5435 5433
f 5433 5435 5592
f 5433 5592 5596
f 5536 5588 5436
f 5436 5588 5435
f 5436 5435 5145
f 5145 5435 5134
f 5145 5134 4738
f 4738 5134 4724
f 4738 4724 4359
f 4359 4724 4339
f 4359 4339 3758
f 3758 4339 3720
f 3758 3720 3455
f 3455 3720 3446
f 3455 3446 3280
f 3280 3446 3262
f 3280 3262 3182
f 3182 3262 3161
f 7117 7116 7541
f 7541 7116 7294
f 7541 7294 7502
f 7586 7671 7514
f 7514 7671 7541
f 7514 7541 7511
f 7511 7541 7502
f 8575 8573 8690
f 8690 8573 8651
f 8690 8651 8906
f 8906 8651 8712
f 8906 8712 8728
f 8728 8736 8906
f 8906 8736 8820
f 8906 8820 8905
f 8233 8432 8181
f 8181 8432 8173
f 8181 8173 8175
f 8233 8297 8432
f 8432 8297 8349
f 8432 8349 8575
f 8575 8349 8373
f 8373 8391 8575
f 8575 8391 8465
f 8575 8465 8529
f 8529 8556 8575
f 8575 8556 8564
f 8575 8564 8573
f 7586 7655 7671
f 7671 7655 7667
f 7671 7667 7806
f 7806 7667 7679
f 7806 7679 7698
f 7909 8001 8173
f 7698 7795 7806
f 7806 7795 7798
f 7806 7798 8173
f 8173 7798 7877
f 8173 7877 7909
f 8001 8047 8173
f 8173 8047 8136
f 8173 8136 8175
f 7086 7116 7117
f 6657 6659 6817
f 6817 6659 6895
f 6817 6895 7117
f 7117 6895 7054
f 7117 7054 7086
f 6404 6316 6272
f 6382 6349 6595
f 6776 6791 6645
f 6913 6936 6736
f 6895 6659 6653
f 6417 6402 6396
f 6239 6217 6180
f 6180 6349 6239
f 6239 6349 6382
f 6239 6382 6330
f 6330 6382 6372
f 6659 6657 6653
f 6653 6657 6496
f 6653 6496 6640
f 6640 6496 6483
f 6640 6483 6454
f 6950 6984 6757
f 6757 6984 6994
f 6757 6994 7004
f 6936 6950 6736
f 6736 6950 6757
f 6736 6757 6640
f 6640 6757 7004
f 6640 7004 6653
f 6653 7004 7025
f 6653 7025 6895
f 6895 7025 7029
f 6895 7029 7054
f 6685 6869 6715
f 6715 6869 6884
f 6715 6884 6898
f 6791 6808 6645
f 6645 6808 6816
f 6645 6816 6685
f 6685 6816 6846
f 6685 6846 6869
f 6712 6748 6753
f 6754 6621 6753
f 6753 6621 6616
f 6753 6616 6712
f 6329 6451 6459
f 6459 6451 6491
f 6205 6029 6168
f 6168 6029 6018
f 6168 6018 6108
f 6108 6018 6011
f 6108 6011 5999
f 6321 6329 6335
f 6335 6329 6459
f 6335 6459 6380
f 6163 6123 6316
f 6316 6123 6120
f 6120 6099 6316
f 6316 6099 6095
f 6316 6095 6272
f 6095 6076 6272
f 6272 6076 6069
f 6272 6069 6205
f 6205 6069 6040
f 6205 6040 6029
f 6168 6321 6205
f 6205 6321 6335
f 6205 6335 6272
f 6272 6335 6380
f 6272 6380 6404
f 6898 6913 6715
f 6715 6913 6736
f 6715 6736 6618
f 6618 6736 6640
f 6618 6640 6396
f 6396 6640 6454
f 6396 6454 6417
f 6754 6776 6621
f 6621 6776 6645
f 6621 6645 6490
f 6490 6645 6685
f 6490 6685 6547
f 6547 6685 6715
f 6547 6715 6595
f 6595 6715 6618
f 6595 6618 6382
f 6382 6618 6396
f 6382 6396 6372
f 6372 6396 6402
f 6180 6163 6349
f 6349 6163 6316
f 6349 6316 6595
f 6595 6316 6404
f 6595 6404 6547
f 6547 6404 6380
f 6547 6380 6490
f 6490 6380 6459
f 6490 6459 6621
f 6621 6459 6491
f 6621 6491 6616
f 5976 5943 6007
f 6029 6040 5971
f 5835 5804 5821
f 5802 5795 5773
f 5714 5703 5716
f 5823 5832 5858
f 5858 5832 5855
f 5858 5855 5862
f 5773 5777 5789
f 5789 5777 5803
f 5789 5803 5823
f 5823 5803 5818
f 5823 5818 5832
f 5716 5735 5773
f 5773 5735 5751
f 5773 5751 5777
f 5795 5776 5773
f 5773 5776 5767
f 5773 5767 5716
f 5716 5767 5755
f 5716 5755 5714
f 5835 5821 5840
f 5892 5879 5906
f 5906 5879 5868
f 5906 5868 5851
f 5976 5989 5981
f 6083 6079 6060
f 6060 6079 6037
f 6060 6037 6031
f 6031 6037 6019
f 6031 6019 6012
f 6060 6123 6083
f 6083 6123 6163
f 6083 6163 6097
f 6097 6163 6180
f 6097 6180 6111
f 6111 6180 6217
f 6076 6095 6031
f 6031 6095 6099
f 6031 6099 6060
f 6060 6099 6120
f 6060 6120 6123
f 5911 5999 5940
f 5940 5999 6011
f 5940 6011 6018
f 6069 6076 6007
f 6007 6076 6031
f 6007 6031 5976
f 5976 6031 6012
f 5976 6012 5989
f 5802 5773 5804
f 5804 5773 5789
f 5804 5789 5821
f 5821 5789 5823
f 5821 5823 5849
f 5849 5823 5858
f 5849 5858 5872
f 5872 5858 5862
f 5872 5862 5940
f 5940 5862 5880
f 5940 5880 5911
f 5981 5960 5976
f 5976 5960 5892
f 5976 5892 5943
f 5943 5892 5906
f 5943 5906 6007
f 6007 5906 5971
f 6007 5971 6069
f 6069 5971 6040
f 6018 6029 5940
f 5940 6029 5971
f 5940 5971 5872
f 5872 5971 5906
f 5872 5906 5849
f 5849 5906 5851
f 5849 5851 5821
f 5821 5851 5847
f 5821 5847 5840
f 4668 4598 6748
f 4955 4797 6748
f 6748 4797 4783
f 6748 4783 4668
f 4598 4509 6748
f 6748 4509 4388
f 6748 4388 4365
f 4955 6748 4995
f 4995 6748 6712
f 4995 6712 6616
f 6616 6491 4995
f 4995 6491 6451
f 4995 6451 6329
f 5999 5105 6108
f 6108 5105 4995
f 6329 6321 4995
f 4995 6321 6168
f 4995 6168 6108
f 4942 4899 4934
f 5035 5096 5075
f 5089 5092 5166
f 5089 5166 5073
f 4988 4989 5048
f 5048 4989 5006
f 5048 5006 5075
f 5075 5006 5014
f 5075 5014 5035
f 5075 5067 5048
f 5048 5067 5028
f 5048 5028 5027
f 4988 5048 4943
f 4943 5048 5027
f 4943 5027 4934
f 4934 5027 5010
f 4934 5010 4942
f 5123 5115 5128
f 5128 5115 5114
f 5224 5214 5162
f 5162 5214 5185
f 5162 5185 5128
f 5128 5185 5144
f 5128 5144 5123
f 5203 5255 5250
f 5334 5308 5298
f 5334 5298 5318
f 5334 5341 5331
f 5331 5324 5334
f 5334 5324 5321
f 5334 5321 5308
f 5325 5328 5318
f 5318 5328 5359
f 5318 5359 5334
f 5334 5359 5365
f 5334 5365 5341
f 5341 5365 5392
f 5341 5392 5351
f 5351 5392 5397
f 5351 5397 5405
f 5325 5318 5300
f 5300 5318 5281
f 5300 5281 5284
f 5284 5281 5265
f 5265 5281 5249
f 5265 5249 5252
f 5092 5105 5166
f 5166 5105 5197
f 5166 5197 5225
f 5066 5073 5133
f 5133 5073 5166
f 5133 5166 5235
f 5235 5166 5225
f 5235 5225 5245
f 5298 5283 5318
f 5318 5283 5257
f 5318 5257 5281
f 5281 5257 5235
f 5281 5235 5249
f 5249 5235 5245
f 5249 5245 5252
f 5035 5066 5096
f 5096 5066 5133
f 5096 5133 5203
f 5203 5133 5235
f 5203 5235 5255
f 5255 5235 5257
f 5255 5257 5259
f 5259 5257 5283
f 5259 5283 5268
f 5268 5283 5298
f 5250 5224 5203
f 5203 5224 5162
f 5203 5162 5096
f 5096 5162 5128
f 5096 5128 5075
f 5075 5128 5114
f 5075 5114 5067
f 4117 4122 4475
f 4159 4167 4375
f 4238 4256 4442
f 4337 4355 4498
f 4598 4668 4655
f 5089 5073 4914
f 5066 5035 4848
f 4988 4943 4775
f 4218 4058 4064
f 4064 4078 4218
f 4218 4078 4080
f 4218 4080 4458
f 4719 4715 4696
f 4645 4633 4475
f 4475 4633 4605
f 4475 4605 4470
f 4470 4605 4459
f 4934 4899 4871
f 4943 4934 4775
f 4775 4934 4871
f 4775 4871 4735
f 4735 4871 4787
f 4735 4787 4719
f 4719 4787 4734
f 4719 4734 4715
f 5014 5006 4800
f 4800 5006 4989
f 4783 4797 4784
f 4784 4797 4955
f 4598 4655 4509
f 4509 4498 4388
f 4388 4498 4355
f 4388 4355 4365
f 4509 4655 4498
f 4498 4655 4472
f 4498 4472 4337
f 4297 4310 4472
f 4472 4310 4319
f 4472 4319 4337
f 4256 4297 4442
f 4442 4297 4472
f 4442 4472 4625
f 4625 4472 4655
f 4625 4655 4784
f 4784 4655 4668
f 4784 4668 4783
f 4167 4173 4375
f 4375 4173 4196
f 4375 4196 4399
f 4399 4196 4209
f 4399 4209 4227
f 5035 5014 4848
f 4848 5014 4800
f 4848 4800 4714
f 4714 4800 4665
f 4714 4665 4529
f 4529 4665 4499
f 4989 4988 4800
f 4800 4988 4775
f 4800 4775 4665
f 4665 4775 4735
f 4665 4735 4499
f 4499 4735 4719
f 4499 4719 4475
f 4475 4719 4696
f 4475 4696 4645
f 4227 4238 4399
f 4399 4238 4442
f 4399 4442 4577
f 4577 4442 4625
f 4577 4625 4737
f 4737 4625 4784
f 4737 4784 4914
f 4914 4784 4955
f 4914 4955 5089
f 5089 4955 4995
f 5089 4995 5092
f 5092 4995 5105
f 4122 4159 4475
f 4475 4159 4375
f 4475 4375 4499
f 4499 4375 4399
f 4499 4399 4529
f 4529 4399 4577
f 4529 4577 4714
f 4714 4577 4737
f 4714 4737 4848
f 4848 4737 4914
f 4848 4914 5066
f 5066 4914 5073
f 4459 4458 4470
f 4470 4458 4080
f 4470 4080 4475
f 4475 4080 4109
f 4475 4109 4117
f 4218 4458 4294
f 4218 4294 4058
f 4058 4294 3998
f 4058 3998 3997
f 2221 2283 2222
f 2222 2283 2365
f 2222 2365 2389
f 3453 3526 3439
f 3439 3526 3570
f 3570 3526 3576
f 3570 3576 3595
f 3997 3998 3828
f 3828 3998 3570
f 3828 3570 3607
f 3607 3570 3595
f 2984 3089 2963
f 2963 3089 3135
f 2963 3135 3227
f 3313 3304 3310
f 3310 3304 2963
f 3310 2963 3233
f 3233 2963 3227
f 3313 3406 3304
f 3304 3406 3412
f 3304 3412 3439
f 3439 3412 3440
f 3439 3440 3453
f 2389 2397 2222
f 2222 2397 2475
f 2222 2475 2440
f 2440 2475 2554
f 2440 2554 2552
f 2552 2554 2563
f 2552 2563 2566
f 2566 2572 2552
f 2552 2572 2647
f 2552 2647 2738
f 2738 2757 2552
f 2552 2757 2775
f 2552 2775 2695
f 2695 2775 2817
f 2817 2903 2695
f 2695 2903 2955
f 2695 2955 2963
f 2963 2955 2961
f 2963 2961 2984
f 2999 2960 2962
f 2282 2194 2195
f 3996 3995 3569
f 3569 3995 3817
f 3569 3817 3608
f 3525 3438 3596
f 3596 3438 3569
f 3596 3569 3599
f 3599 3569 3608
f 2282 2195 2390
f 2551 2476 2439
f 2439 2476 2414
f 2439 2414 2195
f 2195 2414 2398
f 2195 2398 2390
f 2962 2960 2694
f 2694 2960 2954
f 2694 2954 2902
f 2902 2838 2694
f 2694 2838 2783
f 2694 2783 2551
f 2551 2783 2758
f 2551 2758 2737
f 2737 2661 2551
f 2551 2661 2596
f 2551 2596 2573
f 2573 2562 2551
f 2551 2562 2553
f 2551 2553 2476
f 3525 3454 3438
f 3438 3454 3442
f 3438 3442 3303
f 3303 3442 3430
f 3303 3430 3411
f 3411 3314 3303
f 3303 3314 3311
f 3303 3311 2962
f 2962 3311 3258
f 2962 3258 3226
f 3226 3134 2962
f 2962 3134 3088
f 2962 3088 2999
f 4026 3995 3996
f 4457 4456 4295
f 4295 4456 4217
f 4295 4217 3996
f 3996 4217 4057
f 3996 4057 4026
f 4709 4799 4842
f 4731 4765 4523
f 4336 4322 4471
f 4195 4172 4373
f 4217 4456 4462
f 4697 4710 4718
f 4876 4898 4933
f 4933 4765 4876
f 4876 4765 4731
f 4876 4731 4785
f 4785 4731 4742
f 4456 4457 4462
f 4462 4457 4619
f 4462 4619 4474
f 4474 4619 4632
f 4474 4632 4660
f 4160 4125 4352
f 4352 4125 4118
f 4352 4118 4105
f 4172 4160 4373
f 4373 4160 4352
f 4373 4352 4474
f 4474 4352 4105
f 4474 4105 4462
f 4462 4105 4083
f 4462 4083 4217
f 4217 4083 4079
f 4217 4079 4057
f 4428 4237 4396
f 4396 4237 4226
f 4396 4226 4212
f 4322 4304 4471
f 4471 4304 4296
f 4471 4296 4428
f 4428 4296 4258
f 4428 4258 4237
f 4400 4364 4358
f 4356 4494 4358
f 4358 4494 4500
f 4358 4500 4400
f 4786 4661 4654
f 4654 4661 4623
f 4795 4786 4779
f 4779 4786 4654
f 4779 4654 4732
f 4948 4987 4799
f 4799 4987 4990
f 5032 4842 5013
f 5013 4842 4799
f 5013 4799 5009
f 5009 4799 4990
f 5032 5039 4842
f 4842 5039 5065
f 4842 5065 4909
f 4909 5065 5076
f 4909 5076 4944
f 4944 5076 5084
f 4944 5084 5000
f 5000 5084 5091
f 5000 5091 5104
f 4944 4795 4909
f 4909 4795 4779
f 4909 4779 4842
f 4842 4779 4732
f 4842 4732 4709
f 4212 4195 4396
f 4396 4195 4373
f 4396 4373 4497
f 4497 4373 4474
f 4497 4474 4718
f 4718 4474 4660
f 4718 4660 4697
f 4356 4336 4494
f 4494 4336 4471
f 4494 4471 4624
f 4624 4471 4428
f 4624 4428 4567
f 4567 4428 4396
f 4567 4396 4523
f 4523 4396 4497
f 4523 4497 4731
f 4731 4497 4718
f 4731 4718 4742
f 4742 4718 4710
f 4933 4948 4765
f 4765 4948 4799
f 4765 4799 4523
f 4523 4799 4709
f 4523 4709 4567
f 4567 4709 4732
f 4567 4732 4624
f 4624 4732 4654
f 4624 4654 4494
f 4494 4654 4623
f 4494 4623 4500
f 5127 5161 5095
f 5076 5065 5132
f 5267 5299 5282
f 5301 5310 5333
f 5393 5404 5391
f 5280 5271 5248
f 5248 5271 5251
f 5248 5251 5244
f 5333 5329 5317
f 5317 5329 5297
f 5317 5297 5280
f 5280 5297 5285
f 5280 5285 5271
f 5391 5372 5333
f 5333 5372 5356
f 5333 5356 5329
f 5310 5330 5333
f 5333 5330 5339
f 5333 5339 5391
f 5391 5339 5352
f 5391 5352 5393
f 5267 5282 5264
f 5215 5227 5202
f 5202 5227 5238
f 5202 5238 5254
f 5127 5113 5121
f 5083 5090 5074
f 5083 5074 5068
f 5068 5074 5047
f 5068 5047 5029
f 5029 5047 4987
f 5029 4987 4948
f 4898 4997 4933
f 4933 4997 5011
f 4933 5011 4948
f 4948 5011 5024
f 4948 5024 5029
f 5032 5013 5074
f 5074 5013 5009
f 5074 5009 5047
f 5047 5009 4990
f 5047 4990 4987
f 5196 5104 5165
f 5165 5104 5091
f 5165 5091 5084
f 5039 5032 5095
f 5095 5032 5074
f 5095 5074 5127
f 5127 5074 5090
f 5127 5090 5113
f 5301 5333 5299
f 5299 5333 5317
f 5299 5317 5282
f 5282 5317 5280
f 5282 5280 5256
f 5256 5280 5248
f 5256 5248 5234
f 5234 5248 5244
f 5234 5244 5165
f 5165 5244 5226
f 5165 5226 5196
f 5121 5143 5127
f 5127 5143 5215
f 5127 5215 5161
f 5161 5215 5202
f 5161 5202 5095
f 5095 5202 5132
f 5095 5132 5039
f 5039 5132 5065
f 5084 5076 5165
f 5165 5076 5132
f 5165 5132 5234
f 5234 5132 5202
f 5234 5202 5256
f 5256 5202 5254
f 5256 5254 5282
f 5282 5254 5258
f 5282 5258 5264
f 6166 6322 4364
f 6322 6331 4364
f 4364 6331 6452
f 4364 6452 6517
f 6517 6615 4364
f 4364 6615 6725
f 4364 6725 6747
f 6166 4364 6115
f 6115 4364 4400
f 6115 4400 4500
f 4500 4623 6115
f 6115 4623 4661
f 6115 4661 4786
f 5104 5998 5000
f 5000 5998 6115
f 4786 4795 6115
f 6115 4795 4944
f 6115 4944 5000
f 5710 5702 5756
f 6171 6216 6179
f 6013 6010 5939
f 6013 5939 6032
f 6102 6094 6030
f 6030 6094 6073
f 6030 6073 6006
f 6122 6121 6059
f 6059 6121 6102
f 6038 6080 6059
f 6059 6080 6084
f 6171 6179 6112
f 6122 6059 6169
f 6169 6059 6084
f 6169 6084 6179
f 6179 6084 6098
f 6179 6098 6112
f 5975 5988 5990
f 6102 6030 6059
f 6059 6030 6020
f 6059 6020 6038
f 5882 5893 5942
f 5942 5893 5959
f 5942 5959 5975
f 5975 5959 5987
f 5975 5987 5988
f 5905 5850 5856
f 5772 5796 5806
f 5772 5806 5788
f 5765 5775 5772
f 5772 5775 5785
f 5772 5785 5796
f 5710 5756 5715
f 5715 5756 5765
f 5715 5765 5742
f 5742 5765 5772
f 5742 5772 5748
f 5748 5772 5788
f 5748 5788 5778
f 5822 5805 5788
f 5788 5805 5781
f 5788 5781 5778
f 5861 5854 5857
f 5857 5854 5837
f 5857 5837 5822
f 5822 5837 5819
f 5822 5819 5805
f 6010 5998 5939
f 5939 5998 5910
f 5939 5910 5881
f 6039 6032 5970
f 5970 6032 5939
f 5970 5939 5871
f 5871 5939 5881
f 5871 5881 5861
f 5861 5857 5871
f 5871 5857 5822
f 5871 5822 5848
f 5848 5822 5788
f 5848 5788 5820
f 5820 5788 5806
f 5820 5806 5838
f 6073 6039 6006
f 6006 6039 5970
f 6006 5970 5905
f 5905 5970 5871
f 5905 5871 5850
f 5850 5871 5848
f 5850 5848 5846
f 5846 5848 5820
f 5846 5820 5839
f 5839 5820 5838
f 5856 5882 5905
f 5905 5882 5942
f 5905 5942 6006
f 6006 5942 5975
f 6006 5975 6030
f 6030 5975 5990
f 6030 5990 6020
f 6122 6169 6354
f 6039 6073 6273
f 6993 6987 6641
f 6013 6032 6206
f 7053 7030 6894
f 6894 7030 7028
f 6894 7028 6658
f 6397 6403 6427
f 6469 6481 6641
f 6641 6481 6510
f 6641 6510 6655
f 6655 6510 6656
f 6179 6216 6244
f 6169 6179 6354
f 6354 6179 6244
f 6354 6244 6383
f 6383 6244 6328
f 6383 6328 6397
f 6397 6328 6378
f 6397 6378 6403
f 6452 6331 6336
f 6336 6331 6322
f 6336 6322 6166
f 6615 6517 6460
f 6747 6725 6755
f 6755 6725 6622
f 6755 6622 6777
f 6777 6622 6646
f 6777 6646 6794
f 6686 6815 6646
f 6646 6815 6802
f 6646 6802 6794
f 6899 6880 6686
f 6880 6870 6686
f 6686 6870 6848
f 6686 6848 6815
f 6912 6717 6737
f 6951 6944 6737
f 6737 6944 6941
f 6737 6941 6912
f 6656 6658 6655
f 6655 6658 7028
f 6655 7028 6641
f 6641 7028 7005
f 6641 7005 6993
f 6094 6102 6317
f 6317 6102 6121
f 6517 6452 6460
f 6460 6452 6336
f 6460 6336 6492
f 6725 6615 6622
f 6622 6615 6460
f 6622 6460 6646
f 6646 6460 6492
f 6646 6492 6686
f 6073 6094 6273
f 6273 6094 6317
f 6273 6317 6405
f 6405 6317 6453
f 6405 6453 6599
f 6599 6453 6620
f 6121 6122 6317
f 6317 6122 6354
f 6317 6354 6453
f 6453 6354 6383
f 6453 6383 6620
f 6620 6383 6397
f 6620 6397 6641
f 6641 6397 6427
f 6641 6427 6469
f 6912 6899 6717
f 6717 6899 6686
f 6717 6686 6549
f 6549 6686 6492
f 6549 6492 6381
f 6381 6492 6336
f 6381 6336 6206
f 6206 6336 6166
f 6206 6166 6013
f 6013 6166 6115
f 6013 6115 6010
f 6010 6115 5998
f 6987 6951 6641
f 6641 6951 6737
f 6641 6737 6620
f 6620 6737 6717
f 6620 6717 6599
f 6599 6717 6549
f 6599 6549 6405
f 6405 6549 6381
f 6405 6381 6273
f 6273 6381 6206
f 6273 6206 6039
f 6039 6206 6032
f 6658 6656 6818
f 7114 7088 7115
f 7115 7088 7053
f 7115 7053 6818
f 6818 7053 6894
f 6818 6894 6658
f 8879 8819 8880
f 8880 8819 8761
f 8880 8761 8737
f 8737 8729 8880
f 8880 8729 8652
f 8880 8652 8689
f 8689 8652 8572
f 8689 8572 8574
f 7656 7585 7670
f 7670 7585 7540
f 7540 7585 7534
f 7540 7534 7515
f 7114 7115 7282
f 7282 7115 7540
f 7282 7540 7503
f 7503 7540 7515
f 8150 8046 8172
f 8172 8046 8000
f 8172 8000 7908
f 7796 7805 7799
f 7799 7805 8172
f 7799 8172 7902
f 7902 8172 7908
f 7796 7703 7805
f 7805 7703 7697
f 7805 7697 7670
f 7670 7697 7669
f 7670 7669 7656
f 8572 8563 8574
f 8574 8563 8560
f 8574 8560 8557
f 8557 8480 8574
f 8574 8480 8390
f 8574 8390 8372
f 8372 8356 8574
f 8574 8356 8317
f 8574 8317 8431
f 8317 8232 8431
f 8431 8232 8180
f 8431 8180 8172
f 8172 8180 8174
f 8172 8174 8150
f 2054 2195 2053
f 2053 2195 2194
f 2053 2194 2084
f 2084 2194 2087
f 8880 9019 8879
f 8879 9019 9018
f 5670 5537 5664
f 5137 3280 5018
f 5018 3280 3182
f 5018 3182 4902
f 4902 3182 2977
f 2977 2917 4902
f 4902 2917 2782
f 4902 2782 4853
f 4853 2782 2740
f 4853 2740 2640
f 5274 3758 5137
f 5137 3758 3455
f 5137 3455 3280
f 5440 4738 5274
f 5274 4738 4359
f 5274 4359 3758
f 5670 5536 5537
f 5537 5536 5436
f 5537 5436 5440
f 5440 5436 5145
f 5440 5145 4738
f 5963 6087 7828
f 5538 2194 5665
f 5665 2194 8879
f 5665 8879 5827
f 5827 8879 5964
f 5538 5441 2194
f 2194 5441 5275
f 2194 5275 5138
f 2432 4903 2510
f 2510 4903 4853
f 2510 4853 2565
f 2565 4853 2640
f 5826 6375 5664
f 5664 6375 5957
f 5664 5957 5670
f 7828 7653 5963
f 5963 7653 7350
f 5963 7350 5826
f 5826 7350 6751
f 5826 6751 6375
f 8286 8157 6210
f 6210 8157 8077
f 6210 8077 6087
f 6087 8077 7952
f 6087 7952 7828
f 8286 6210 8387
f 8387 6210 6261
f 8387 6261 8410
f 8914 8842 6088
f 6088 8842 8837
f 6088 8837 6211
f 6211 8837 8754
f 6211 8754 8708
f 5138 2114 2194
f 2194 2114 2098
f 2194 2098 2087
f 8708 8653 6211
f 6211 8653 8562
f 6211 8562 6261
f 6261 8562 8542
f 6261 8542 8410
f 9018 9014 8879
f 8879 9014 9011
f 8879 9011 5964
f 5964 9011 8989
f 8989 8986 5964
f 5964 8986 8962
f 5964 8962 6088
f 6088 8962 8928
f 6088 8928 8914
f 2232 2170 5019
f 5019 2170 2163
f 5019 2163 5138
f 5138 2163 2125
f 5138 2125 2114
f 2432 2415 4903
f 4903 2415 2333
f 4903 2333 5019
f 5019 2333 2266
f 5019 2266 2232
f 5311 5420 5421
f 4794 5099 5100
f 4194 4674 4675
f 3500 3578 3579
f 3254 3370 3371
f 3031 3178 3179
f 3031 3179 3033
f 3033 3179 3189
f 3033 3189 3043
f 3043 3189 3211
f 3043 3211 3060
f 3060 3211 3221
f 3060 3221 3084
f 3084 3221 3242
f 3084 3242 3104
f 3104 3242 3259
f 3104 3259 3142
f 5434 5519 5521
f 5519 5434 5516
f 5516 5434 5432
f 5516 5432 5512
f 5512 5432 5509
f 5509 5432 5429
f 5509 5429 5506
f 5506 5429 5504
f 5504 5429 5426
f 5504 5426 5505
f 5505 5426 5507
f 5507 5426 5423
f 5507 5423 5510
f 5510 5423 5514
f 5514 5423 5421
f 5514 5421 5517
f 5517 5421 5420
f 5517 5420 5574
f 3183 3142 3281
f 3281 3142 3259
f 3281 3259 3456
f 3178 3254 3179
f 3179 3254 3371
f 3179 3371 3189
f 3189 3371 3374
f 3189 3374 3211
f 3211 3374 3381
f 3211 3381 3221
f 3221 3381 3395
f 3221 3395 3242
f 3242 3395 3423
f 3242 3423 3259
f 3259 3423 3441
f 3259 3441 3456
f 3456 3441 3759
f 4360 3759 3699
f 3699 3759 3441
f 3699 3441 3643
f 3643 3441 3423
f 3643 3423 3614
f 3614 3423 3395
f 3614 3395 3598
f 3598 3395 3381
f 3598 3381 3587
f 3587 3381 3374
f 3587 3374 3579
f 3579 3374 3371
f 3579 3371 3500
f 3500 3371 3370
f 3578 4180 3579
f 3579 4180 4197
f 3579 4197 3587
f 3587 4197 4206
f 3587 4206 3598
f 3598 4206 4234
f 3598 4234 3614
f 3614 4234 4251
f 3614 4251 3643
f 3643 4251 4298
f 3643 4298 3699
f 3699 4298 4332
f 3699 4332 4360
f 4360 4332 4739
f 4180 4194 4197
f 4197 4194 4675
f 4197 4675 4206
f 4206 4675 4684
f 4206 4684 4234
f 4234 4684 4699
f 4234 4699 4251
f 4251 4699 4705
f 4251 4705 4298
f 4298 4705 4716
f 4298 4716 4332
f 4332 4716 4723
f 4332 4723 4739
f 4739 4723 5146
f 4674 4794 4675
f 4675 4794 5100
f 4675 5100 4684
f 4684 5100 5103
f 4684 5103 4699
f 4699 5103 5109
f 4699 5109 4705
f 4705 5109 5111
f 4705 5111 4716
f 4716 5111 5120
f 4716 5120 4723
f 4723 5120 5131
f 4723 5131 5146
f 5146 5131 5437
f 5099 5311 5100
f 5100 5311 5421
f 5100 5421 5103
f 5103 5421 5423
f 5103 5423 5109
f 5109 5423 5426
f 5109 5426 5111
f 5111 5426 5429
f 5111 5429 5120
f 5120 5429 5432
f 5120 5432 5131
f 5131 5432 5434
f 5131 5434 5437
f 5437 5434 5521
f 5437 5521 5571
f 7892 7958 7956
f 7617 7740 7738
f 6942 7533 7531
f 6441 6917 6911
f 5797 6005 6003
f 5574 5688 5686
f 5684 5514 5686
f 5686 5514 5517
f 5686 5517 5574
f 5681 5507 5684
f 5684 5507 5510
f 5684 5510 5514
f 5678 5504 5681
f 5681 5504 5505
f 5681 5505 5507
f 5675 5509 5678
f 5678 5509 5506
f 5678 5506 5504
f 5521 5519 5673
f 5673 5519 5516
f 5673 5516 5675
f 5675 5516 5513
f 5675 5513 5509
f 7953 7876 7993
f 7993 7876 7893
f 7993 7893 8031
f 8031 7893 7914
f 8031 7914 8051
f 8051 7914 7924
f 8051 7924 8075
f 8075 7924 7946
f 8075 7946 8092
f 8092 7946 7956
f 8092 7956 8102
f 8102 7956 7958
f 8102 7958 8105
f 5571 5521 5671
f 5671 5521 5673
f 5671 5673 5958
f 5688 5797 5686
f 5686 5797 6003
f 5686 6003 5684
f 5684 6003 6000
f 5684 6000 5681
f 5681 6000 5994
f 5681 5994 5678
f 5678 5994 5992
f 5678 5992 5675
f 5675 5992 5982
f 5675 5982 5673
f 5673 5982 5972
f 5673 5972 5958
f 5958 5972 6376
f 6752 6376 6391
f 6391 6376 5972
f 6391 5972 6398
f 6398 5972 5982
f 6398 5982 6409
f 6409 5982 5992
f 6409 5992 6415
f 6415 5992 5994
f 6415 5994 6430
f 6430 5994 6000
f 6430 6000 6439
f 6439 6000 6003
f 6439 6003 6325
f 6325 6003 6005
f 6325 6441 6439
f 6439 6441 6911
f 6439 6911 6430
f 6430 6911 6903
f 6430 6903 6415
f 6415 6903 6876
f 6415 6876 6409
f 6409 6876 6854
f 6409 6854 6398
f 6398 6854 6814
f 6398 6814 6391
f 6391 6814 6780
f 6391 6780 6752
f 6752 6780 7351
f 6917 6942 6911
f 6911 6942 7531
f 6911 7531 6903
f 6903 7531 7523
f 6903 7523 6876
f 6876 7523 7512
f 6876 7512 6854
f 6854 7512 7496
f 6854 7496 6814
f 6814 7496 7467
f 6814 7467 6780
f 6780 7467 7410
f 6780 7410 7351
f 7351 7410 7654
f 7533 7617 7531
f 7531 7617 7738
f 7531 7738 7523
f 7523 7738 7735
f 7523 7735 7512
f 7512 7735 7728
f 7512 7728 7496
f 7496 7728 7715
f 7496 7715 7467
f 7467 7715 7686
f 7467 7686 7410
f 7410 7686 7668
f 7410 7668 7654
f 7654 7668 7829
f 7953 7829 7876
f 7876 7829 7668
f 7876 7668 7893
f 7893 7668 7686
f 7893 7686 7914
f 7914 7686 7715
f 7914 7715 7924
f 7924 7715 7728
f 7924 7728 7946
f 7946 7728 7735
f 7946 7735 7956
f 7956 7735 7738
f 7956 7738 7892
f 7892 7738 7740
f 9045 8906 9044
f 9044 8906 8905
f 9044 8905 9015
f 9015 8905 9012
f 2222 2081 2221
f 2221 2081 2080
f 5965 7829 6089
f 6089 7829 7953
f 6089 7953 6212
f 6212 7953 8158
f 8158 8218 6212
f 6212 8218 8350
f 6212 8350 6262
f 6262 8350 8388
f 6262 8388 8487
f 5437 5572 5442
f 5573 8905 5443
f 5443 8905 2221
f 5443 2221 5277
f 5277 2221 5140
f 5573 5667 8905
f 8905 5667 5829
f 8905 5829 5966
f 8697 6213 8616
f 8616 6213 6262
f 8616 6262 8561
f 8561 6262 8487
f 5828 7351 5965
f 5965 7351 7654
f 5965 7654 7829
f 5666 6376 5828
f 5828 6376 6752
f 5828 6752 7351
f 5437 5571 5572
f 5572 5571 5671
f 5572 5671 5666
f 5666 5671 5958
f 5666 5958 6376
f 5966 8985 8905
f 8905 8985 9002
f 8905 9002 9012
f 5276 4739 5442
f 5442 4739 5146
f 5442 5146 5437
f 5139 3759 5276
f 5276 3759 4360
f 5276 4360 4739
f 5020 3281 5139
f 5139 3281 3456
f 5139 3456 3759
f 2849 4904 2741
f 2741 4904 4854
f 2741 4854 2716
f 2187 2260 5021
f 5021 2260 2264
f 5021 2264 4905
f 4905 2264 2372
f 4905 2372 2420
f 2080 2086 2221
f 2221 2086 2088
f 2221 2088 5140
f 5140 2088 2111
f 2111 2113 5140
f 5140 2113 2137
f 5140 2137 5021
f 5021 2137 2172
f 5021 2172 2187
f 8869 8930 6090
f 6090 8930 8936
f 6090 8936 5966
f 5966 8936 8974
f 5966 8974 8985
f 8697 8711 6213
f 6213 8711 8792
f 6213 8792 6090
f 6090 8792 8836
f 6090 8836 8869
f 2849 2978 4904
f 4904 2978 3058
f 4904 3058 5020
f 5020 3058 3183
f 5020 3183 3281
f 2420 2473 4905
f 4905 2473 2564
f 4905 2564 4854
f 4854 2564 2585
f 4854 2585 2716
f 7217 7197 7123
f 7167 7133 7022
f 7047 7021 6909
f 6887 6861 6775
f 6743 6740 6706
f 6583 6592 6586
f 7237 7233 7174
f 7072 7165 7174
f 7174 7165 7184
f 7174 7184 7237
f 6945 7015 7072
f 7072 7015 7093
f 7072 7093 7165
f 6855 6934 6945
f 6855 6945 6990
f 6720 6729 6745
f 6745 6729 6771
f 6745 6771 6855
f 6855 6771 6842
f 6855 6842 6934
f 6720 6699 6647
f 6647 6699 6617
f 6647 6617 6630
f 6630 6617 6570
f 6509 6570 6513
f 6513 6570 6560
f 6513 6560 6514
f 6514 6560 6518
f 6518 6560 6521
f 6521 6560 6639
f 6521 6639 6534
f 6534 6571 6546
f 6546 6571 6548
f 6548 6571 6566
f 6566 6571 6644
f 6566 6644 6583
f 6586 6592 6605
f 6605 6592 6643
f 6605 6643 6610
f 6610 6643 6634
f 6634 6643 6706
f 6634 6706 6638
f 6638 6706 6740
f 6638 6740 6651
f 6583 6644 6592
f 6592 6644 6724
f 6592 6724 6643
f 6643 6724 6775
f 6643 6775 6706
f 6706 6775 6861
f 6706 6861 6743
f 6534 6639 6571
f 6571 6639 6721
f 6571 6721 6644
f 6644 6721 6790
f 6644 6790 6724
f 6724 6790 6909
f 6724 6909 6775
f 6775 6909 7021
f 6775 7021 6887
f 6570 6617 6560
f 6560 6617 6699
f 6560 6699 6639
f 6639 6699 6761
f 6639 6761 6721
f 6721 6761 6888
f 6721 6888 6790
f 6790 6888 7022
f 6790 7022 6909
f 6909 7022 7133
f 6909 7133 7047
f 6720 6745 6699
f 6699 6745 6855
f 6699 6855 6761
f 6761 6855 6990
f 6761 6990 6888
f 6888 6990 7123
f 6888 7123 7022
f 7022 7123 7197
f 7022 7197 7167
f 6945 7072 6990
f 6990 7072 7174
f 6990 7174 7123
f 7123 7174 7233
f 7123 7233 7217
f 4602 4597 4508
f 4595 4582 4518
f 4550 4520 4477
f 4507 4489 4414
f 3877 3942 3949
f 4055 3937 4008
f 4008 3937 3913
f 4008 3913 3970
f 3970 3913 3892
f 3970 3892 3949
f 3949 3892 3887
f 3949 3887 3877
f 4066 4063 4055
f 4055 4063 4050
f 4055 4050 3937
f 4198 4066 4219
f 4223 4271 4316
f 4316 4271 4378
f 4316 4378 4354
f 4414 4461 4412
f 4412 4461 4368
f 4466 4461 4467
f 4467 4461 4414
f 4467 4414 4481
f 4481 4414 4489
f 4569 4557 4553
f 4553 4557 4555
f 4553 4555 4468
f 4609 4604 4487
f 4487 4604 4496
f 4487 4496 4485
f 4485 4496 4397
f 4485 4397 4392
f 4392 4397 4385
f 4385 4397 4285
f 4385 4285 4272
f 4520 4513 4477
f 4477 4513 4507
f 4477 4507 4380
f 4380 4507 4414
f 4380 4414 4378
f 4378 4414 4412
f 4378 4412 4354
f 4354 4412 4368
f 4555 4550 4468
f 4468 4550 4477
f 4468 4477 4366
f 4366 4477 4380
f 4366 4380 4361
f 4361 4380 4378
f 4361 4378 4219
f 4219 4378 4271
f 4219 4271 4198
f 4198 4271 4223
f 4582 4569 4518
f 4518 4569 4553
f 4518 4553 4433
f 4433 4553 4468
f 4433 4468 4335
f 4335 4468 4366
f 4335 4366 4333
f 4333 4366 4361
f 4333 4361 4174
f 4174 4361 4219
f 4597 4595 4508
f 4508 4595 4518
f 4508 4518 4407
f 4407 4518 4433
f 4407 4433 4307
f 4307 4433 4335
f 4307 4335 4301
f 4301 4335 4333
f 4301 4333 4130
f 4130 4333 4174
f 4604 4602 4496
f 4496 4602 4508
f 4496 4508 4397
f 4397 4508 4407
f 4397 4407 4285
f 4285 4407 4307
f 4285 4307 4279
f 4279 4307 4301
f 4279 4301 4106
f 4106 4301 4130
f 3943 4089 4106
f 4106 4089 4095
f 4106 4095 4279
f 4279 4095 4261
f 4279 4261 4285
f 4285 4261 4267
f 4285 4267 4272
f 4066 4055 4219
f 4219 4055 4008
f 4219 4008 4174
f 4174 4008 3970
f 4174 3970 4130
f 4130 3970 3949
f 4130 3949 4106
f 4106 3949 3942
f 4106 3942 3943
f 3746 3876 3747
f 3747 3876 3877
f 4608 4609 4522
f 4522 4609 4487
f 4522 4487 4483
f 4483 4487 4485
f 4483 4485 4441
f 4441 4485 4392
f 4441 4392 4387
f 4387 4392 4385
f 4387 4385 4346
f 4346 4385 4272
f 4346 4272 4274
f 4274 4272 4267
f 4274 4267 4190
f 4190 4267 4261
f 4190 4261 4104
f 4104 4261 4095
f 4104 4095 4031
f 4031 4095 4089
f 4031 4089 3947
f 3947 4089 3943
f 3947 3943 3919
f 3919 3943 3942
f 3919 3942 3876
f 3876 3942 3877
f 5646 5570 5817
f 6508 6509 6185
f 6185 6509 6271
f 6185 6271 5913
f 5913 6271 5916
f 5913 5916 5817
f 5817 5916 5876
f 5817 5876 5646
f 4609 4608 4844
f 4844 4608 4929
f 4844 4929 5192
f 5192 4929 5195
f 5192 5195 5231
f 5231 5195 5287
f 5231 5287 5462
f 5462 5287 5570
f 5462 5570 5568
f 5568 5570 5646
f 6509 6508 6570
f 6570 6508 6597
f 6570 6597 6630
f 6630 6597 6632
f 6835 6842 6766
f 6766 6842 6771
f 6766 6771 6727
f 6727 6771 6729
f 6727 6729 6673
f 6673 6729 6720
f 6673 6720 6632
f 6632 6720 6647
f 6632 6647 6630
f 7236 7237 7193
f 7193 7237 7184
f 7193 7184 7163
f 7163 7184 7165
f 7163 7165 7082
f 7082 7165 7093
f 7082 7093 7007
f 7007 7093 7015
f 7007 7015 6920
f 6920 7015 6945
f 6920 6945 6835
f 6835 6945 6934
f 6835 6934 6842
f 7236 7362 7237
f 7237 7362 7363
f 6506 6507 6596
f 6596 6507 6628
f 6596 6628 6631
f 6631 6628 6629
f 6631 6629 6672
f 6672 6629 6719
f 6672 6719 6726
f 6726 6719 6728
f 6726 6728 6765
f 6765 6728 6836
f 6765 6836 6834
f 6834 6836 6841
f 6834 6841 6919
f 6919 6841 6844
f 6919 6844 7006
f 7006 6844 7014
f 7006 7014 7081
f 7081 7014 7020
f 7081 7020 7162
f 7162 7020 7164
f 7162 7164 7192
f 7192 7164 7166
f 7192 7166 7234
f 7234 7166 7235
f 3874 3875 3918
f 3918 3875 3940
f 3918 3940 3946
f 3946 3940 3944
f 3946 3944 4030
f 4030 3944 4084
f 4030 4084 4103
f 4103 4084 4096
f 4103 4096 4189
f 4189 4096 4265
f 4189 4265 4273
f 4273 4265 4266
f 4273 4266 4345
f 4345 4266 4278
f 4345 4278 4386
f 4386 4278 4384
f 4386 4384 4440
f 4440 4384 4389
f 4440 4389 4482
f 4482 4389 4484
f 4482 4484 4521
f 4521 4484 4486
f 4521 4486 4606
f 4606 4486 4607
f 1978 1979 2092
f 2092 1979 2093
f 2092 2093 2138
f 2138 2093 2139
f 2138 2139 2182
f 2182 2139 2183
f 2182 2183 2235
f 2235 2183 2236
f 2235 2236 2247
f 2247 2236 2248
f 2247 2248 2257
f 2257 2248 2258
f 2257 2258 2249
f 2249 2258 2250
f 2249 2250 2237
f 2237 2250 2238
f 2237 2238 2184
f 2184 2238 2185
f 2184 2185 2140
f 2140 2185 2141
f 2140 2141 2094
f 2094 2141 2095
f 2094 2095 1980
f 1980 2095 1981
f 1980 1981 1798
f 1798 1981 1799
f 1798 1799 1408
f 1408 1799 1409
f 1408 1409 1253
f 1253 1409 1254
f 1253 1254 1237
f 1237 1254 1238
f 1237 1238 1228
f 1228 1238 1229
f 1228 1229 1222
f 1222 1229 1223
f 1222 1223 1226
f 1226 1223 1227
f 1226 1227 1235
f 1235 1227 1236
f 1235 1236 1251
f 1251 1236 1252
f 1251 1252 1406
f 1406 1252 1407
f 1406 1407 1796
f 1796 1407 1797
f 1796 1797 1978
f 1978 1797 1979
f 2767 2768 2813
f 2813 2768 2814
f 2813 2814 2880
f 2880 2814 2881
f 2880 2881 2926
f 2926 2881 2927
f 2926 2927 2992
f 2992 2927 2993
f 2992 2993 3025
f 3025 2993 3026
f 3025 3026 3041
f 3041 3026 3042
f 3041 3042 3027
f 3027 3042 3028
f 3027 3028 2994
f 2994 3028 2995
f 2994 2995 2928
f 2928 2995 2929
f 2928 2929 2882
f 2882 2929 2883
f 2882 2883 2815
f 2815 2883 2816
f 2815 2816 2769
f 2769 2816 2770
f 2769 2770 2707
f 2707 2770 2708
f 2707 2708 2636
f 2636 2708 2637
f 2636 2637 2592
f 2592 2637 2593
f 2592 2593 2557
f 2557 2593 2558
f 2557 2558 2514
f 2514 2558 2515
f 2514 2515 2508
f 2508 2515 2509
f 2508 2509 2512
f 2512 2509 2513
f 2512 2513 2555
f 2555 2513 2556
f 2555 2556 2590
f 2590 2556 2591
f 2590 2591 2634
f 2634 2591 2635
f 2634 2635 2705
f 2705 2635 2706
f 2705 2706 2767
f 2767 2706 2768
f 3111 3112 3213
f 3213 3112 3214
f 3213 3214 3264
f 3264 3214 3265
f 3264 3265 3322
f 3322 3265 3323
f 3322 3323 3360
f 3360 3323 3361
f 3360 3361 3382
f 3382 3361 3383
f 3382 3383 3392
f 3392 3383 3393
f 3392 3393 3384
f 3384 3393 3385
f 3384 3385 3362
f 3362 3385 3363
f 3362 3363 3324
f 3324 3363 3325
f 3324 3325 3266
f 3266 3325 3267
f 3266 3267 3215
f 3215 3267 3216
f 3215 3216 3113
f 3113 3216 3114
f 3113 3114 3016
f 3016 3114 3017
f 3016 3017 2920
f 2920 3017 2921
f 2920 2921 2878
f 2878 2921 2879
f 2878 2879 2834
f 2834 2879 2835
f 2834 2835 2809
f 2809 2835 2810
f 2809 2810 2798
f 2798 2810 2799
f 2798 2799 2807
f 2807 2799 2808
f 2807 2808 2832
f 2832 2808 2833
f 2832 2833 2876
f 2876 2833 2877
f 2876 2877 2918
f 2918 2877 2919
f 2918 2919 3014
f 3014 2919 3015
f 3014 3015 3111
f 3111 3015 3112
f 9117 9118 9295
f 9295 9118 9296
f 9295 9296 9686
f 9686 9296 9687
f 9686 9687 9843
f 9843 9687 9844
f 9843 9844 9859
f 9859 9844 9860
f 9859 9860 9868
f 9868 9860 9869
f 9868 9869 9874
f 9874 9869 9875
f 9874 9875 9870
f 9870 9875 9871
f 9870 9871 9861
f 9861 9871 9862
f 9861 9862 9845
f 9845 9862 9846
f 9845 9846 9688
f 9688 9846 9689
f 9688 9689 9297
f 9297 9689 9298
f 9297 9298 9119
f 9119 9298 9120
f 9119 9120 9006
f 9006 9120 9007
f 9006 9007 8960
f 8960 9007 8961
f 8960 8961 8917
f 8917 8961 8918
f 8917 8918 8865
f 8865 8918 8866
f 8865 8866 8853
f 8853 8866 8854
f 8853 8854 8846
f 8846 8854 8847
f 8846 8847 8851
f 8851 8847 8852
f 8851 8852 8863
f 8863 8852 8864
f 8863 8864 8915
f 8915 8864 8916
f 8915 8916 8958
f 8958 8916 8959
f 8958 8959 9004
f 9004 8959 9005
f 9004 9005 9117
f 9117 9005 9118
f 8361 8362 8418
f 8418 8362 8419
f 8418 8419 8489
f 8489 8419 8490
f 8489 8490 8534
f 8534 8490 8535
f 8534 8535 8568
f 8568 8535 8569
f 8568 8569 8612
f 8612 8569 8613
f 8612 8613 8617
f 8617 8613 8618
f 8617 8618 8614
f 8614 8618 8615
f 8614 8615 8570
f 8570 8615 8571
f 8570 8571 8536
f 8536 8571 8537
f 8536 8537 8491
f 8491 8537 8492
f 8491 8492 8420
f 8420 8492 8421
f 8420 8421 8363
f 8363 8421 8364
f 8363 8364 8320
f 8320 8364 8321
f 8320 8321 8254
f 8254 8321 8255
f 8254 8255 8208
f 8208 8255 8209
f 8208 8209 8142
f 8142 8209 8143
f 8142 8143 8109
f 8109 8143 8110
f 8109 8110 8093
f 8093 8110 8094
f 8093 8094 8107
f 8107 8094 8108
f 8107 8108 8140
f 8140 8108 8141
f 8140 8141 8206
f 8206 8141 8207
f 8206 8207 8252
f 8252 8207 8253
f 8252 8253 8318
f 8318 8253 8319
f 8318 8319 8361
f 8361 8319 8362
f 8021 8022 8118
f 8118 8022 8119
f 8118 8119 8214
f 8214 8119 8215
f 8214 8215 8256
f 8256 8215 8257
f 8256 8257 8300
f 8300 8257 8301
f 8300 8301 8324
f 8324 8301 8325
f 8324 8325 8334
f 8334 8325 8335
f 8334 8335 8326
f 8326 8335 8327
f 8326 8327 8302
f 8302 8327 8303
f 8302 8303 8258
f 8258 8303 8259
f 8258 8259 8216
f 8216 8259 8217
f 8216 8217 8120
f 8120 8217 8121
f 8120 8121 8023
f 8023 8121 8024
f 8023 8024 7921
f 7921 8024 7922
f 7921 7922 7870
f 7870 7922 7871
f 7870 7871 7786
f 7786 7871 7787
f 7786 7787 7748
f 7748 7787 7749
f 7748 7749 7726
f 7726 7749 7727
f 7726 7727 7716
f 7716 7727 7717
f 7716 7717 7724
f 7724 7717 7725
f 7724 7725 7746
f 7746 7725 7747
f 7746 7747 7784
f 7784 7747 7785
f 7784 7785 7868
f 7868 7785 7869
f 7868 7869 7919
f 7919 7869 7920
f 7919 7920 8021
f 8021 7920 8022
f 2727 2728 2825
f 2825 2728 2826
f 2825 2826 2922
f 2922 2826 2923
f 2922 2923 3049
f 3049 2923 3050
f 3049 3050 3146
f 3146 3050 3147
f 3146 3147 3202
f 3202 3147 3203
f 3202 3203 3224
f 3224 3203 3225
f 3224 3225 3204
f 3204 3225 3205
f 3204 3205 3148
f 3148 3205 3149
f 3148 3149 3051
f 3051 3149 3052
f 3051 3052 2924
f 2924 3052 2925
f 2924 2925 2827
f 2827 2925 2828
f 2827 2828 2729
f 2729 2828 2730
f 2729 2730 2628
f 2628 2730 2629
f 2628 2629 2544
f 2544 2629 2545
f 2544 2545 2470
f 2470 2545 2471
f 2470 2471 2410
f 2410 2471 2411
f 2410 2411 2369
f 2369 2411 2370
f 2369 2370 2358
f 2358 2370 2359
f 2358 2359 2367
f 2367 2359 2368
f 2367 2368 2408
f 2408 2368 2409
f 2408 2409 2468
f 2468 2409 2469
f 2468 2469 2542
f 2542 2469 2543
f 2542 2543 2626
f 2626 2543 2627
f 2626 2627 2727
f 2727 2627 2728
f 8398 8399 8497
f 8497 8399 8498
f 8497 8498 8583
f 8583 8498 8584
f 8583 8584 8655
f 8655 8584 8656
f 8655 8656 8715
f 8715 8656 8716
f 8715 8716 8756
f 8756 8716 8757
f 8756 8757 8767
f 8767 8757 8768
f 8767 8768 8758
f 8758 8768 8759
f 8758 8759 8717
f 8717 8759 8718
f 8717 8718 8657
f 8657 8718 8658
f 8657 8658 8585
f 8585 8658 8586
f 8585 8586 8499
f 8499 8586 8500
f 8499 8500 8400
f 8400 8500 8401
f 8400 8401 8309
f 8309 8401 8310
f 8309 8310 8212
f 8212 8310 8213
f 8212 8213 8085
f 8085 8213 8086
f 8085 8086 7988
f 7988 8086 7989
f 7988 7989 7932
f 7932 7989 7933
f 7932 7933 7910
f 7910 7933 7911
f 7910 7911 7930
f 7930 7911 7931
f 7930 7931 7986
f 7986 7931 7987
f 7986 7987 8083
f 8083 7987 8084
f 8083 8084 8210
f 8210 8084 8211
f 8210 8211 8307
f 8307 8211 8308
f 8307 8308 8398
f 8398 8308 8399
f 3874 3744 3875
f 3875 3744 3745
f 3888 3912 3966
f 3924 3945 4007
f 4135 4199 4259
f 4313 4357 4413
f 4486 4495 4607
f 4607 4495 4603
f 4603 4495 4601
f 4601 4495 4506
f 4601 4506 4596
f 4596 4506 4594
f 4594 4506 4515
f 4594 4515 4581
f 4549 4554 4548
f 4548 4554 4556
f 4548 4556 4515
f 4515 4556 4568
f 4515 4568 4581
f 4519 4549 4460
f 4512 4476 4505
f 4505 4476 4383
f 4505 4383 4488
f 4413 4469 4417
f 4417 4469 4480
f 4465 4469 4463
f 4463 4469 4413
f 4463 4413 4374
f 4374 4413 4357
f 4004 4053 4054
f 4054 4053 4065
f 4054 4065 4205
f 3948 3940 3884
f 3884 3940 3875
f 4094 4281 4265
f 4265 4096 4094
f 4094 4096 4084
f 4094 4084 3948
f 3948 4084 3944
f 3948 3944 3940
f 4199 4262 4259
f 4259 4262 4313
f 4259 4313 4379
f 4379 4313 4413
f 4379 4413 4383
f 4383 4413 4417
f 4383 4417 4488
f 4488 4417 4480
f 4065 4135 4205
f 4205 4135 4259
f 4205 4259 4363
f 4363 4259 4379
f 4363 4379 4367
f 4367 4379 4383
f 4367 4383 4460
f 4460 4383 4476
f 4460 4476 4519
f 4519 4476 4512
f 3945 4004 4007
f 4007 4004 4054
f 4007 4054 4165
f 4165 4054 4205
f 4165 4205 4334
f 4334 4205 4363
f 4334 4363 4338
f 4338 4363 4367
f 4338 4367 4426
f 4426 4367 4460
f 3912 3924 3966
f 3966 3924 4007
f 3966 4007 4126
f 4126 4007 4165
f 4126 4165 4305
f 4305 4165 4334
f 4305 4334 4309
f 4309 4334 4338
f 4309 4338 4406
f 4406 4338 4426
f 3884 3888 3948
f 3948 3888 3966
f 3948 3966 4094
f 4094 3966 4126
f 4094 4126 4281
f 4281 4126 4305
f 4281 4305 4289
f 4289 4305 4309
f 4289 4309 4393
f 4393 4309 4406
f 4484 4389 4393
f 4393 4389 4384
f 4393 4384 4289
f 4289 4384 4278
f 4289 4278 4281
f 4281 4278 4266
f 4281 4266 4265
f 4549 4548 4460
f 4460 4548 4515
f 4460 4515 4426
f 4426 4515 4506
f 4426 4506 4406
f 4406 4506 4495
f 4406 4495 4393
f 4393 4495 4486
f 4393 4486 4484
f 4606 4607 4928
f 4928 4607 4843
f 4928 4843 5194
f 4843 5191 5194
f 5194 5191 5230
f 5194 5230 5286
f 5286 5230 5461
f 5286 5461 5539
f 5461 5541 5539
f 5539 5541 5645
f 5539 5645 5816
f 5816 5645 5875
f 5816 5875 5912
f 5912 5875 5915
f 5912 5915 6184
f 6184 5915 6270
f 6184 6270 6506
f 6506 6270 6507
f 6512 6519 6608
f 6520 6533 6600
f 6565 6598 6637
f 6609 6627 6698
f 7235 7166 7161
f 7056 7170 7106
f 7106 7170 7198
f 7106 7198 7142
f 7142 7198 7221
f 7142 7221 7161
f 7161 7221 7227
f 7161 7227 7235
f 7046 7048 7056
f 7056 7048 7060
f 7056 7060 7170
f 6910 7046 6893
f 6889 6837 6797
f 6797 6837 6733
f 6797 6733 6756
f 6698 6654 6700
f 6700 6654 6744
f 6650 6654 6649
f 6649 6654 6698
f 6649 6698 6633
f 6633 6698 6627
f 6545 6559 6562
f 6562 6559 6561
f 6562 6561 6648
f 6619 6628 6511
f 6511 6628 6507
f 6714 6825 6836
f 6836 6728 6714
f 6714 6728 6719
f 6714 6719 6619
f 6619 6719 6629
f 6619 6629 6628
f 6598 6604 6637
f 6637 6604 6609
f 6637 6609 6732
f 6732 6609 6698
f 6732 6698 6733
f 6733 6698 6700
f 6733 6700 6756
f 6756 6700 6744
f 6561 6565 6648
f 6648 6565 6637
f 6648 6637 6746
f 6746 6637 6732
f 6746 6732 6750
f 6750 6732 6733
f 6750 6733 6893
f 6893 6733 6837
f 6893 6837 6910
f 6910 6837 6889
f 6533 6545 6600
f 6600 6545 6562
f 6600 6562 6680
f 6680 6562 6648
f 6680 6648 6778
f 6778 6648 6746
f 6778 6746 6779
f 6779 6746 6750
f 6779 6750 6935
f 6935 6750 6893
f 6519 6520 6608
f 6608 6520 6600
f 6608 6600 6705
f 6705 6600 6680
f 6705 6680 6806
f 6806 6680 6778
f 6806 6778 6811
f 6811 6778 6779
f 6811 6779 6980
f 6980 6779 6935
f 6511 6512 6619
f 6619 6512 6608
f 6619 6608 6714
f 6714 6608 6705
f 6714 6705 6825
f 6825 6705 6806
f 6825 6806 6830
f 6830 6806 6811
f 6830 6811 7003
f 7003 6811 6980
f 7164 7020 7003
f 7003 7020 7014
f 7003 7014 6830
f 6830 7014 6844
f 6830 6844 6825
f 6825 6844 6841
f 6825 6841 6836
f 7046 7056 6893
f 6893 7056 7106
f 6893 7106 6935
f 6935 7106 7142
f 6935 7142 6980
f 6980 7142 7161
f 6980 7161 7003
f 7003 7161 7166
f 7003 7166 7164
f 7360 7234 7361
f 7361 7234 7235
f 9387 9386 9365
f 9365 9386 9341
f 9365 9341 9334
f 9334 9341 9339
f 9334 9339 9299
f 9299 9339 9277
f 9299 9277 9251
f 9251 9277 9252
f 9251 9252 9222
f 9222 9252 9206
f 9222 9206 9200
f 9200 9206 9202
f 9200 9202 9179
f 9179 9202 9178
f 9179 9178 9148
f 9148 9178 9149
f 9148 9149 9125
f 9125 9149 9124
f 9125 9124 9096
f 9096 9124 9097
f 9096 9097 9071
f 9071 9097 9078
f 9071 9078 9019
f 9019 9078 9018
f 8542 8562 8576
f 8286 8387 8404
f 9245 9305 9188
f 8965 8949 8942
f 8607 8495 8486
f 8340 8292 8284
f 8077 8157 8195
f 9097 9124 9108
f 9149 9178 9174
f 9202 9206 9199
f 9252 9277 9245
f 9245 9277 9339
f 9245 9339 9305
f 9305 9339 9341
f 9305 9341 9386
f 9018 9078 9014
f 9014 9078 9063
f 9014 9063 9011
f 7974 7952 8077
f 8077 8195 7974
f 7974 8195 8228
f 7974 8228 8018
f 8018 8228 8242
f 8018 8242 8049
f 8049 8242 8251
f 8049 8251 8061
f 8061 8251 8275
f 8061 8275 8089
f 8089 8275 8284
f 8089 8284 8101
f 8101 8284 8292
f 8101 8292 8104
f 8663 8665 8607
f 8814 8823 8795
f 9386 9329 9305
f 9305 9329 9269
f 9305 9269 9188
f 9188 9269 9195
f 9188 9195 9107
f 9206 9252 9199
f 9199 9252 9245
f 9199 9245 9169
f 9169 9245 9188
f 9169 9188 9058
f 9058 9188 9107
f 9058 9107 9060
f 9178 9202 9174
f 9174 9202 9199
f 9174 9199 9127
f 9127 9199 9169
f 9127 9169 9046
f 9046 9169 9058
f 9046 9058 8942
f 8942 9058 9060
f 8942 9060 8965
f 9124 9149 9108
f 9108 9149 9174
f 9108 9174 9099
f 9099 9174 9127
f 9099 9127 9003
f 9003 9127 9046
f 9003 9046 8935
f 8935 9046 8942
f 8935 8942 8814
f 8814 8942 8949
f 8814 8949 8823
f 9078 9097 9063
f 9063 9097 9108
f 9063 9108 9057
f 9057 9108 9099
f 9057 9099 8992
f 8992 9099 9003
f 8992 9003 8924
f 8924 9003 8935
f 8924 8935 8808
f 8808 8935 8814
f 8808 8814 8663
f 8663 8814 8795
f 8663 8795 8665
f 8730 8856 8760
f 8760 8856 8871
f 8760 8871 8776
f 8776 8871 8912
f 8776 8912 8788
f 8969 8948 9001
f 8157 8286 8195
f 8195 8286 8404
f 8195 8404 8228
f 8228 8404 8411
f 8228 8411 8242
f 8242 8411 8437
f 8242 8437 8251
f 8251 8437 8458
f 8251 8458 8275
f 8275 8458 8477
f 8275 8477 8284
f 8284 8477 8486
f 8284 8486 8340
f 8340 8486 8495
f 8542 8576 8410
f 8387 8410 8404
f 8404 8410 8576
f 8404 8576 8411
f 8411 8576 8619
f 8411 8619 8437
f 8437 8619 8636
f 8437 8636 8458
f 8458 8636 8645
f 8458 8645 8477
f 8477 8645 8654
f 8477 8654 8486
f 8562 8653 8576
f 8576 8653 8730
f 8576 8730 8619
f 8619 8730 8760
f 8619 8760 8636
f 8636 8760 8776
f 8636 8776 8645
f 8645 8776 8788
f 8645 8788 8654
f 8653 8708 8730
f 8730 8708 8754
f 8730 8754 8856
f 8856 8754 8837
f 8856 8837 8842
f 8842 8914 8856
f 8856 8914 8948
f 8856 8948 8871
f 8871 8948 8969
f 8871 8969 8912
f 8914 8928 8948
f 8948 8928 8962
f 8948 8962 9001
f 9001 8962 8986
f 9001 8986 8989
f 8607 8486 8663
f 8663 8486 8654
f 8663 8654 8808
f 8808 8654 8788
f 8808 8788 8924
f 8924 8788 8912
f 8924 8912 8992
f 8992 8912 8969
f 8992 8969 9057
f 9057 8969 9001
f 9057 9001 9063
f 9063 9001 8989
f 9063 8989 9011
f 5534 5535 5689
f 5689 5535 5687
f 5689 5687 5766
f 5766 5687 5783
f 5766 5783 5784
f 5784 5783 5867
f 5867 5783 6004
f 5867 6004 6053
f 6053 6004 6315
f 6053 6315 6096
f 6916 6914 6831
f 6831 6693 6916
f 6916 6693 6450
f 6916 6450 6440
f 6440 6450 6399
f 6440 6399 6315
f 6315 6399 6318
f 6315 6318 6096
f 7532 7606 7612
f 7612 7445 7532
f 7532 7445 7428
f 7532 7428 6916
f 6916 7428 7067
f 6916 7067 6914
f 7866 7745 7606
f 7745 7662 7606
f 7606 7662 7624
f 7606 7624 7612
f 7866 7606 7885
f 7885 7606 7739
f 7885 7739 7886
f 7886 7739 7880
f 7886 7880 8038
f 8038 7880 7957
f 8038 7957 8068
f 8068 7957 8104
f 8068 8104 8103
f 5537 5532 5664
f 5664 5532 5662
f 5664 5662 5826
f 5826 5662 5824
f 5826 5824 5963
f 5963 5824 5961
f 5963 5961 6087
f 6087 5961 6085
f 6087 6085 6210
f 6210 6085 6208
f 6210 6208 6261
f 6261 6208 6260
f 6261 6260 6211
f 6211 6260 6209
f 6211 6209 6088
f 6088 6209 6086
f 6088 6086 5964
f 5964 6086 5962
f 5964 5962 5827
f 5827 5962 5825
f 5827 5825 5665
f 5665 5825 5663
f 5665 5663 5538
f 5538 5663 5533
f 5538 5533 5441
f 5441 5533 5439
f 5441 5439 5275
f 5275 5439 5273
f 5275 5273 5138
f 5138 5273 5136
f 5138 5136 5019
f 5019 5136 5017
f 5019 5017 4903
f 4903 5017 4901
f 4903 4901 4853
f 4853 4901 4852
f 4853 4852 4902
f 4902 4852 4900
f 4902 4900 5018
f 5018 4900 5016
f 5018 5016 5137
f 5137 5016 5135
f 5137 5135 5274
f 5274 5135 5272
f 5274 5272 5440
f 5440 5272 5438
f 5440 5438 5537
f 5537 5438 5532
f 7067 7428 7418
f 7886 8038 8034
f 7630 7564 7587
f 7335 7182 7223
f 5757 5604 5760
f 5760 5604 5593
f 5752 5608 5757
f 5757 5608 5607
f 5757 5607 5604
f 5732 5599 5605
f 5728 5591 5597
f 5531 5591 5644
f 5644 5591 5728
f 5644 5728 5712
f 5712 5728 5841
f 5841 5728 5937
f 5937 5728 5995
f 5937 5995 5985
f 7038 6674 6707
f 6707 6674 6652
f 6552 6379 6364
f 6364 6379 6339
f 6364 6339 5995
f 5995 6339 6058
f 5995 6058 5985
f 7335 7223 7444
f 7630 7587 7730
f 7763 7904 7750
f 7750 7904 7895
f 7744 7750 7754
f 7754 7750 7895
f 7754 7895 7882
f 7788 7963 7939
f 7991 7983 7801
f 7801 7983 7971
f 7991 7801 8004
f 8004 7801 7820
f 8004 7820 8010
f 8010 7820 8027
f 8027 7820 7857
f 8027 7857 8029
f 7745 7866 7859
f 7859 7866 7885
f 7885 7886 7859
f 7859 7886 8034
f 7859 8034 7857
f 7857 8034 8032
f 7857 8032 8029
f 7445 7612 7659
f 7659 7612 7624
f 7659 7624 7662
f 6450 6693 6823
f 6823 6693 6831
f 6823 6831 6914
f 6096 6318 6444
f 6444 6318 6399
f 6444 6399 6450
f 5766 5784 5763
f 5763 5784 5867
f 5763 5867 6048
f 6048 5867 6053
f 6048 6053 6096
f 5534 5689 5590
f 5590 5689 5766
f 5590 5766 5593
f 5593 5766 5763
f 5593 5763 5760
f 5760 5763 6048
f 6823 6809 6431
f 6431 6809 6788
f 6431 6788 6413
f 6413 6788 6763
f 6413 6763 6400
f 6096 6444 6048
f 6048 6444 6044
f 6048 6044 5760
f 5760 6044 6035
f 5760 6035 5757
f 5757 6035 6023
f 5757 6023 5752
f 6450 6823 6444
f 6444 6823 6431
f 6444 6431 6044
f 6044 6431 6413
f 6044 6413 6035
f 6035 6413 6400
f 6035 6400 6023
f 6652 6552 6707
f 6707 6552 6364
f 6707 6364 6734
f 6734 6364 6388
f 6388 6364 5995
f 6388 5995 6008
f 6008 5995 5728
f 6008 5728 5732
f 5732 5728 5597
f 5732 5597 5599
f 7182 7038 7223
f 7223 7038 6707
f 7223 6707 7262
f 7262 6707 6734
f 7262 6734 6741
f 6741 6734 6388
f 6741 6388 6392
f 6392 6388 6008
f 6392 6008 6014
f 6014 6008 5732
f 6014 5732 5740
f 5740 5732 5605
f 5740 5605 5606
f 7564 7444 7587
f 7587 7444 7223
f 7587 7223 7610
f 7610 7223 7262
f 7610 7262 7295
f 7295 7262 6741
f 7295 6741 6763
f 6763 6741 6392
f 6763 6392 6400
f 6400 6392 6014
f 6400 6014 6023
f 6023 6014 5740
f 6023 5740 5752
f 5752 5740 5606
f 5752 5606 5608
f 7428 7445 7418
f 7418 7445 7659
f 7418 7659 7391
f 7391 7659 7657
f 7391 7657 7364
f 7364 7657 7648
f 7364 7648 7329
f 7329 7648 7637
f 7329 7637 7626
f 7626 7637 7788
f 7626 7788 7763
f 7763 7788 7939
f 7763 7939 7904
f 7662 7745 7659
f 7659 7745 7859
f 7659 7859 7657
f 7657 7859 7857
f 7657 7857 7648
f 7648 7857 7820
f 7648 7820 7637
f 7637 7820 7801
f 7637 7801 7788
f 7788 7801 7971
f 7788 7971 7963
f 7744 7730 7750
f 7750 7730 7587
f 7750 7587 7763
f 7763 7587 7610
f 7763 7610 7626
f 7626 7610 7295
f 7626 7295 7329
f 7329 7295 6763
f 7329 6763 7364
f 7364 6763 6788
f 7364 6788 7391
f 7391 6788 6809
f 7391 6809 7418
f 7418 6809 6823
f 7418 6823 7067
f 7067 6823 6914
f 4908 4777 4747
f 4561 4445 4404
f 4329 3925 3890
f 4565 4663 4669
f 4849 5056 5057
f 5531 5416 5378
f 5374 5597 5378
f 5378 5597 5591
f 5378 5591 5531
f 5354 5606 5605
f 5606 5354 5608
f 5608 5354 5349
f 5608 5349 5607
f 5607 5349 5345
f 5607 5345 5604
f 5604 5345 5342
f 5604 5342 5593
f 5342 5369 5593
f 5593 5369 5485
f 5593 5485 5590
f 5590 5485 5534
f 5148 5306 5342
f 5342 5306 5337
f 5342 5337 5369
f 4849 5057 4788
f 4565 4669 4268
f 3692 3798 4286
f 4286 3798 4170
f 4286 4170 4249
f 3448 3491 3449
f 3449 3491 3514
f 3449 3514 3692
f 3692 3514 3683
f 3692 3683 3798
f 3102 3100 3275
f 3275 3100 3096
f 3275 3096 3241
f 3241 3255 3275
f 3275 3255 3270
f 3275 3270 3449
f 3449 3270 3373
f 3449 3373 3448
f 3124 3107 3277
f 3277 3107 3105
f 3277 3105 3102
f 3143 3130 3288
f 3163 3151 3307
f 3358 3230 3195
f 3252 3238 3292
f 3292 3238 3230
f 3292 3230 3368
f 3368 3230 3358
f 3368 3358 3380
f 3925 3860 3890
f 3890 3860 3774
f 3890 3774 3523
f 3523 3774 3547
f 3523 3547 3358
f 3358 3547 3424
f 3358 3424 3380
f 4561 4404 4620
f 4908 4747 5116
f 5394 5184 5107
f 5107 5184 5167
f 3102 3275 3277
f 3277 3275 3449
f 3277 3449 3451
f 3451 3449 3692
f 3451 3692 3716
f 3716 3692 4286
f 3716 4286 4302
f 4302 4323 3716
f 3716 4323 3742
f 3716 3742 3451
f 3451 3742 3460
f 3451 3460 3277
f 3277 3460 3288
f 3277 3288 3124
f 3124 3288 3130
f 3151 3143 3307
f 3307 3143 3288
f 3307 3288 3471
f 3471 3288 3460
f 3471 3460 3778
f 3778 3460 3742
f 3778 3742 4347
f 4347 3742 4323
f 4445 4329 4404
f 4404 4329 3890
f 4404 3890 4376
f 4376 3890 3844
f 3844 3890 3523
f 3844 3523 3501
f 3501 3523 3358
f 3501 3358 3345
f 3345 3358 3195
f 3345 3195 3171
f 3171 3320 3345
f 3345 3320 3482
f 3345 3482 3501
f 3501 3482 3815
f 3501 3815 3844
f 3844 3815 4369
f 3844 4369 4376
f 4376 4369 4725
f 4376 4725 4404
f 4404 4725 4747
f 4404 4747 4620
f 4620 4747 4777
f 5167 5116 5107
f 5107 5116 4747
f 5107 4747 5093
f 5093 4747 4725
f 5093 4725 4721
f 4721 4725 4369
f 4721 4369 4347
f 4347 4369 3815
f 4347 3815 3778
f 3778 3815 3482
f 3778 3482 3471
f 3471 3482 3320
f 3471 3320 3307
f 3307 3320 3171
f 3307 3171 3163
f 4663 4788 4669
f 4669 4788 5057
f 4669 5057 4682
f 4682 5057 5061
f 4682 5061 4700
f 4700 5061 5069
f 4700 5069 4711
f 4711 5069 5080
f 4711 5080 5087
f 5087 5080 5366
f 5087 5366 5374
f 5374 5366 5599
f 5374 5599 5597
f 5056 5148 5057
f 5057 5148 5342
f 5057 5342 5061
f 5061 5342 5345
f 5061 5345 5069
f 5069 5345 5349
f 5069 5349 5080
f 5080 5349 5354
f 5080 5354 5366
f 5366 5354 5605
f 5366 5605 5599
f 5416 5394 5378
f 5378 5394 5107
f 5378 5107 5374
f 5374 5107 5093
f 5374 5093 5087
f 5087 5093 4721
f 5087 4721 4711
f 4711 4721 4347
f 4711 4347 4700
f 4700 4347 4323
f 4700 4323 4682
f 4682 4323 4302
f 4682 4302 4669
f 4669 4302 4286
f 4669 4286 4268
f 4268 4286 4249
f 3243 3241 3177
f 3177 3241 3096
f 3177 3096 3030
f 3030 3096 3062
f 3030 3062 3029
f 3491 3448 3494
f 3494 3448 3369
f 3448 3373 3369
f 3369 3373 3270
f 3369 3270 3243
f 3243 3270 3255
f 3243 3255 3241
f 3577 3683 3494
f 3494 3683 3514
f 3494 3514 3491
f 4788 4663 4790
f 4790 4663 4673
f 4663 4565 4673
f 4673 4565 4268
f 4673 4268 4193
f 4193 4268 4249
f 4193 4249 4166
f 4166 4249 4170
f 4166 4170 3577
f 3577 4170 3798
f 3577 3798 3683
f 5098 5307 5306
f 5306 5148 5098
f 5098 5148 5056
f 5098 5056 4790
f 4790 5056 4849
f 4790 4849 4788
f 5535 5534 5485
f 5535 5485 5419
f 5419 5485 5369
f 5419 5369 5307
f 5307 5369 5337
f 5307 5337 5306
f 2163 2170 2152
f 2098 2114 2099
f 2327 2277 2288
f 1989 1902 1910
f 2084 2087 2035
f 2053 2084 2021
f 2021 2084 2035
f 2021 2035 2001
f 2001 2035 1991
f 2001 1991 1971
f 1971 1991 1949
f 1949 1991 1924
f 1949 1924 1920
f 1920 1924 1896
f 1896 1924 1899
f 1896 1899 1892
f 1892 1899 1845
f 1845 1899 1851
f 1845 1851 1822
f 1790 1753 1851
f 1851 1753 1756
f 1851 1756 1822
f 1704 1753 1765
f 1765 1753 1790
f 1765 1790 1820
f 2850 3034 3030
f 3046 3034 2860
f 2860 3034 2850
f 2860 2850 2641
f 3182 3161 2977
f 2977 3161 2940
f 2977 2940 2917
f 2040 2037 1989
f 2157 2150 2133
f 3030 2842 2850
f 2850 2842 2792
f 2850 2792 2641
f 2641 2792 2630
f 2641 2630 2517
f 3074 3046 2884
f 2884 3046 2860
f 2884 2860 2649
f 2649 2860 2641
f 2649 2641 2464
f 2464 2641 2517
f 2464 2517 2461
f 3086 3074 2893
f 2893 3074 2884
f 2893 2884 2669
f 2669 2884 2649
f 2669 2649 2472
f 2472 2649 2464
f 2472 2464 2288
f 2288 2464 2461
f 2288 2461 2327
f 3117 3086 2907
f 2907 3086 2893
f 2907 2893 2689
f 2689 2893 2669
f 2689 2669 2481
f 2481 2669 2472
f 2481 2472 2293
f 2293 2472 2288
f 2293 2288 2157
f 2157 2288 2277
f 2157 2277 2150
f 3161 3117 2940
f 2940 3117 2907
f 2940 2907 2715
f 2715 2907 2689
f 2715 2689 2490
f 2490 2689 2481
f 2490 2481 2337
f 2337 2481 2293
f 2337 2293 2164
f 2164 2293 2157
f 2164 2157 2040
f 2040 2157 2133
f 2040 2133 2037
f 2245 2396 2230
f 2230 2396 2366
f 2230 2366 2188
f 2188 2366 2349
f 2188 2349 2176
f 2507 2550 2724
f 2087 2098 2035
f 2035 2098 2099
f 2035 2099 1991
f 1991 2099 2041
f 1991 2041 1924
f 1924 2041 1999
f 1924 1999 1899
f 1899 1999 1970
f 1899 1970 1851
f 1851 1970 1929
f 1851 1929 1790
f 1790 1929 1910
f 1790 1910 1820
f 1820 1910 1902
f 2163 2152 2125
f 2114 2125 2099
f 2099 2125 2152
f 2099 2152 2041
f 2041 2152 2130
f 2041 2130 1999
f 1999 2130 2108
f 1999 2108 1970
f 1970 2108 2096
f 1970 2096 1929
f 1929 2096 2052
f 1929 2052 1910
f 2170 2232 2152
f 2152 2232 2245
f 2152 2245 2130
f 2130 2245 2230
f 2130 2230 2108
f 2108 2230 2188
f 2108 2188 2096
f 2096 2188 2176
f 2096 2176 2052
f 2232 2266 2245
f 2245 2266 2333
f 2245 2333 2396
f 2396 2333 2415
f 2396 2415 2432
f 2432 2510 2396
f 2396 2510 2550
f 2396 2550 2366
f 2366 2550 2507
f 2366 2507 2349
f 2510 2565 2550
f 2550 2565 2640
f 2550 2640 2724
f 2724 2640 2740
f 2724 2740 2782
f 1989 1910 2040
f 2040 1910 2052
f 2040 2052 2164
f 2164 2052 2176
f 2164 2176 2337
f 2337 2176 2349
f 2337 2349 2490
f 2490 2349 2507
f 2490 2507 2715
f 2715 2507 2724
f 2715 2724 2940
f 2940 2724 2782
f 2940 2782 2917
f 1704 1705 1753
f 1753 1705 1730
f 1753 1730 1756
f 1756 1730 1761
f 1756 1761 1822
f 1822 1761 1794
f 1822 1794 1845
f 1898 1892 1874
f 1874 1892 1845
f 1874 1845 1846
f 1846 1845 1794
f 2054 2053 2026
f 2026 2053 2021
f 2026 2021 2002
f 2002 2021 2001
f 2002 2001 1972
f 1972 2001 1971
f 1972 1971 1950
f 1950 1971 1949
f 1950 1949 1918
f 1918 1949 1920
f 1918 1920 1898
f 1898 1920 1896
f 1898 1896 1892
f 10500 10496 10507
f 10189 10264 10275
f 10220 10226 10315
f 10249 10228 10225
f 10144 10147 10203
f 10166 10167 10220
f 10171 10172 10226
f 10226 10172 10176
f 10220 10167 10226
f 10226 10167 10170
f 10226 10170 10171
f 10149 10161 10210
f 10210 10161 10163
f 10144 10203 10140
f 10138 10196 10135
f 10135 10196 10190
f 10135 10190 10130
f 10136 10129 10131
f 10136 10131 10139
f 10139 10131 10195
f 10139 10195 10145
f 10145 10195 10202
f 10145 10202 10148
f 10148 10202 10209
f 10148 10209 10160
f 10160 10209 10162
f 10162 10209 10219
f 10162 10219 10168
f 10168 10219 10169
f 10169 10219 10225
f 10169 10225 10173
f 10173 10225 10228
f 10173 10228 10178
f 10314 10317 10249
f 10541 10537 10534
f 10534 10537 10489
f 10542 10549 10546
f 10546 10549 10541
f 10535 10538 10542
f 10408 10413 10491
f 10315 10318 10376
f 10318 10315 10250
f 10250 10315 10226
f 10250 10226 10229
f 10229 10226 10176
f 10229 10176 10179
f 10536 10543 10529
f 10529 10543 10534
f 10529 10534 10484
f 10484 10534 10489
f 10484 10489 10412
f 10163 10166 10210
f 10210 10166 10220
f 10210 10220 10310
f 10310 10220 10315
f 10310 10315 10408
f 10408 10315 10376
f 10408 10376 10413
f 10528 10536 10526
f 10526 10536 10529
f 10526 10529 10479
f 10479 10529 10484
f 10479 10484 10407
f 10407 10484 10412
f 10407 10412 10375
f 10147 10149 10203
f 10203 10149 10210
f 10203 10210 10299
f 10299 10210 10310
f 10299 10310 10406
f 10406 10310 10408
f 10406 10408 10485
f 10485 10408 10491
f 10485 10491 10490
f 10395 10388 10456
f 10521 10528 10516
f 10516 10528 10526
f 10516 10526 10473
f 10473 10526 10479
f 10473 10479 10405
f 10405 10479 10407
f 10405 10407 10314
f 10314 10407 10375
f 10314 10375 10317
f 10138 10140 10196
f 10196 10140 10203
f 10196 10203 10286
f 10286 10203 10299
f 10286 10299 10396
f 10396 10299 10406
f 10396 10406 10480
f 10480 10406 10485
f 10480 10485 10535
f 10535 10485 10490
f 10535 10490 10538
f 10506 10456 10443
f 10443 10456 10388
f 10443 10388 10379
f 10457 10444 10380
f 10131 10189 10195
f 10195 10189 10275
f 10195 10275 10202
f 10202 10275 10285
f 10202 10285 10209
f 10209 10285 10298
f 10209 10298 10219
f 10219 10298 10309
f 10219 10309 10225
f 10264 10289 10275
f 10275 10289 10379
f 10275 10379 10285
f 10285 10379 10388
f 10285 10388 10298
f 10298 10388 10395
f 10298 10395 10309
f 10289 10367 10379
f 10379 10367 10437
f 10379 10437 10443
f 10443 10437 10439
f 10443 10439 10506
f 10506 10439 10495
f 10506 10495 10499
f 10249 10225 10314
f 10314 10225 10309
f 10314 10309 10405
f 10405 10309 10395
f 10405 10395 10473
f 10473 10395 10456
f 10473 10456 10516
f 10516 10456 10506
f 10516 10506 10521
f 10521 10506 10499
f 10521 10499 10508
f 10508 10500 10521
f 10521 10500 10507
f 10521 10507 10528
f 10528 10507 10517
f 10528 10517 10536
f 10536 10517 10527
f 10536 10527 10543
f 10496 10454 10507
f 10507 10454 10444
f 10507 10444 10517
f 10517 10444 10457
f 10517 10457 10527
f 10541 10534 10546
f 10546 10534 10543
f 10546 10543 10530
f 10530 10543 10527
f 10530 10527 10474
f 10474 10527 10457
f 10474 10457 10389
f 10389 10457 10380
f 10389 10380 10276
f 10276 10380 10290
f 10276 10290 10265
f 10454 10440 10444
f 10444 10440 10438
f 10444 10438 10380
f 10380 10438 10368
f 10380 10368 10290
f 10542 10546 10535
f 10535 10546 10530
f 10535 10530 10480
f 10480 10530 10474
f 10480 10474 10396
f 10396 10474 10389
f 10396 10389 10286
f 10286 10389 10276
f 10286 10276 10196
f 10196 10276 10265
f 10196 10265 10190
f 9042 8903 8904
f 9042 8904 9043
f 9043 8904 8906
f 9043 8906 9045
f 8903 9042 8902
f 8902 9042 9041
f 8902 9041 8901
f 9041 9040 8901
f 8901 9040 9039
f 8901 9039 8900
f 8900 9039 9038
f 8900 9038 8899
f 8899 9038 9037
f 8899 9037 8898
f 8898 9037 9036
f 8898 9036 8897
f 8897 9036 9035
f 8897 9035 8896
f 8896 9035 9034
f 9032 8893 9033
f 9033 8893 8894
f 9033 8894 9034
f 9034 8894 8895
f 9034 8895 8896
f 8603 8454 8450
f 7855 7826 7823
f 7120 7117 7541
f 8894 8703 8895
f 8895 8703 8701
f 8895 8701 8896
f 8896 8701 8897
f 8897 8701 8699
f 8897 8699 8898
f 8898 8699 8899
f 8899 8699 8696
f 8899 8696 8900
f 8900 8696 8901
f 8901 8696 8694
f 8901 8694 8902
f 8902 8694 8903
f 8903 8694 8692
f 8903 8692 8904
f 8904 8692 8690
f 8904 8690 8906
f 7543 7122 7120
f 7122 7543 7128
f 7128 7543 7545
f 7128 7545 7131
f 7131 7545 7552
f 7131 7552 7143
f 7143 7552 7157
f 7157 7552 7557
f 7157 7557 7159
f 7159 7557 7562
f 7159 7562 7168
f 7168 7562 7179
f 7179 7562 7567
f 7179 7567 7181
f 7187 7181 7569
f 7569 7181 7567
f 7569 7567 7826
f 7855 7823 8204
f 8454 8204 8200
f 8894 8893 8703
f 8703 8893 8710
f 8703 8710 8603
f 7826 7567 7823
f 7823 7567 7562
f 7823 7562 7819
f 7819 7562 7557
f 7819 7557 7816
f 7816 7557 7552
f 7816 7552 7812
f 7812 7552 7545
f 7812 7545 7810
f 7810 7545 7543
f 7810 7543 7808
f 8204 7823 8200
f 8200 7823 7819
f 8200 7819 8197
f 8197 7819 7816
f 8197 7816 8190
f 8190 7816 7812
f 8190 7812 8183
f 8183 7812 7810
f 8183 7810 8179
f 8179 7810 7808
f 8179 7808 8177
f 8454 8200 8450
f 8450 8200 8197
f 8450 8197 8447
f 8447 8197 8190
f 8447 8190 8443
f 8443 8190 8183
f 8443 8183 8439
f 8439 8183 8179
f 8439 8179 8436
f 8436 8179 8177
f 8436 8177 8434
f 8603 8450 8703
f 8703 8450 8447
f 8703 8447 8701
f 8701 8447 8443
f 8701 8443 8699
f 8699 8443 8439
f 8699 8439 8696
f 8696 8439 8436
f 8696 8436 8694
f 8694 8436 8434
f 8694 8434 8692
f 8692 8434 8575
f 8692 8575 8690
f 7120 7541 7543
f 7543 7541 7671
f 7543 7671 7808
f 7808 7671 7806
f 7808 7806 8177
f 8177 7806 8173
f 8177 8173 8434
f 8434 8173 8432
f 8434 8432 8575
f 7181 7187 6905
f 7181 6905 7179
f 7159 6874 7157
f 7157 6874 6856
f 7157 6856 6843
f 7128 7131 6843
f 6843 7131 7143
f 6843 7143 7157
f 7120 7122 6821
f 6657 6817 6661
f 6661 6817 6819
f 6661 6819 6663
f 6663 6819 6664
f 6667 6664 6821
f 6821 6664 6819
f 6821 6819 7120
f 7120 6819 6817
f 7120 6817 7117
f 6692 6691 6821
f 6691 6671 6821
f 6821 6671 6669
f 6821 6669 6667
f 7122 7128 6821
f 6821 7128 6843
f 6821 6843 6692
f 6692 6843 6856
f 6692 6856 6701
f 6701 6856 6704
f 6896 6722 6874
f 6874 6722 6716
f 6716 6713 6874
f 6874 6713 6710
f 6874 6710 6856
f 6856 6710 6709
f 6856 6709 6704
f 7159 7168 6874
f 6874 7168 7179
f 6874 7179 6896
f 6896 7179 6905
f 6896 6905 6722
f 6722 6905 6731
f 6228 6221 6433
f 6664 6667 6426
f 6709 6465 6455
f 6722 6731 6480
f 6709 6710 6465
f 6465 6710 6713
f 6465 6713 6472
f 6472 6713 6716
f 6472 6716 6722
f 6447 6701 6455
f 6455 6701 6704
f 6455 6704 6709
f 6669 6671 6433
f 6433 6671 6691
f 6433 6691 6447
f 6447 6691 6692
f 6447 6692 6701
f 6426 6330 6372
f 6372 6402 6426
f 6426 6402 6417
f 6426 6417 6664
f 6664 6417 6454
f 6664 6454 6663
f 6663 6454 6483
f 6663 6483 6661
f 6661 6483 6496
f 6661 6496 6657
f 6217 6239 6221
f 6221 6239 6330
f 6221 6330 6433
f 6433 6330 6426
f 6433 6426 6669
f 6669 6426 6667
f 6228 6433 6237
f 6237 6433 6447
f 6237 6447 6241
f 6241 6447 6455
f 6241 6455 6243
f 6284 6280 6472
f 6472 6280 6275
f 6472 6275 6465
f 6465 6275 6249
f 6465 6249 6455
f 6455 6249 6247
f 6455 6247 6243
f 6722 6480 6472
f 6472 6480 6298
f 6472 6298 6284
f 6052 6186 6200
f 6243 6247 6150
f 6200 6186 6298
f 6111 6217 6221
f 6111 6221 6113
f 6133 6021 6037
f 6037 6079 6133
f 6133 6079 6083
f 6133 6083 6113
f 6113 6083 6097
f 6113 6097 6111
f 5989 6012 6021
f 6021 6012 6019
f 6021 6019 6037
f 5892 5960 6021
f 6021 5960 5981
f 6021 5981 5989
f 6043 5840 5847
f 5879 6028 5868
f 5868 6028 5851
f 5776 5795 5843
f 5843 5795 5802
f 5843 5802 5804
f 5703 5714 5762
f 5762 5714 5755
f 5762 5755 5768
f 6275 6280 6186
f 6186 6280 6284
f 6186 6284 6298
f 6241 6133 6237
f 6237 6133 6113
f 6237 6113 6228
f 6228 6113 6221
f 6247 6249 6150
f 6150 6249 6167
f 6150 6167 6028
f 6028 6167 6043
f 6028 6043 5851
f 5851 6043 5847
f 6241 6243 6133
f 6133 6243 6150
f 6133 6150 6021
f 6021 6150 6028
f 6021 6028 5892
f 5892 6028 5879
f 6200 6062 6052
f 6052 6062 5917
f 6052 5917 5843
f 5843 5917 5853
f 5843 5853 5776
f 5776 5853 5768
f 5776 5768 5767
f 5767 5768 5755
f 6249 6275 6167
f 6167 6275 6186
f 6167 6186 6043
f 6043 6186 6052
f 6043 6052 5840
f 5840 6052 5843
f 5840 5843 5835
f 5835 5843 5804
f 5999 5911 5105
f 5105 5911 5880
f 5105 5880 5862
f 5245 5225 5832
f 5862 5855 5105
f 5105 5855 5832
f 5105 5832 5197
f 5197 5832 5225
f 5716 5703 5560
f 5365 5735 5392
f 5392 5735 5716
f 5392 5716 5397
f 5397 5716 5560
f 5397 5560 5405
f 5365 5359 5735
f 5735 5359 5328
f 5735 5328 5751
f 5751 5328 5325
f 5751 5325 5777
f 5777 5325 5300
f 5777 5300 5803
f 5803 5300 5284
f 5803 5284 5818
f 5818 5284 5265
f 5818 5265 5832
f 5832 5265 5252
f 5832 5252 5245
f 5321 5324 5322
f 5322 5324 5331
f 5351 5405 5336
f 5240 5147 5163
f 4926 4818 4832
f 5240 5322 5305
f 5305 5322 5331
f 5305 5331 5336
f 5336 5331 5341
f 5336 5341 5351
f 5240 5163 5322
f 5322 5163 5308
f 5322 5308 5321
f 5255 5259 5173
f 5173 5259 5268
f 5173 5268 5163
f 5163 5268 5298
f 5163 5298 5308
f 5185 5214 5181
f 5181 5214 5224
f 5181 5224 5173
f 5173 5224 5250
f 5173 5250 5255
f 5144 4869 5123
f 5123 4869 4870
f 4870 4875 5123
f 5123 4875 4878
f 5123 4878 5115
f 5115 4878 5114
f 4899 4942 4893
f 4893 4942 5010
f 4893 5010 4889
f 4889 5010 5027
f 4889 5027 4880
f 4880 5027 5028
f 4880 5028 4878
f 4878 5028 5067
f 4878 5067 5114
f 4841 4867 5173
f 5173 4867 4869
f 5173 4869 5181
f 5181 4869 5144
f 5181 5144 5185
f 5147 4926 5163
f 5163 4926 4832
f 5163 4832 5173
f 5173 4832 4834
f 5173 4834 4841
f 4734 4787 4686
f 4871 4899 4893
f 4832 4818 4635
f 4832 4635 4834
f 4841 4641 4648
f 4658 4869 4648
f 4648 4869 4867
f 4648 4867 4841
f 4880 4878 4664
f 4664 4878 4875
f 4664 4875 4658
f 4658 4875 4870
f 4658 4870 4869
f 4686 4787 4680
f 4880 4664 4889
f 4889 4664 4680
f 4889 4680 4893
f 4893 4680 4787
f 4893 4787 4871
f 4645 4696 4686
f 4686 4696 4715
f 4686 4715 4734
f 4455 4458 4459
f 4459 4605 4455
f 4455 4605 4633
f 4455 4633 4453
f 4453 4633 4645
f 4453 4645 4449
f 4449 4645 4686
f 4449 4686 4447
f 4447 4686 4680
f 4447 4680 4434
f 4434 4680 4664
f 4390 4394 4641
f 4641 4394 4401
f 4641 4401 4648
f 4648 4401 4409
f 4648 4409 4658
f 4658 4409 4410
f 4658 4410 4664
f 4664 4410 4427
f 4664 4427 4434
f 4382 4390 4635
f 4635 4390 4641
f 4635 4641 4834
f 4834 4641 4841
f 4202 4211 4382
f 4382 4211 4390
f 4390 4211 4394
f 4394 4211 4233
f 4394 4233 4401
f 4401 4233 4409
f 4409 4233 4245
f 4409 4245 4410
f 4410 4245 4260
f 4410 4260 4427
f 4427 4260 4434
f 4434 4260 4284
f 4434 4284 4447
f 3998 4294 4291
f 4291 4294 4458
f 4458 4455 4291
f 4291 4455 4453
f 4291 4453 4284
f 4284 4453 4449
f 4284 4449 4447
f 3998 4291 3991
f 3991 4291 4284
f 3991 4284 3982
f 3982 4284 4260
f 3982 4260 3968
f 3968 4260 4245
f 3968 4245 3951
f 3951 4245 4233
f 3951 4233 3938
f 3938 4233 4211
f 3938 4211 3928
f 3928 4211 4202
f 3928 4202 3923
f 3923 3543 3545
f 3923 3545 3928
f 3928 3545 3549
f 3928 3549 3938
f 3938 3549 3554
f 3938 3554 3951
f 3951 3554 3559
f 3951 3559 3968
f 3968 3559 3566
f 3968 3566 3982
f 3982 3566 3568
f 3982 3568 3991
f 3991 3568 3570
f 3991 3570 3998
f 2438 2220 2222
f 2220 2438 2219
f 2219 2438 2436
f 2219 2436 2218
f 2218 2436 2217
f 2217 2436 2434
f 2217 2434 2216
f 2216 2434 2215
f 2215 2434 2431
f 2215 2431 2214
f 2214 2431 2213
f 2213 2431 2429
f 2213 2429 2212
f 2212 2429 2211
f 2211 2429 2426
f 2211 2426 2210
f 2548 2419 2426
f 2426 2419 2324
f 2426 2324 2210
f 2210 2324 2209
f 2677 2674 2548
f 2674 2677 2932
f 3284 2932 2936
f 3543 3284 3287
f 2548 2426 2677
f 2677 2426 2429
f 2677 2429 2680
f 2680 2429 2431
f 2680 2431 2684
f 2684 2431 2434
f 2684 2434 2688
f 2688 2434 2436
f 2688 2436 2691
f 2691 2436 2438
f 2691 2438 2693
f 2932 2677 2936
f 2936 2677 2680
f 2936 2680 2939
f 2939 2680 2684
f 2939 2684 2946
f 2946 2684 2688
f 2946 2688 2953
f 2953 2688 2691
f 2953 2691 2957
f 2957 2691 2693
f 2957 2693 2959
f 3284 2936 3287
f 3287 2936 2939
f 3287 2939 3291
f 3291 2939 2946
f 3291 2946 3294
f 3294 2946 2953
f 3294 2953 3298
f 3298 2953 2957
f 3298 2957 3300
f 3300 2957 2959
f 3300 2959 3302
f 2222 2440 2438
f 2438 2440 2552
f 2438 2552 2693
f 2693 2552 2695
f 2693 2695 2959
f 2959 2695 2963
f 2959 2963 3302
f 3302 2963 3304
f 3302 3304 3439
f 3543 3287 3545
f 3545 3287 3291
f 3545 3291 3549
f 3549 3291 3294
f 3549 3294 3554
f 3554 3294 3298
f 3554 3298 3559
f 3559 3298 3300
f 3559 3300 3566
f 3566 3300 3302
f 3566 3302 3568
f 3568 3302 3439
f 3568 3439 3570
f 2209 2068 2210
f 2210 2068 2069
f 2210 2069 2211
f 2211 2069 2070
f 2211 2070 2212
f 2212 2070 2071
f 2212 2071 2213
f 2213 2071 2072
f 2213 2072 2214
f 2214 2072 2073
f 2214 2073 2215
f 2215 2073 2074
f 2215 2074 2216
f 2216 2074 2075
f 2216 2075 2217
f 2217 2075 2076
f 2217 2076 2218
f 2218 2076 2077
f 2218 2077 2219
f 2219 2077 2078
f 2219 2078 2220
f 2220 2078 2079
f 2220 2079 2222
f 2222 2079 2081
f 2064 2063 2013
f 2062 2061 2016
f 2060 2059 2019
f 2058 2057 2023
f 1694 1657 1680
f 1614 1569 1583
f 1513 1461 1474
f 1453 1414 1420
f 2056 2055 2025
f 2025 2055 2054
f 2010 2066 2065
f 1725 1792 1794
f 1705 1697 1730
f 1730 1697 1725
f 1730 1725 1761
f 1761 1725 1794
f 1916 1898 1872
f 1872 1898 1874
f 1872 1874 1792
f 1792 1874 1846
f 1792 1846 1794
f 1969 1950 1916
f 1916 1950 1918
f 1916 1918 1898
f 2054 2026 2025
f 2025 2026 2002
f 2025 2002 1969
f 1969 2002 1972
f 1969 1972 1950
f 1697 1694 1725
f 1725 1694 1680
f 1725 1680 1792
f 1792 1680 1777
f 1792 1777 1872
f 1872 1777 1864
f 1872 1864 1916
f 1916 1864 1911
f 1916 1911 1969
f 1969 1911 1966
f 1969 1966 2025
f 2025 1966 2023
f 2025 2023 2056
f 2056 2023 2057
f 1657 1621 1680
f 1680 1621 1641
f 1680 1641 1777
f 1777 1641 1734
f 1777 1734 1864
f 1864 1734 1848
f 1864 1848 1911
f 1911 1848 1905
f 1911 1905 1966
f 1966 1905 1960
f 1966 1960 2023
f 2023 1960 2019
f 2023 2019 2058
f 2058 2019 2059
f 1621 1614 1641
f 1641 1614 1583
f 1641 1583 1734
f 1734 1583 1650
f 1734 1650 1848
f 1848 1650 1807
f 1848 1807 1905
f 1905 1807 1897
f 1905 1897 1960
f 1960 1897 1955
f 1960 1955 2019
f 2019 1955 2016
f 2019 2016 2060
f 2060 2016 2061
f 1569 1525 1583
f 1583 1525 1534
f 1583 1534 1650
f 1650 1534 1584
f 1650 1584 1807
f 1807 1584 1749
f 1807 1749 1897
f 1897 1749 1885
f 1897 1885 1955
f 1955 1885 1948
f 1955 1948 2016
f 2016 1948 2013
f 2016 2013 2062
f 2062 2013 2063
f 1525 1513 1534
f 1534 1513 1474
f 1534 1474 1584
f 1584 1474 1535
f 1584 1535 1749
f 1749 1535 1653
f 1749 1653 1885
f 1885 1653 1865
f 1885 1865 1948
f 1948 1865 1936
f 1948 1936 2013
f 2013 1936 2010
f 2013 2010 2064
f 2064 2010 2065
f 2067 2066 2004
f 2004 2066 2010
f 2004 2010 1925
f 1925 2010 1936
f 1925 1936 1843
f 1843 1936 1865
f 1843 1865 1592
f 1592 1865 1653
f 1592 1653 1483
f 1483 1653 1535
f 1483 1535 1420
f 1420 1535 1474
f 1420 1474 1453
f 1453 1474 1461
f 2195 2054 2196
f 2196 2054 2055
f 2196 2055 2197
f 2055 2056 2197
f 2197 2056 2057
f 2197 2057 2198
f 2198 2057 2058
f 2198 2058 2199
f 2199 2058 2059
f 2199 2059 2200
f 2200 2059 2060
f 2200 2060 2201
f 2201 2060 2061
f 2201 2061 2202
f 2202 2061 2062
f 2202 2062 2203
f 2203 2062 2063
f 2203 2063 2204
f 2204 2063 2064
f 2204 2064 2205
f 2205 2064 2065
f 2067 2208 2066
f 2066 2208 2207
f 2066 2207 2065
f 2065 2207 2206
f 2065 2206 2205
f 2523 2673 2676
f 3992 3996 3569
f 2207 2208 2301
f 2207 2425 2206
f 2206 2425 2428
f 2206 2428 2205
f 2205 2428 2204
f 2204 2428 2430
f 2204 2430 2203
f 2203 2430 2202
f 2202 2430 2433
f 2202 2433 2201
f 2201 2433 2200
f 2200 2433 2435
f 2200 2435 2199
f 2196 2197 2435
f 2435 2197 2198
f 2435 2198 2199
f 2435 2437 2196
f 2196 2437 2439
f 2196 2439 2195
f 3567 3990 3992
f 3990 3567 3984
f 3984 3567 3565
f 3984 3565 3981
f 3981 3565 3558
f 3981 3558 3969
f 3969 3558 3952
f 3952 3558 3553
f 3952 3553 3950
f 3950 3553 3548
f 3950 3548 3939
f 3939 3548 3929
f 3929 3548 3544
f 3929 3544 3927
f 3922 3927 3542
f 3542 3927 3544
f 3542 3544 3283
f 2931 3283 3286
f 2673 2931 2935
f 2207 2301 2425
f 2425 2301 2418
f 2425 2418 2523
f 3283 3544 3286
f 3286 3544 3548
f 3286 3548 3290
f 3290 3548 3553
f 3290 3553 3293
f 3293 3553 3558
f 3293 3558 3297
f 3297 3558 3565
f 3297 3565 3299
f 3299 3565 3567
f 3299 3567 3301
f 2931 3286 2935
f 2935 3286 3290
f 2935 3290 2938
f 2938 3290 3293
f 2938 3293 2945
f 2945 3293 3297
f 2945 3297 2952
f 2952 3297 3299
f 2952 3299 2956
f 2956 3299 3301
f 2956 3301 2958
f 2673 2935 2676
f 2676 2935 2938
f 2676 2938 2679
f 2679 2938 2945
f 2679 2945 2683
f 2683 2945 2952
f 2683 2952 2687
f 2687 2952 2956
f 2687 2956 2690
f 2690 2956 2958
f 2690 2958 2692
f 3992 3569 3567
f 3567 3569 3438
f 3567 3438 3301
f 3301 3438 3303
f 3301 3303 2958
f 2958 3303 2962
f 2958 2962 2692
f 2692 2962 2694
f 2692 2694 2551
f 2523 2676 2425
f 2425 2676 2679
f 2425 2679 2428
f 2428 2679 2683
f 2428 2683 2430
f 2430 2683 2687
f 2430 2687 2433
f 2433 2687 2690
f 2433 2690 2435
f 2435 2690 2692
f 2435 2692 2437
f 2437 2692 2551
f 2437 2551 2439
f 3927 3922 4203
f 3927 4203 3929
f 3950 4235 3952
f 3952 4235 4250
f 3952 4250 4264
f 3984 3981 4264
f 4264 3981 3969
f 4264 3969 3952
f 3992 3990 4288
f 4457 4295 4454
f 4454 4295 4293
f 4454 4293 4452
f 4452 4293 4451
f 4448 4451 4288
f 4288 4451 4293
f 4288 4293 3992
f 3992 4293 4295
f 3992 4295 3996
f 4421 4422 4288
f 4422 4443 4288
f 4288 4443 4446
f 4288 4446 4448
f 3990 3984 4288
f 4288 3984 4264
f 4288 4264 4421
f 4421 4264 4250
f 4421 4250 4411
f 4411 4250 4408
f 4216 4391 4235
f 4235 4391 4395
f 4395 4398 4235
f 4235 4398 4402
f 4235 4402 4250
f 4250 4402 4403
f 4250 4403 4408
f 3950 3939 4235
f 4235 3939 3929
f 4235 3929 4216
f 4216 3929 4203
f 4216 4203 4391
f 4391 4203 4381
f 4451 4448 4687
f 4403 4649 4659
f 4478 4634 4642
f 4403 4402 4649
f 4649 4402 4398
f 4649 4398 4642
f 4642 4398 4395
f 4642 4395 4478
f 4478 4395 4391
f 4478 4391 4381
f 4666 4411 4659
f 4659 4411 4408
f 4659 4408 4403
f 4446 4443 4681
f 4681 4443 4422
f 4681 4422 4666
f 4666 4422 4421
f 4666 4421 4411
f 4687 4785 4742
f 4742 4710 4687
f 4687 4710 4697
f 4687 4697 4451
f 4451 4697 4660
f 4451 4660 4452
f 4452 4660 4632
f 4452 4632 4454
f 4454 4632 4619
f 4454 4619 4457
f 4898 4876 4894
f 4894 4876 4785
f 4894 4785 4681
f 4681 4785 4687
f 4681 4687 4446
f 4446 4687 4448
f 4868 4872 4659
f 4659 4872 4874
f 4659 4874 4666
f 4666 4874 4879
f 4666 4879 4681
f 4681 4879 4888
f 4681 4888 4894
f 4868 4659 4866
f 4866 4659 4649
f 4866 4649 4840
f 4840 4649 4642
f 4840 4642 4835
f 4634 4817 4642
f 4642 4817 4831
f 4642 4831 4835
f 5055 4927 4915
f 4872 4868 4961
f 4915 4927 4817
f 4997 4898 4894
f 4997 4894 4996
f 4977 5082 5068
f 5068 5029 4977
f 4977 5029 5024
f 4977 5024 4996
f 4996 5024 5011
f 4996 5011 4997
f 5082 5121 5113
f 5113 5090 5082
f 5082 5090 5083
f 5082 5083 5068
f 5143 5077 5215
f 5215 5077 5227
f 5264 5258 5063
f 5063 5258 5254
f 5063 5254 5238
f 5330 5310 5262
f 5262 5310 5301
f 5262 5301 5299
f 5404 5393 5344
f 5344 5393 5352
f 5344 5352 5338
f 4840 4835 4927
f 4927 4835 4831
f 4927 4831 4817
f 4874 4977 4879
f 4879 4977 4996
f 4879 4996 4888
f 4888 4996 4894
f 4868 4866 4961
f 4961 4866 4945
f 4961 4945 5077
f 5077 4945 5063
f 5077 5063 5227
f 5227 5063 5238
f 4874 4872 4977
f 4977 4872 4961
f 4977 4961 5082
f 5082 4961 5077
f 5082 5077 5121
f 5121 5077 5143
f 4915 5046 5055
f 5055 5046 5190
f 5055 5190 5262
f 5262 5190 5253
f 5262 5253 5330
f 5330 5253 5338
f 5330 5338 5339
f 5339 5338 5352
f 4866 4840 4945
f 4945 4840 4927
f 4945 4927 5063
f 5063 4927 5055
f 5063 5055 5264
f 5264 5055 5262
f 5264 5262 5267
f 5267 5262 5299
f 5391 5404 5549
f 5742 5372 5715
f 5715 5372 5391
f 5715 5391 5710
f 5710 5391 5549
f 5710 5549 5702
f 5805 5329 5781
f 5781 5329 5356
f 5781 5356 5778
f 5778 5356 5372
f 5778 5372 5748
f 5748 5372 5742
f 5104 5196 5998
f 5998 5196 5226
f 5998 5226 5244
f 5837 5271 5819
f 5819 5271 5285
f 5819 5285 5805
f 5805 5285 5297
f 5805 5297 5329
f 5837 5854 5271
f 5271 5854 5861
f 5271 5861 5881
f 5244 5251 5998
f 5998 5251 5271
f 5998 5271 5910
f 5910 5271 5881
f 5866 6061 6050
f 6188 6198 6187
f 6187 6198 6297
f 6187 6297 6283
f 5756 5702 5770
f 5770 5852 5842
f 5839 5838 5842
f 5842 5838 5806
f 5842 5806 5796
f 5796 5785 5842
f 5842 5785 5775
f 5842 5775 5770
f 5770 5775 5765
f 5770 5765 5756
f 6027 5882 6042
f 6042 5882 5856
f 6042 5856 5850
f 5852 5866 5842
f 5842 5866 6050
f 5842 6050 5839
f 5839 6050 6042
f 5839 6042 5846
f 5846 6042 5850
f 6038 6020 6022
f 6022 6020 5990
f 6022 5990 6027
f 6027 5990 5988
f 6027 5988 5987
f 5987 5959 6027
f 6027 5959 5893
f 6027 5893 5882
f 6112 6098 6114
f 6114 6098 6084
f 6114 6084 6135
f 6135 6084 6080
f 6135 6080 6038
f 6216 6171 6223
f 6223 6171 6112
f 6223 6112 6227
f 6227 6112 6114
f 6227 6114 6236
f 6236 6114 6135
f 6170 6246 6153
f 6153 6246 6245
f 6153 6245 6135
f 6135 6245 6240
f 6135 6240 6236
f 6283 6281 6187
f 6187 6281 6274
f 6187 6274 6170
f 6170 6274 6248
f 6170 6248 6246
f 6038 6022 6135
f 6135 6022 6027
f 6135 6027 6153
f 6153 6027 6042
f 6153 6042 6170
f 6170 6042 6050
f 6170 6050 6187
f 6187 6050 6061
f 6187 6061 6188
f 6244 6216 6223
f 6656 6510 6660
f 6660 6510 6481
f 6660 6481 6662
f 6662 6481 6469
f 6662 6469 6666
f 6666 6429 6668
f 6668 6429 6437
f 6668 6437 6679
f 6679 6437 6448
f 6458 6702 6448
f 6448 6702 6687
f 6448 6687 6679
f 6479 6482 6473
f 6473 6482 6636
f 6703 6466 6711
f 6711 6466 6473
f 6711 6473 6718
f 6718 6473 6636
f 6718 6636 6723
f 6723 6636 6730
f 6244 6223 6328
f 6403 6378 6429
f 6429 6378 6328
f 6429 6328 6437
f 6666 6469 6429
f 6429 6469 6427
f 6429 6427 6403
f 6328 6223 6437
f 6437 6223 6227
f 6437 6227 6448
f 6246 6466 6458
f 6458 6466 6703
f 6458 6703 6702
f 6246 6248 6466
f 6466 6248 6274
f 6466 6274 6473
f 6473 6274 6281
f 6473 6281 6479
f 6479 6281 6283
f 6479 6283 6297
f 6227 6236 6448
f 6448 6236 6240
f 6448 6240 6458
f 6458 6240 6245
f 6458 6245 6246
f 7121 6820 6826
f 7121 6826 7130
f 7130 6826 6845
f 7130 6845 7144
f 7144 6845 6860
f 7144 6860 7158
f 7158 6860 6877
f 7158 6877 7169
f 7169 6877 6900
f 7169 6900 7180
f 7186 7180 6907
f 6907 7180 6900
f 6907 6900 6730
f 6730 6900 6723
f 6723 6900 6718
f 6718 6900 6877
f 6718 6877 6711
f 6711 6877 6703
f 6703 6877 6860
f 6703 6860 6702
f 6702 6860 6845
f 6702 6845 6687
f 6687 6845 6679
f 6679 6845 6826
f 6679 6826 6668
f 7121 7115 6820
f 6820 7115 6818
f 6820 6818 6656
f 6656 6660 6820
f 6820 6660 6662
f 6820 6662 6826
f 6826 6662 6666
f 6826 6666 6668
f 7856 8203 8199
f 8578 8709 8702
f 7186 7568 7566
f 8691 8881 8880
f 8881 8691 8882
f 8882 8691 8693
f 8882 8693 8883
f 8883 8693 8884
f 8884 8693 8695
f 8884 8695 8885
f 8885 8695 8886
f 8886 8695 8698
f 8886 8698 8887
f 8887 8698 8888
f 8888 8698 8700
f 8888 8700 8889
f 8889 8700 8890
f 8890 8700 8702
f 8890 8702 8891
f 8891 8702 8709
f 8891 8709 8892
f 7186 7566 7180
f 7180 7566 7561
f 7180 7561 7169
f 7169 7561 7556
f 7169 7556 7158
f 7158 7556 7551
f 7158 7551 7144
f 7144 7551 7544
f 7144 7544 7130
f 7130 7544 7542
f 7130 7542 7121
f 7121 7542 7540
f 7121 7540 7115
f 8449 8453 8578
f 8453 8449 8203
f 7822 7825 7856
f 7825 7822 7568
f 8578 8702 8449
f 8449 8702 8700
f 8449 8700 8446
f 8446 8700 8698
f 8446 8698 8442
f 8442 8698 8695
f 8442 8695 8438
f 8438 8695 8693
f 8438 8693 8435
f 8435 8693 8691
f 8435 8691 8433
f 8203 8449 8199
f 8199 8449 8446
f 8199 8446 8196
f 8196 8446 8442
f 8196 8442 8189
f 8189 8442 8438
f 8189 8438 8182
f 8182 8438 8435
f 8182 8435 8178
f 8178 8435 8433
f 8178 8433 8176
f 7856 8199 7822
f 7822 8199 8196
f 7822 8196 7818
f 7818 8196 8189
f 7818 8189 7815
f 7815 8189 8182
f 7815 8182 7811
f 7811 8182 8178
f 7811 8178 7809
f 7809 8178 8176
f 7809 8176 7807
f 8880 8689 8691
f 8691 8689 8574
f 8691 8574 8433
f 8433 8574 8431
f 8433 8431 8176
f 8176 8431 8172
f 8176 8172 7807
f 7807 8172 7805
f 7807 7805 7670
f 7568 7822 7566
f 7566 7822 7818
f 7566 7818 7561
f 7561 7818 7815
f 7561 7815 7556
f 7556 7815 7811
f 7556 7811 7551
f 7551 7811 7809
f 7551 7809 7544
f 7544 7809 7807
f 7544 7807 7542
f 7542 7807 7670
f 7542 7670 7540
f 8892 9031 8891
f 8891 9031 9030
f 8891 9030 8890
f 8890 9030 9029
f 8890 9029 8889
f 8889 9029 9028
f 8889 9028 8888
f 8888 9028 9027
f 8888 9027 8887
f 8887 9027 9026
f 8887 9026 8886
f 8886 9026 9025
f 8886 9025 8885
f 8885 9025 9024
f 8885 9024 8884
f 8884 9024 9023
f 8884 9023 8883
f 8883 9023 9022
f 8883 9022 8882
f 8882 9022 9021
f 8882 9021 8881
f 8881 9021 9020
f 8881 9020 8880
f 8880 9020 9019
f 9096 9071 9074
f 9148 9125 9130
f 9200 9179 9184
f 9399 9387 9365
f 9380 9409 9399
f 9409 9380 9436
f 9436 9380 9427
f 9436 9427 9441
f 9441 9427 9478
f 9441 9478 9480
f 9480 9478 9525
f 9525 9478 9528
f 9525 9528 9540
f 9540 9528 9585
f 9540 9585 9581
f 9581 9585 9640
f 9640 9585 9639
f 9640 9639 9650
f 9093 9092 9031
f 9031 9092 9030
f 9030 9092 9029
f 9029 9092 9086
f 9029 9086 9028
f 9028 9086 9027
f 9027 9086 9083
f 9027 9083 9026
f 9026 9083 9025
f 9025 9083 9080
f 9025 9080 9024
f 9024 9080 9023
f 9023 9080 9077
f 9023 9077 9022
f 9022 9077 9021
f 9021 9077 9074
f 9021 9074 9020
f 9020 9074 9071
f 9020 9071 9019
f 9680 9650 9674
f 9674 9650 9639
f 9674 9639 9611
f 9502 9611 9580
f 9253 9502 9464
f 9172 9253 9241
f 9093 9172 9167
f 9611 9639 9580
f 9580 9639 9585
f 9580 9585 9524
f 9524 9585 9528
f 9524 9528 9472
f 9472 9528 9478
f 9472 9478 9403
f 9403 9478 9427
f 9403 9427 9331
f 9331 9427 9380
f 9331 9380 9309
f 9399 9365 9380
f 9380 9365 9334
f 9380 9334 9309
f 9309 9334 9299
f 9309 9299 9251
f 9502 9580 9464
f 9464 9580 9524
f 9464 9524 9377
f 9377 9524 9472
f 9377 9472 9308
f 9308 9472 9403
f 9308 9403 9259
f 9259 9403 9331
f 9259 9331 9235
f 9235 9331 9309
f 9235 9309 9227
f 9227 9309 9251
f 9227 9251 9222
f 9253 9464 9241
f 9241 9464 9377
f 9241 9377 9215
f 9215 9377 9308
f 9215 9308 9205
f 9205 9308 9259
f 9205 9259 9198
f 9198 9259 9235
f 9198 9235 9189
f 9189 9235 9227
f 9189 9227 9184
f 9184 9227 9222
f 9184 9222 9200
f 9172 9241 9167
f 9167 9241 9215
f 9167 9215 9155
f 9155 9215 9205
f 9155 9205 9146
f 9146 9205 9198
f 9146 9198 9141
f 9141 9198 9189
f 9141 9189 9132
f 9132 9189 9184
f 9132 9184 9130
f 9130 9184 9179
f 9130 9179 9148
f 9093 9167 9092
f 9092 9167 9155
f 9092 9155 9086
f 9086 9155 9146
f 9086 9146 9083
f 9083 9146 9141
f 9083 9141 9080
f 9080 9141 9132
f 9080 9132 9077
f 9077 9132 9130
f 9077 9130 9074
f 9074 9130 9125
f 9074 9125 9096
f 2235 2309 2182
f 2182 2309 2273
f 2182 2273 2138
f 2138 2273 2190
f 2138 2190 2092
f 2092 2190 2120
f 2092 2120 1978
f 1978 2120 1976
f 1978 1976 1796
f 1796 1976 1548
f 1796 1548 1406
f 1406 1548 1243
f 1406 1243 1251
f 1251 1243 1212
f 1251 1212 1235
f 2247 2377 2235
f 2235 2377 2354
f 2235 2354 2309
f 2184 2311 2237
f 2237 2311 2356
f 2237 2356 2249
f 2249 2356 2393
f 2249 2393 2257
f 2257 2393 2405
f 2257 2405 2247
f 2247 2405 2391
f 2247 2391 2377
f 1212 1171 1235
f 1235 1171 1162
f 1235 1162 1226
f 1226 1162 1157
f 1226 1157 1222
f 1222 1157 1152
f 1222 1152 1228
f 1228 1152 1159
f 1228 1159 1237
f 1237 1159 1173
f 1237 1173 1253
f 1253 1173 1214
f 1253 1214 1408
f 1408 1214 1245
f 1408 1245 1798
f 1798 1245 1550
f 1798 1550 1980
f 1980 1550 1982
f 1980 1982 2094
f 2094 1982 2122
f 2094 2122 2140
f 2140 2122 2192
f 2140 2192 2184
f 2184 2192 2275
f 2184 2275 2311
f 2928 3068 2994
f 2994 3068 3156
f 2994 3156 3027
f 3027 3156 3208
f 3027 3208 3041
f 3041 3208 3222
f 3041 3222 3025
f 3025 3222 3206
f 3025 3206 2992
f 2992 3206 3154
f 2992 3154 2926
f 2926 3154 3063
f 2926 3063 2880
f 2880 3063 2948
f 2880 2948 2813
f 2813 2948 2844
f 2813 2844 2767
f 2767 2844 2765
f 2767 2765 2705
f 2705 2765 2664
f 2705 2664 2634
f 2592 2530 2636
f 2636 2530 2581
f 2636 2581 2707
f 2707 2581 2666
f 2707 2666 2769
f 2769 2666 2771
f 2769 2771 2815
f 2815 2771 2846
f 2815 2846 2882
f 2882 2846 2950
f 2882 2950 2928
f 2928 2950 3065
f 2928 3065 3068
f 2557 2496 2592
f 2592 2496 2500
f 2592 2500 2530
f 2664 2579 2634
f 2634 2579 2528
f 2634 2528 2590
f 2590 2528 2498
f 2590 2498 2555
f 2555 2498 2454
f 2555 2454 2512
f 2512 2454 2421
f 2512 2421 2508
f 2508 2421 2403
f 2508 2403 2514
f 2514 2403 2423
f 2514 2423 2557
f 2557 2423 2456
f 2557 2456 2496
f 3382 3486 3360
f 3360 3486 3467
f 3360 3467 3322
f 3322 3467 3417
f 3322 3417 3264
f 3264 3417 3337
f 3264 3337 3213
f 3213 3337 3244
f 3213 3244 3111
f 3111 3244 3109
f 3111 3109 3014
f 3014 3109 2969
f 3014 2969 2918
f 2918 2969 2869
f 2918 2869 2876
f 2876 2869 2794
f 2876 2794 2832
f 2794 2733 2832
f 2832 2733 2719
f 2832 2719 2807
f 2807 2719 2711
f 2807 2711 2798
f 2798 2711 2698
f 2798 2698 2809
f 2809 2698 2713
f 2809 2713 2834
f 2834 2713 2735
f 2834 2735 2878
f 2878 2735 2796
f 2878 2796 2920
f 2920 2796 2871
f 2920 2871 3016
f 3016 2871 2971
f 3016 2971 3113
f 3113 2971 3115
f 3113 3115 3215
f 3215 3115 3246
f 3215 3246 3266
f 3266 3246 3339
f 3266 3339 3324
f 3324 3339 3419
f 3324 3419 3362
f 3362 3419 3469
f 3362 3469 3384
f 3384 3469 3508
f 3384 3508 3392
f 3392 3508 3517
f 3392 3517 3382
f 3382 3517 3506
f 3382 3506 3486
f 8853 8748 8865
f 8865 8748 8771
f 8865 8771 8917
f 8917 8771 8827
f 8917 8827 8960
f 8960 8827 8909
f 8960 8909 9006
f 9006 8909 8978
f 9006 8978 9119
f 9119 8978 9121
f 9119 9121 9297
f 9297 9121 9546
f 9297 9546 9688
f 9688 9546 9853
f 9688 9853 9845
f 9845 9853 9884
f 9845 9884 9861
f 9884 9925 9861
f 9861 9925 9934
f 9861 9934 9870
f 9870 9934 9939
f 9870 9939 9874
f 9874 9939 9944
f 9874 9944 9868
f 9868 9944 9937
f 9868 9937 9859
f 9859 9937 9923
f 9859 9923 9843
f 9843 9923 9882
f 9843 9882 9686
f 9686 9882 9851
f 9686 9851 9295
f 9295 9851 9544
f 9295 9544 9117
f 9117 9544 9115
f 9117 9115 9004
f 9004 9115 8976
f 9004 8976 8958
f 8958 8976 8907
f 8958 8907 8915
f 8915 8907 8825
f 8915 8825 8863
f 8863 8825 8769
f 8863 8769 8851
f 8851 8769 8732
f 8851 8732 8846
f 8846 8732 8720
f 8846 8720 8853
f 8853 8720 8734
f 8853 8734 8748
f 8534 8597 8489
f 8489 8597 8545
f 8489 8545 8418
f 8418 8545 8459
f 8418 8459 8361
f 8361 8459 8359
f 8361 8359 8318
f 8318 8359 8288
f 8318 8288 8252
f 8252 8288 8184
f 8252 8184 8206
f 8568 8630 8534
f 8534 8630 8625
f 8534 8625 8597
f 8491 8599 8536
f 8536 8599 8627
f 8536 8627 8570
f 8570 8627 8671
f 8570 8671 8614
f 8614 8671 8706
f 8614 8706 8617
f 8617 8706 8722
f 8617 8722 8612
f 8612 8722 8704
f 8612 8704 8568
f 8568 8704 8669
f 8568 8669 8630
f 8184 8069 8206
f 8206 8069 8065
f 8206 8065 8140
f 8140 8065 7978
f 8140 7978 8107
f 8107 7978 7926
f 8107 7926 8093
f 8093 7926 7912
f 8093 7912 8109
f 8109 7912 7928
f 8109 7928 8142
f 8142 7928 7980
f 8142 7980 8208
f 8208 7980 8071
f 8208 8071 8254
f 8254 8071 8186
f 8254 8186 8320
f 8320 8186 8290
f 8320 8290 8363
f 8363 8290 8365
f 8363 8365 8420
f 8420 8365 8461
f 8420 8461 8491
f 8491 8461 8547
f 8491 8547 8599
f 7919 7850 7868
f 7868 7850 7769
f 7868 7769 7784
f 7784 7769 7689
f 7784 7689 7746
f 7746 7689 7639
f 7746 7639 7724
f 7724 7639 7602
f 7724 7602 7716
f 7716 7602 7593
f 7716 7593 7726
f 7726 7593 7604
f 7726 7604 7748
f 7748 7604 7641
f 7748 7641 7786
f 7786 7641 7691
f 7786 7691 7870
f 7691 7771 7870
f 7870 7771 7852
f 7870 7852 7921
f 7921 7852 7890
f 7921 7890 8023
f 8023 7890 8025
f 8023 8025 8120
f 8120 8025 8165
f 8120 8165 8216
f 8216 8165 8265
f 8216 8265 8258
f 8258 8265 8338
f 8258 8338 8302
f 8302 8338 8394
f 8302 8394 8326
f 8326 8394 8414
f 8326 8414 8334
f 8334 8414 8427
f 8334 8427 8324
f 8324 8427 8412
f 8324 8412 8300
f 8300 8412 8392
f 8300 8392 8256
f 8256 8392 8336
f 8256 8336 8214
f 8214 8336 8263
f 8214 8263 8118
f 8118 8263 8163
f 8118 8163 8021
f 8021 8163 8019
f 8021 8019 7919
f 7919 8019 7888
f 7919 7888 7850
f 2410 2321 2470
f 2470 2321 2384
f 2470 2384 2544
f 2358 2233 2369
f 2369 2233 2241
f 2369 2241 2410
f 2410 2241 2286
f 2410 2286 2321
f 2468 2319 2408
f 2408 2319 2284
f 2408 2284 2367
f 2367 2284 2239
f 2367 2239 2358
f 2358 2239 2226
f 2358 2226 2233
f 2626 2540 2542
f 2542 2540 2482
f 2542 2482 2468
f 2468 2482 2382
f 2468 2382 2319
f 3204 3335 3224
f 3224 3335 3349
f 3224 3349 3202
f 3202 3349 3328
f 3202 3328 3146
f 3146 3328 3271
f 3146 3271 3049
f 3049 3271 3185
f 3049 3185 2922
f 2922 3185 3020
f 2922 3020 2825
f 2825 3020 2861
f 2825 2861 2727
f 2727 2861 2725
f 2727 2725 2626
f 2626 2725 2604
f 2626 2604 2540
f 2384 2484 2544
f 2544 2484 2546
f 2544 2546 2628
f 2628 2546 2606
f 2628 2606 2729
f 2729 2606 2731
f 2729 2731 2827
f 2827 2731 2863
f 2827 2863 2924
f 2924 2863 3022
f 2924 3022 3051
f 3051 3022 3187
f 3051 3187 3148
f 3148 3187 3273
f 3148 3273 3204
f 3204 3273 3330
f 3204 3330 3335
f 7930 7773 7910
f 7910 7773 7759
f 7910 7759 7932
f 7986 7834 7930
f 7930 7834 7778
f 7930 7778 7773
f 8583 8581 8497
f 8497 8581 8520
f 8497 8520 8398
f 8398 8520 8396
f 8398 8396 8307
f 8307 8396 8271
f 8307 8271 8210
f 8210 8271 8112
f 8210 8112 8083
f 8083 8112 7947
f 8083 7947 7986
f 7986 7947 7861
f 7986 7861 7834
f 8767 8867 8756
f 8756 8867 8859
f 8756 8859 8715
f 8715 8859 8815
f 8715 8815 8655
f 8655 8815 8741
f 8655 8741 8583
f 8583 8741 8641
f 8583 8641 8581
f 8499 8587 8585
f 8585 8587 8643
f 8585 8643 8657
f 8657 8643 8743
f 8657 8743 8717
f 8717 8743 8817
f 8717 8817 8758
f 8758 8817 8861
f 8758 8861 8767
f 8767 8861 8874
f 8767 8874 8867
f 7759 7780 7932
f 7932 7780 7836
f 7932 7836 7988
f 7988 7836 7863
f 7988 7863 8085
f 8085 7863 7949
f 8085 7949 8212
f 8212 7949 8114
f 8212 8114 8309
f 8309 8114 8273
f 8309 8273 8400
f 8400 8273 8402
f 8400 8402 8499
f 8499 8402 8522
f 8499 8522 8587
f 918 917 856
f 917 915 850
f 915 914 850
f 850 914 913
f 850 913 906
f 937 923 866
f 866 923 922
f 866 922 918
f 953 941 882
f 882 941 939
f 882 939 937
f 889 955 953
f 963 957 962
f 962 957 955
f 962 955 895
f 895 955 889
f 895 889 871
f 871 889 800
f 871 800 811
f 811 800 786
f 786 800 696
f 786 696 708
f 708 696 634
f 708 634 638
f 638 634 571
f 638 571 582
f 582 571 578
f 578 571 557
f 578 557 570
f 570 557 579
f 579 557 572
f 579 572 583
f 583 572 624
f 624 572 635
f 624 635 639
f 639 635 697
f 639 697 709
f 709 697 787
f 787 697 801
f 787 801 812
f 890 954 958
f 812 801 879
f 879 801 890
f 879 890 896
f 896 890 958
f 896 958 964
f 883 938 942
f 867 924 935
f 909 912 851
f 851 912 916
f 907 909 848
f 848 909 851
f 848 851 827
f 827 851 762
f 544 589 594
f 594 589 664
f 594 664 669
f 669 664 701
f 669 701 762
f 762 701 759
f 762 759 827
f 532 537 544
f 544 537 541
f 544 541 589
f 543 536 532
f 532 536 529
f 532 529 537
f 668 587 593
f 593 587 588
f 593 588 543
f 543 588 540
f 543 540 536
f 761 700 668
f 668 700 663
f 668 663 587
f 906 847 850
f 850 847 826
f 850 826 761
f 761 826 758
f 761 758 700
f 953 882 889
f 889 882 790
f 889 790 800
f 800 790 687
f 800 687 696
f 696 687 621
f 696 621 634
f 634 621 561
f 634 561 571
f 571 561 550
f 571 550 557
f 557 550 562
f 557 562 572
f 572 562 622
f 572 622 635
f 635 622 688
f 635 688 697
f 697 688 791
f 697 791 801
f 801 791 883
f 801 883 890
f 890 883 942
f 890 942 954
f 937 866 882
f 882 866 777
f 882 777 790
f 790 777 680
f 790 680 687
f 687 680 604
f 687 604 621
f 621 604 551
f 621 551 561
f 561 551 542
f 561 542 550
f 550 542 552
f 550 552 562
f 562 552 605
f 562 605 622
f 622 605 681
f 622 681 688
f 688 681 778
f 688 778 791
f 791 778 867
f 791 867 883
f 883 867 935
f 883 935 938
f 918 856 866
f 866 856 766
f 866 766 777
f 777 766 670
f 777 670 680
f 680 670 598
f 680 598 604
f 604 598 548
f 604 548 551
f 551 548 535
f 551 535 542
f 542 535 549
f 542 549 552
f 552 549 599
f 552 599 605
f 605 599 671
f 605 671 681
f 681 671 767
f 681 767 778
f 778 767 857
f 778 857 867
f 867 857 919
f 867 919 924
f 917 850 856
f 856 850 761
f 856 761 766
f 766 761 668
f 766 668 670
f 670 668 593
f 670 593 598
f 598 593 543
f 598 543 548
f 548 543 532
f 548 532 535
f 535 532 544
f 535 544 549
f 549 544 594
f 549 594 599
f 599 594 669
f 599 669 671
f 671 669 762
f 671 762 767
f 767 762 851
f 767 851 857
f 857 851 916
f 857 916 919
f 2011 2027 2024
f 1962 1973 1968
f 1915 1919 1914
f 1714 1685 1695
f 1685 1714 1660
f 1660 1714 1669
f 1660 1669 1652
f 1652 1669 1616
f 1652 1616 1617
f 1617 1616 1571
f 1571 1616 1565
f 1571 1565 1555
f 1555 1565 1510
f 1555 1510 1515
f 1515 1510 1455
f 1455 1510 1456
f 1455 1456 1445
f 1445 1456 1421
f 1445 1421 1415
f 2005 2006 2068
f 2068 2006 2069
f 2069 2006 2070
f 2070 2006 2012
f 2070 2012 2071
f 2071 2012 2072
f 2072 2012 2015
f 2072 2015 2073
f 2073 2015 2074
f 2074 2015 2018
f 2074 2018 2075
f 2075 2018 2076
f 2076 2018 2022
f 2076 2022 2077
f 2077 2022 2078
f 2078 2022 2024
f 2078 2024 2079
f 2079 2024 2027
f 2079 2027 2081
f 1593 1484 1514
f 1844 1593 1631
f 1926 1844 1854
f 2005 1926 1931
f 1593 1514 1631
f 1631 1514 1570
f 1631 1570 1717
f 1717 1570 1623
f 1717 1623 1787
f 1787 1623 1691
f 1787 1691 1840
f 1840 1691 1764
f 1840 1764 1862
f 1862 1764 1786
f 1862 1786 1871
f 1751 1714 1731
f 1731 1714 1695
f 1731 1695 1707
f 1751 1786 1714
f 1714 1786 1764
f 1714 1764 1669
f 1669 1764 1691
f 1669 1691 1616
f 1616 1691 1623
f 1616 1623 1565
f 1565 1623 1570
f 1565 1570 1510
f 1510 1570 1514
f 1510 1514 1456
f 1456 1514 1484
f 1456 1484 1421
f 1751 1795 1786
f 1786 1795 1812
f 1786 1812 1871
f 1871 1812 1875
f 1871 1875 1882
f 1844 1631 1854
f 1854 1631 1717
f 1854 1717 1883
f 1883 1717 1787
f 1883 1787 1893
f 1893 1787 1840
f 1893 1840 1900
f 1900 1840 1862
f 1900 1862 1909
f 1909 1862 1871
f 1909 1871 1914
f 1914 1871 1882
f 1914 1882 1915
f 1926 1854 1931
f 1931 1854 1883
f 1931 1883 1943
f 1943 1883 1893
f 1943 1893 1952
f 1952 1893 1900
f 1952 1900 1957
f 1957 1900 1909
f 1957 1909 1965
f 1965 1909 1914
f 1965 1914 1968
f 1968 1914 1919
f 1968 1919 1962
f 2005 1931 2006
f 2006 1931 1943
f 2006 1943 2012
f 2012 1943 1952
f 2012 1952 2015
f 2015 1952 1957
f 2015 1957 2018
f 2018 1957 1965
f 2018 1965 2022
f 2022 1965 1968
f 2022 1968 2024
f 2024 1968 1973
f 2024 1973 2011
f 1707 1706 1731
f 1731 1706 1736
f 1731 1736 1751
f 1751 1736 1750
f 1751 1750 1795
f 1795 1750 1802
f 1795 1802 1812
f 1812 1802 1811
f 1812 1811 1875
f 1875 1811 1876
f 1875 1876 1882
f 1876 1881 1882
f 1882 1881 1901
f 1882 1901 1915
f 1915 1901 1917
f 1915 1917 1919
f 1919 1917 1954
f 1919 1954 1962
f 1962 1954 1961
f 1962 1961 1973
f 1973 1961 2003
f 1973 2003 2011
f 2011 2003 2009
f 2011 2009 2027
f 2027 2009 2080
f 2027 2080 2081
f 2793 2843 2848
f 2126 2142 2089
f 2849 2741 2721
f 2585 2564 2520
f 2473 2420 2386
f 3058 2978 2930
f 2009 2003 2014
f 1961 1954 1964
f 1917 1901 1913
f 1706 1766 1781
f 1841 1750 1781
f 1781 1750 1736
f 1781 1736 1706
f 1881 1876 1890
f 1890 1876 1811
f 1890 1811 1841
f 1841 1811 1802
f 1841 1802 1750
f 3142 3183 3058
f 3058 2930 3142
f 3142 2930 2901
f 3142 2901 3104
f 3104 2901 2889
f 3104 2889 3084
f 3084 2889 2875
f 3084 2875 3060
f 3060 2875 2855
f 3060 2855 3043
f 3043 2855 2848
f 3043 2848 3033
f 3033 2848 2843
f 3033 2843 3031
f 2080 2009 2086
f 2086 2009 2014
f 2086 2014 2088
f 2088 2014 2111
f 2187 2172 2142
f 2142 2172 2137
f 2142 2137 2089
f 2089 2137 2113
f 2089 2113 2111
f 2372 2264 2244
f 2244 2264 2260
f 2585 2520 2716
f 2260 2187 2244
f 2244 2187 2142
f 2244 2142 2225
f 2225 2142 2126
f 2225 2126 2180
f 2420 2372 2386
f 2386 2372 2244
f 2386 2244 2363
f 2363 2244 2225
f 2363 2225 2344
f 2344 2225 2180
f 2344 2180 2332
f 2564 2473 2520
f 2520 2473 2386
f 2520 2386 2502
f 2502 2386 2363
f 2502 2363 2487
f 2487 2363 2344
f 2487 2344 2477
f 2477 2344 2332
f 2477 2332 2467
f 2741 2716 2721
f 2721 2716 2520
f 2721 2520 2704
f 2704 2520 2502
f 2704 2502 2675
f 2675 2502 2487
f 2675 2487 2656
f 2656 2487 2477
f 2656 2477 2645
f 2645 2477 2467
f 2645 2467 2639
f 1923 1908 2039
f 2003 1961 2014
f 2014 1961 1964
f 2014 1964 2034
f 2034 1964 1992
f 2034 1992 2104
f 2104 1992 2091
f 2104 2091 2173
f 2173 2091 2162
f 2173 2162 2292
f 2292 2162 2281
f 2292 2281 2463
f 1766 1821 1781
f 1781 1821 1908
f 1781 1908 1841
f 1841 1908 1923
f 1841 1923 1890
f 1901 1881 1913
f 1913 1881 1890
f 1913 1890 1956
f 1956 1890 1923
f 1956 1923 2048
f 2048 1923 2039
f 2048 2039 2154
f 2154 2039 2134
f 2154 2134 2151
f 1821 1903 1908
f 1908 1903 1990
f 1908 1990 2039
f 2039 1990 2038
f 2039 2038 2134
f 1954 1917 1964
f 1964 1917 1913
f 1964 1913 1992
f 1992 1913 1956
f 1992 1956 2091
f 2091 1956 2048
f 2091 2048 2162
f 2162 2048 2154
f 2162 2154 2281
f 2281 2154 2151
f 2151 2278 2281
f 2281 2278 2328
f 2281 2328 2463
f 2463 2328 2462
f 2463 2462 2518
f 2111 2014 2089
f 2089 2014 2034
f 2089 2034 2126
f 2126 2034 2104
f 2126 2104 2180
f 2180 2104 2173
f 2180 2173 2332
f 2332 2173 2292
f 2332 2292 2467
f 2467 2292 2463
f 2467 2463 2639
f 2639 2463 2518
f 2639 2518 2631
f 2978 2849 2930
f 2930 2849 2721
f 2930 2721 2901
f 2901 2721 2704
f 2901 2704 2889
f 2889 2704 2675
f 2889 2675 2875
f 2875 2675 2656
f 2875 2656 2855
f 2855 2656 2645
f 2855 2645 2848
f 2848 2645 2639
f 2848 2639 2793
f 2793 2639 2631
f 5575 5574 5418
f 5418 5574 5420
f 5418 5420 5340
f 5340 5420 5311
f 5340 5311 5309
f 5309 5311 5239
f 5239 5311 5099
f 5239 5099 5054
f 4183 4277 4180
f 4180 4277 4194
f 4277 4420 4194
f 4194 4420 4662
f 4194 4662 4674
f 4674 4662 4713
f 4674 4713 4794
f 4794 4713 4793
f 4794 4793 5099
f 5099 4793 5012
f 5099 5012 5054
f 3578 3500 3499
f 3499 3665 3578
f 3578 3665 3678
f 3578 3678 4180
f 4180 3678 4045
f 4180 4045 4183
f 3364 3447 3500
f 3500 3447 3485
f 3500 3485 3499
f 3031 3032 3067
f 3031 3067 3178
f 3178 3067 3097
f 3178 3097 3254
f 3254 3097 3249
f 3254 3249 3370
f 3370 3249 3250
f 3370 3250 3500
f 3500 3250 3269
f 3500 3269 3364
f 5576 5572 5668
f 5668 5572 5666
f 5668 5666 5830
f 5830 5666 5828
f 5830 5828 5967
f 5967 5828 5965
f 5967 5965 6091
f 6091 5965 6089
f 6091 6089 6214
f 6214 6089 6212
f 6214 6212 6263
f 6263 6212 6262
f 6263 6262 6215
f 6215 6262 6213
f 6215 6213 6092
f 6092 6213 6090
f 6092 6090 5968
f 5968 6090 5966
f 5968 5966 5831
f 5831 5966 5829
f 5831 5829 5669
f 5669 5829 5667
f 5669 5667 5577
f 5577 5667 5573
f 5577 5573 5445
f 5445 5573 5443
f 5445 5443 5279
f 5279 5443 5277
f 5279 5277 5142
f 5142 5277 5140
f 5142 5140 5023
f 5023 5140 5021
f 5023 5021 4907
f 4907 5021 4905
f 4907 4905 4855
f 4855 4905 4854
f 4855 4854 4906
f 4906 4854 4904
f 4906 4904 5022
f 5022 4904 5020
f 5022 5020 5141
f 5141 5020 5139
f 5141 5139 5278
f 5278 5139 5276
f 5278 5276 5444
f 5444 5276 5442
f 5444 5442 5576
f 5576 5442 5572
f 4045 3678 3693
f 3249 3097 3101
f 3479 3546 3524
f 3773 3926 3891
f 5350 5503 5346
f 5346 5503 5515
f 5355 5499 5350
f 5350 5499 5500
f 5350 5500 5503
f 5375 5508 5502
f 5379 5518 5511
f 5578 5518 5463
f 5463 5518 5379
f 5463 5379 5395
f 5395 5379 5263
f 5263 5379 5168
f 5168 5379 5108
f 5168 5108 5117
f 4074 4439 4405
f 4405 4439 4464
f 4564 4733 4750
f 4750 4733 4776
f 4750 4776 5108
f 5108 4776 5049
f 5108 5049 5117
f 3773 3891 3667
f 3479 3524 3379
f 3346 3231 3359
f 3359 3231 3240
f 3365 3359 3355
f 3355 3359 3240
f 3355 3240 3253
f 3321 3172 3196
f 3144 3152 3308
f 3308 3152 3164
f 3144 3308 3131
f 3131 3308 3289
f 3131 3289 3125
f 3125 3289 3108
f 3108 3289 3278
f 3108 3278 3106
f 3364 3269 3276
f 3276 3269 3250
f 3250 3249 3276
f 3276 3249 3101
f 3276 3101 3278
f 3278 3101 3103
f 3278 3103 3106
f 3665 3499 3450
f 3450 3499 3485
f 3450 3485 3447
f 4662 4420 4287
f 4287 4420 4277
f 4287 4277 4183
f 5012 4793 4670
f 4670 4793 4713
f 4670 4713 4662
f 5340 5309 5343
f 5343 5309 5239
f 5343 5239 5058
f 5058 5239 5054
f 5058 5054 5012
f 5575 5418 5520
f 5520 5418 5340
f 5520 5340 5515
f 5515 5340 5343
f 5515 5343 5346
f 5346 5343 5058
f 4287 4303 4683
f 4683 4303 4324
f 4683 4324 4701
f 4701 4324 4348
f 4701 4348 4712
f 5012 4670 5058
f 5058 4670 5062
f 5058 5062 5346
f 5346 5062 5070
f 5346 5070 5350
f 5350 5070 5081
f 5350 5081 5355
f 4662 4287 4670
f 4670 4287 4683
f 4670 4683 5062
f 5062 4683 4701
f 5062 4701 5070
f 5070 4701 4712
f 5070 4712 5081
f 4464 4564 4405
f 4405 4564 4750
f 4405 4750 4377
f 4377 4750 4726
f 4726 4750 5108
f 4726 5108 5094
f 5094 5108 5379
f 5094 5379 5375
f 5375 5379 5511
f 5375 5511 5508
f 3926 4074 3891
f 3891 4074 4405
f 3891 4405 3845
f 3845 4405 4377
f 3845 4377 4370
f 4370 4377 4726
f 4370 4726 4722
f 4722 4726 5094
f 4722 5094 5088
f 5088 5094 5375
f 5088 5375 5367
f 5367 5375 5502
f 5367 5502 5501
f 3546 3667 3524
f 3524 3667 3891
f 3524 3891 3502
f 3502 3891 3845
f 3502 3845 3816
f 3816 3845 4370
f 3816 4370 4348
f 4348 4370 4722
f 4348 4722 4712
f 4712 4722 5088
f 4712 5088 5081
f 5081 5088 5367
f 5081 5367 5355
f 5355 5367 5501
f 5355 5501 5499
f 3678 3665 3693
f 3693 3665 3450
f 3693 3450 3717
f 3717 3450 3452
f 3717 3452 3743
f 3743 3452 3461
f 3743 3461 3779
f 3779 3461 3472
f 3779 3472 3483
f 3483 3472 3321
f 3483 3321 3346
f 3346 3321 3196
f 3346 3196 3231
f 3447 3364 3450
f 3450 3364 3276
f 3450 3276 3452
f 3452 3276 3278
f 3452 3278 3461
f 3461 3278 3289
f 3461 3289 3472
f 3472 3289 3308
f 3472 3308 3321
f 3321 3308 3164
f 3321 3164 3172
f 3365 3379 3359
f 3359 3379 3524
f 3359 3524 3346
f 3346 3524 3502
f 3346 3502 3483
f 3483 3502 3816
f 3483 3816 3779
f 3779 3816 4348
f 3779 4348 3743
f 3743 4348 4324
f 3743 4324 3717
f 3717 4324 4303
f 3717 4303 3693
f 3693 4303 4287
f 3693 4287 4045
f 4045 4287 4183
f 6207 6338 6367
f 6555 6670 6708
f 6783 7183 7224
f 6551 6449 6445
f 6266 6051 6049
f 5578 5691 5729
f 5733 5511 5729
f 5729 5511 5518
f 5729 5518 5578
f 5753 5501 5502
f 5501 5753 5499
f 5499 5753 5758
f 5499 5758 5500
f 5500 5758 5761
f 5500 5761 5503
f 5503 5761 5764
f 5503 5764 5515
f 5764 5738 5515
f 5515 5738 5622
f 5515 5622 5520
f 5520 5622 5575
f 5956 5798 5764
f 5764 5798 5769
f 5764 5769 5738
f 6266 6049 6327
f 6551 6445 6840
f 7419 7312 6824
f 6824 7312 6939
f 6824 6939 6857
f 7661 7620 7660
f 7660 7620 7597
f 7660 7597 7419
f 7419 7597 7425
f 7419 7425 7312
f 8033 8035 7860
f 7860 8035 8039
f 7860 8039 7894
f 7894 7881 7860
f 7860 7881 7865
f 7860 7865 7660
f 7660 7865 7736
f 7660 7736 7661
f 8011 8028 7858
f 7858 8028 8030
f 7858 8030 8033
f 7992 8005 7821
f 7972 7984 7802
f 7751 7905 7940
f 7883 7897 7817
f 7817 7897 7905
f 7817 7905 7741
f 7741 7905 7751
f 7741 7751 7729
f 7588 7565 7751
f 7751 7565 7685
f 7751 7685 7729
f 7183 7249 7224
f 7224 7249 7334
f 7224 7334 7588
f 7588 7334 7563
f 7588 7563 7565
f 6555 6708 6495
f 6207 6367 5986
f 5713 5922 5996
f 5996 5922 5938
f 8033 7860 7858
f 7858 7860 7660
f 7858 7660 7658
f 7658 7660 7419
f 7658 7419 7392
f 7392 7419 6824
f 7392 6824 6810
f 6810 6789 7392
f 7392 6789 7365
f 7392 7365 7658
f 7658 7365 7649
f 7658 7649 7858
f 7858 7649 7821
f 7858 7821 8011
f 8011 7821 8005
f 7984 7992 7802
f 7802 7992 7821
f 7802 7821 7638
f 7638 7821 7649
f 7638 7649 7330
f 7330 7649 7365
f 7330 7365 6764
f 6764 7365 6789
f 6670 6783 6708
f 6708 6783 7224
f 6708 7224 6735
f 6735 7224 7263
f 7263 7224 7588
f 7263 7588 7611
f 7611 7588 7751
f 7611 7751 7764
f 7764 7751 7940
f 7764 7940 7964
f 7964 7789 7764
f 7764 7789 7627
f 7764 7627 7611
f 7611 7627 7296
f 7611 7296 7263
f 7263 7296 6742
f 7263 6742 6735
f 6735 6742 6389
f 6735 6389 6708
f 6708 6389 6367
f 6708 6367 6495
f 6495 6367 6338
f 5938 5986 5996
f 5996 5986 6367
f 5996 6367 6009
f 6009 6367 6389
f 6009 6389 6393
f 6393 6389 6742
f 6393 6742 6764
f 6764 6742 7296
f 6764 7296 7330
f 7330 7296 7627
f 7330 7627 7638
f 7638 7627 7789
f 7638 7789 7802
f 7802 7789 7964
f 7802 7964 7972
f 6449 6327 6445
f 6445 6327 6049
f 6445 6049 6432
f 6432 6049 6045
f 6432 6045 6414
f 6414 6045 6036
f 6414 6036 6401
f 6401 6036 6024
f 6401 6024 6015
f 6015 6024 5741
f 6015 5741 5733
f 5733 5741 5508
f 5733 5508 5511
f 6051 5956 6049
f 6049 5956 5764
f 6049 5764 6045
f 6045 5764 5761
f 6045 5761 6036
f 6036 5761 5758
f 6036 5758 6024
f 6024 5758 5753
f 6024 5753 5741
f 5741 5753 5502
f 5741 5502 5508
f 5691 5713 5729
f 5729 5713 5996
f 5729 5996 5733
f 5733 5996 6009
f 5733 6009 6015
f 6015 6009 6393
f 6015 6393 6401
f 6401 6393 6764
f 6401 6764 6414
f 6414 6764 6789
f 6414 6789 6432
f 6432 6789 6810
f 6432 6810 6445
f 6445 6810 6824
f 6445 6824 6840
f 6840 6824 6857
f 7892 7894 7958
f 7958 7894 8039
f 7958 8039 8105
f 8105 8039 8073
f 8105 8073 8106
f 7620 7661 7617
f 7617 7661 7740
f 7661 7736 7740
f 7740 7736 7865
f 7740 7865 7892
f 7892 7865 7881
f 7892 7881 7894
f 7533 7425 7617
f 7617 7425 7597
f 7617 7597 7620
f 6327 6449 6325
f 6325 6449 6441
f 6449 6551 6441
f 6441 6551 6840
f 6441 6840 6917
f 6917 6840 6857
f 6917 6857 6942
f 6942 6857 6939
f 6942 6939 7533
f 7533 6939 7312
f 7533 7312 7425
f 6005 5797 5798
f 5798 5956 6005
f 6005 5956 6051
f 6005 6051 6325
f 6325 6051 6266
f 6325 6266 6327
f 5574 5575 5622
f 5574 5622 5688
f 5688 5622 5738
f 5688 5738 5797
f 5797 5738 5769
f 5797 5769 5798
f 9278 9330 9314
f 8800 8824 8821
f 8624 8606 8407
f 9002 8985 9010
f 8936 8930 8957
f 8869 8836 8857
f 9015 9012 9084
f 9044 9015 9089
f 9089 9015 9084
f 9089 9084 9095
f 9095 9084 9137
f 9137 9084 9133
f 9137 9133 9144
f 9144 9133 9181
f 9181 9133 9185
f 9181 9185 9197
f 9197 9185 9217
f 9217 9185 9208
f 9217 9208 9221
f 9221 9208 9285
f 9285 9208 9258
f 9285 9258 9292
f 9292 9258 9345
f 9345 9258 9314
f 9345 9314 9359
f 9359 9314 9330
f 9359 9330 9388
f 8280 8092 8102
f 7953 7993 8158
f 8158 7993 8205
f 8158 8205 8218
f 8218 8205 8350
f 8616 8561 8606
f 8606 8561 8487
f 8606 8487 8407
f 8407 8487 8388
f 8407 8388 8350
f 8792 8711 8740
f 8740 8711 8697
f 8936 8957 8974
f 8697 8616 8740
f 8740 8616 8606
f 8740 8606 8763
f 8763 8606 8624
f 8763 8624 8782
f 8836 8792 8857
f 8857 8792 8740
f 8857 8740 8876
f 8876 8740 8763
f 8876 8763 8920
f 8920 8763 8782
f 8920 8782 8927
f 8930 8869 8957
f 8957 8869 8857
f 8957 8857 8973
f 8973 8857 8876
f 8973 8876 8995
f 8995 8876 8920
f 8995 8920 9008
f 9008 8920 8927
f 9008 8927 9050
f 8985 8974 9010
f 9010 8974 8957
f 9010 8957 9064
f 9064 8957 8973
f 9064 8973 9106
f 9106 8973 8995
f 9106 8995 9142
f 9142 8995 9008
f 9142 9008 9177
f 9177 9008 9050
f 9177 9050 9191
f 8488 8280 8287
f 8287 8280 8102
f 8287 8102 8105
f 7993 8031 8205
f 8205 8031 8234
f 8205 8234 8422
f 8422 8234 8452
f 8422 8452 8639
f 8639 8452 8650
f 8639 8650 8793
f 8793 8650 8809
f 8793 8809 8937
f 8937 8809 8945
f 8937 8945 9059
f 8075 8092 8260
f 8260 8092 8280
f 8260 8280 8481
f 8481 8280 8488
f 8481 8488 8664
f 8664 8488 8609
f 8664 8609 8666
f 8105 8293 8287
f 8287 8293 8341
f 8287 8341 8488
f 8488 8341 8496
f 8488 8496 8609
f 8051 8075 8246
f 8246 8075 8260
f 8246 8260 8470
f 8470 8260 8481
f 8470 8481 8659
f 8659 8481 8664
f 8659 8664 8821
f 8821 8664 8666
f 8821 8666 8800
f 8031 8051 8234
f 8234 8051 8246
f 8234 8246 8452
f 8452 8246 8470
f 8452 8470 8650
f 8650 8470 8659
f 8650 8659 8809
f 8809 8659 8821
f 8809 8821 8945
f 8945 8821 8824
f 8824 8950 8945
f 8945 8950 8967
f 8945 8967 9059
f 9059 8967 9061
f 9059 9061 9110
f 8350 8205 8407
f 8407 8205 8422
f 8407 8422 8624
f 8624 8422 8639
f 8624 8639 8782
f 8782 8639 8793
f 8782 8793 8927
f 8927 8793 8937
f 8927 8937 9050
f 9050 8937 9059
f 9050 9059 9191
f 9191 9059 9110
f 9191 9110 9196
f 9012 9002 9084
f 9084 9002 9010
f 9084 9010 9133
f 9133 9010 9064
f 9133 9064 9185
f 9185 9064 9106
f 9185 9106 9208
f 9208 9106 9142
f 9208 9142 9258
f 9258 9142 9177
f 9258 9177 9314
f 9314 9177 9191
f 9314 9191 9278
f 9278 9191 9196
f 9388 9389 9359
f 9359 9389 9366
f 9359 9366 9345
f 9345 9366 9343
f 9345 9343 9292
f 9292 9343 9300
f 9292 9300 9285
f 9285 9300 9284
f 9285 9284 9221
f 9221 9284 9223
f 9221 9223 9217
f 9217 9223 9216
f 9217 9216 9197
f 9197 9216 9183
f 9197 9183 9181
f 9181 9183 9144
f 9045 9044 9072
f 9072 9044 9089
f 9072 9089 9087
f 9087 9089 9095
f 9087 9095 9126
f 9126 9095 9137
f 9126 9137 9136
f 9136 9137 9144
f 9136 9144 9180
f 9180 9144 9183
f 9284 9300 9304
f 9034 9035 9085
f 9036 9037 9082
f 9038 9039 9079
f 9040 9041 9075
f 9400 9437 9414
f 9481 9526 9512
f 9582 9634 9621
f 9641 9681 9675
f 9369 9366 9397
f 9397 9366 9389
f 9042 9043 9073
f 9073 9043 9045
f 9304 9300 9369
f 9369 9300 9343
f 9369 9343 9366
f 9284 9304 9223
f 9223 9304 9225
f 9223 9225 9216
f 9216 9225 9182
f 9216 9182 9183
f 9128 9136 9182
f 9182 9136 9180
f 9182 9180 9183
f 9045 9072 9073
f 9073 9072 9087
f 9073 9087 9128
f 9128 9087 9126
f 9128 9126 9136
f 9397 9400 9369
f 9369 9400 9414
f 9369 9414 9304
f 9304 9414 9319
f 9304 9319 9225
f 9225 9319 9232
f 9225 9232 9182
f 9182 9232 9187
f 9182 9187 9128
f 9128 9187 9131
f 9128 9131 9073
f 9073 9131 9075
f 9073 9075 9042
f 9042 9075 9041
f 9437 9474 9414
f 9414 9474 9454
f 9414 9454 9319
f 9319 9454 9363
f 9319 9363 9232
f 9232 9363 9248
f 9232 9248 9187
f 9187 9248 9193
f 9187 9193 9131
f 9131 9193 9138
f 9131 9138 9075
f 9075 9138 9079
f 9075 9079 9040
f 9040 9079 9039
f 9474 9481 9454
f 9454 9481 9512
f 9454 9512 9363
f 9363 9512 9443
f 9363 9443 9248
f 9248 9443 9288
f 9248 9288 9193
f 9193 9288 9201
f 9193 9201 9138
f 9138 9201 9143
f 9138 9143 9079
f 9079 9143 9082
f 9079 9082 9038
f 9038 9082 9037
f 9526 9570 9512
f 9512 9570 9561
f 9512 9561 9443
f 9443 9561 9511
f 9443 9511 9288
f 9288 9511 9344
f 9288 9344 9201
f 9201 9344 9213
f 9201 9213 9143
f 9143 9213 9150
f 9143 9150 9082
f 9082 9150 9085
f 9082 9085 9036
f 9036 9085 9035
f 9570 9582 9561
f 9561 9582 9621
f 9561 9621 9511
f 9511 9621 9560
f 9511 9560 9344
f 9344 9560 9440
f 9344 9440 9213
f 9213 9440 9231
f 9213 9231 9150
f 9150 9231 9162
f 9150 9162 9085
f 9085 9162 9088
f 9085 9088 9034
f 9034 9088 9033
f 9032 9033 9094
f 9094 9033 9088
f 9094 9088 9173
f 9173 9088 9162
f 9173 9162 9254
f 9254 9162 9231
f 9254 9231 9503
f 9503 9231 9440
f 9503 9440 9612
f 9612 9440 9560
f 9612 9560 9675
f 9675 9560 9621
f 9675 9621 9641
f 9641 9621 9634
f 7152 7243 7228
f 7256 7327 7315
f 7341 7404 7384
f 6759 6762 6807
f 6807 6762 6784
f 6803 6829 6871
f 6871 6829 6850
f 7129 7111 6956
f 6956 7111 6952
f 7057 6940 6948
f 6904 6924 6977
f 6977 6924 6927
f 6897 7000 6890
f 6890 7000 6858
f 6918 6882 6883
f 6883 6882 6798
f 6883 6798 6738
f 7112 7126 7071
f 7225 7229 7205
f 7344 7328 7359
f 7359 7328 7289
f 7414 7352 7344
f 7361 7352 7429
f 7429 7352 7414
f 7429 7414 7431
f 7344 7359 7414
f 7414 7359 7427
f 7414 7427 7431
f 7409 7450 7427
f 7427 7450 7451
f 7427 7451 7431
f 7404 7409 7384
f 7384 7409 7427
f 7384 7427 7366
f 7366 7427 7359
f 7366 7359 7304
f 7304 7359 7289
f 7304 7289 7281
f 6784 6963 6807
f 6807 6963 6883
f 6807 6883 6759
f 6759 6883 6738
f 7327 7341 7315
f 7315 7341 7384
f 7315 7384 7338
f 7338 7384 7366
f 7338 7366 7301
f 7301 7366 7304
f 7301 7304 7230
f 7230 7304 7281
f 6784 6803 6963
f 6963 6803 6871
f 6963 6871 7000
f 7000 6871 6850
f 7000 6850 6858
f 6897 7127 7000
f 7000 7127 7113
f 7000 7113 6963
f 6963 7113 7050
f 6963 7050 6883
f 6883 7050 7049
f 6883 7049 6918
f 7243 7256 7228
f 7228 7256 7315
f 7228 7315 7276
f 7276 7315 7338
f 7276 7338 7270
f 7270 7338 7301
f 7270 7301 7225
f 7225 7301 7230
f 7225 7230 7229
f 6897 6904 7127
f 7127 6904 6977
f 7127 6977 7057
f 7057 6977 6927
f 7057 6927 6940
f 7071 7049 7112
f 7112 7049 7050
f 7112 7050 7189
f 7189 7050 7113
f 7189 7113 7214
f 7214 7113 7127
f 7214 7127 7194
f 7194 7127 7057
f 7194 7057 7111
f 7111 7057 6948
f 7111 6948 6952
f 7129 7152 7111
f 7111 7152 7228
f 7111 7228 7194
f 7194 7228 7276
f 7194 7276 7214
f 7214 7276 7270
f 7214 7270 7189
f 7189 7270 7225
f 7189 7225 7112
f 7112 7225 7205
f 7112 7205 7126
f 6956 6955 7129
f 7129 6955 7077
f 7129 7077 7152
f 7077 7150 7152
f 7152 7150 7215
f 7152 7215 7243
f 7243 7215 7252
f 7243 7252 7256
f 7256 7252 7327
f 7327 7252 7302
f 7327 7302 7341
f 7341 7302 7336
f 7341 7336 7404
f 7404 7336 7376
f 7404 7376 7409
f 7376 7402 7409
f 7409 7402 7436
f 7409 7436 7450
f 7450 7436 7440
f 7450 7440 7451
f 7451 7440 7448
f 7451 7448 7431
f 7431 7448 7429
f 7360 7361 7406
f 7406 7361 7429
f 7406 7429 7423
f 7423 7429 7448
f 7363 7362 7408
f 7408 7362 7407
f 7408 7407 7430
f 7430 7407 7424
f 7430 7424 7439
f 7439 7424 7449
f 7439 7449 7452
f 7452 7449 7441
f 7452 7441 7438
f 7438 7441 7437
f 7438 7437 7411
f 7411 7437 7403
f 7253 7277 7303
f 7303 7277 7305
f 7303 7305 7337
f 7337 7305 7342
f 7337 7342 7377
f 7377 7342 7387
f 7377 7387 7403
f 7403 7387 7398
f 7403 7398 7411
f 6957 6958 7078
f 7078 6958 7100
f 7078 7100 7151
f 7151 7100 7154
f 7151 7154 7216
f 7216 7154 7188
f 7216 7188 7253
f 7253 7188 7258
f 7253 7258 7277
f 6881 6964 7035
f 7070 7138 7190
f 7199 7226 7271
f 7279 7298 7348
f 7343 7347 7399
f 7277 7291 7305
f 6739 6799 6851
f 6875 6760 6851
f 6851 6760 6758
f 6851 6758 6739
f 6873 6804 6875
f 6875 6804 6787
f 6875 6787 6760
f 6862 6859 6873
f 6873 6859 6822
f 6873 6822 6804
f 7034 6872 7061
f 7061 6872 6862
f 6928 6923 6954
f 6954 6923 6915
f 6954 6915 7034
f 7034 6915 6891
f 7034 6891 6872
f 6928 7135 6943
f 6943 7135 7033
f 6943 7033 6949
f 6949 7033 6953
f 6958 6953 7160
f 7188 7154 7160
f 7160 7154 7100
f 7160 7100 6958
f 7188 7160 7258
f 7258 7160 7222
f 7258 7222 7277
f 7305 7291 7342
f 7342 7291 7346
f 7342 7346 7387
f 7398 7434 7411
f 7411 7434 7438
f 7438 7434 7452
f 7452 7434 7435
f 7452 7435 7439
f 7439 7435 7430
f 7430 7435 7399
f 7430 7399 7408
f 7408 7399 7347
f 7408 7347 7363
f 7387 7346 7398
f 7398 7346 7373
f 7398 7373 7434
f 7434 7373 7375
f 7434 7375 7435
f 7435 7375 7348
f 7435 7348 7399
f 7399 7348 7298
f 7399 7298 7343
f 7277 7222 7291
f 7291 7222 7269
f 7291 7269 7346
f 7346 7269 7288
f 7346 7288 7373
f 7373 7288 7290
f 7373 7290 7375
f 7375 7290 7271
f 7375 7271 7348
f 7348 7271 7226
f 7348 7226 7279
f 6953 7033 7160
f 7160 7033 7135
f 7160 7135 7222
f 7222 7135 7185
f 7222 7185 7269
f 7269 7185 7208
f 7269 7208 7288
f 7288 7208 7209
f 7288 7209 7290
f 7290 7209 7190
f 7290 7190 7271
f 7271 7190 7138
f 7271 7138 7199
f 6928 6954 7135
f 7135 6954 7034
f 7135 7034 7185
f 7185 7034 7061
f 7185 7061 7208
f 7208 7061 7066
f 7208 7066 7209
f 7209 7066 7035
f 7209 7035 7190
f 7190 7035 6964
f 7190 6964 7070
f 6862 6873 7061
f 7061 6873 6875
f 7061 6875 7066
f 7066 6875 6851
f 7066 6851 7035
f 7035 6851 6799
f 7035 6799 6881
f 6739 6651 6799
f 6799 6651 6740
f 6799 6740 6881
f 6881 6740 6743
f 6881 6743 6964
f 6964 6743 6861
f 6964 6861 7070
f 7070 6861 6887
f 7070 6887 7138
f 7138 6887 7021
f 7138 7021 7199
f 7199 7021 7047
f 7199 7047 7226
f 7226 7047 7133
f 7226 7133 7279
f 7279 7133 7167
f 7279 7167 7298
f 7298 7167 7197
f 7298 7197 7343
f 7343 7197 7217
f 7343 7217 7347
f 7347 7217 7233
f 7347 7233 7363
f 7363 7233 7237
f 5916 6271 6277
f 5646 5876 5878
f 4839 4602 4604
f 4602 4839 4597
f 4597 4839 4823
f 4597 4823 4595
f 4595 4823 4582
f 4582 4823 4816
f 4582 4816 4569
f 4569 4816 4557
f 4557 4816 4804
f 4557 4804 4555
f 4792 4520 4804
f 4804 4520 4550
f 4804 4550 4555
f 4762 4507 4792
f 4792 4507 4513
f 4792 4513 4520
f 4467 4481 4762
f 4762 4481 4489
f 4762 4489 4507
f 6586 6605 6324
f 6324 6605 6610
f 6324 6610 6353
f 6353 6610 6634
f 6353 6634 6638
f 6586 6324 6583
f 6583 6324 6312
f 6583 6312 6566
f 6566 6312 6548
f 6548 6312 6300
f 6548 6300 6546
f 6546 6300 6534
f 6534 6300 6293
f 6534 6293 6521
f 6521 6293 6518
f 6518 6293 6277
f 6518 6277 6514
f 6514 6277 6513
f 6513 6277 6271
f 6513 6271 6509
f 5160 4741 4762
f 4762 4741 4466
f 4762 4466 4467
f 5448 5160 5175
f 5175 5160 4762
f 5175 4762 5189
f 5189 4762 4792
f 5189 4792 5206
f 5206 4792 4804
f 5206 4804 5211
f 5211 4804 4816
f 5211 4816 5223
f 5223 4816 4823
f 5223 4823 5229
f 5229 4823 4839
f 5660 5448 5450
f 5450 5448 5175
f 5450 5175 5452
f 5452 5175 5189
f 5452 5189 5454
f 5454 5189 5206
f 5454 5206 5456
f 5456 5206 5211
f 5456 5211 5458
f 5458 5211 5223
f 5458 5223 5460
f 5460 5223 5229
f 5945 5660 5658
f 5658 5660 5450
f 5658 5450 5656
f 5656 5450 5452
f 5656 5452 5654
f 5654 5452 5454
f 5654 5454 5652
f 5652 5454 5456
f 5652 5456 5650
f 5650 5456 5458
f 5650 5458 5648
f 5648 5458 5460
f 5568 5648 5462
f 5462 5648 5460
f 5462 5460 5231
f 5231 5460 5229
f 5231 5229 5192
f 5192 5229 4839
f 5192 4839 4844
f 4844 4839 4604
f 4844 4604 4609
f 5568 5646 5648
f 5648 5646 5878
f 5648 5878 5650
f 5650 5878 5884
f 5650 5884 5652
f 5652 5884 5897
f 5652 5897 5654
f 5654 5897 5902
f 5654 5902 5656
f 5656 5902 5919
f 5656 5919 5658
f 5658 5919 5932
f 5658 5932 5945
f 5945 5932 6374
f 5876 5916 5878
f 5878 5916 6277
f 5878 6277 5884
f 5884 6277 6293
f 5884 6293 5897
f 5897 6293 6300
f 5897 6300 5902
f 5902 6300 6312
f 5902 6312 5919
f 5919 6312 6324
f 5919 6324 5932
f 5932 6324 6353
f 5932 6353 6374
f 6374 6353 6638
f 6374 6638 6651
f 3937 3820 3913
f 3913 3820 3780
f 3913 3780 3892
f 3892 3780 3765
f 3892 3765 3887
f 3887 3765 3757
f 3887 3757 3877
f 3877 3757 3747
f 4466 4372 4461
f 4461 4372 4315
f 4461 4315 4368
f 4368 4315 4229
f 4368 4229 4354
f 4354 4229 4192
f 4354 4192 4316
f 4316 4192 4062
f 4316 4062 4223
f 4223 4062 4041
f 4223 4041 4198
f 4198 4041 3986
f 4198 3986 4066
f 4066 3986 3906
f 4066 3906 4063
f 4063 3906 3882
f 4063 3882 4050
f 4050 3882 3881
f 4050 3881 3937
f 3937 3881 3829
f 3937 3829 3820
f 3958 3868 3883
f 3852 3783 3795
f 3767 3705 3724
f 4351 4349 4306
f 4306 4349 4328
f 4312 4280 4236
f 4236 4280 4254
f 3983 4001 4156
f 4156 4001 4158
f 4052 4169 4162
f 4204 4186 4134
f 4134 4186 4182
f 4214 4111 4222
f 4222 4111 4247
f 4192 4229 4228
f 4228 4229 4315
f 4228 4315 4372
f 4000 3986 4041
f 3889 3882 3906
f 3765 3780 3748
f 3748 3780 3820
f 3696 3757 3765
f 3747 3757 3677
f 3677 3757 3696
f 3677 3696 3676
f 3765 3748 3696
f 3696 3748 3680
f 3696 3680 3676
f 3700 3660 3680
f 3680 3660 3659
f 3680 3659 3676
f 3705 3700 3724
f 3724 3700 3680
f 3724 3680 3741
f 3741 3680 3748
f 3741 3748 3806
f 3806 3748 3820
f 3806 3820 3829
f 4328 4148 4306
f 4306 4148 4228
f 4306 4228 4351
f 4351 4228 4372
f 3783 3767 3795
f 3795 3767 3724
f 3795 3724 3770
f 3770 3724 3741
f 3770 3741 3811
f 3811 3741 3806
f 3811 3806 3881
f 3881 3806 3829
f 4328 4312 4148
f 4148 4312 4236
f 4148 4236 4111
f 4111 4236 4254
f 4111 4254 4247
f 4214 3985 4111
f 4111 3985 3999
f 4111 3999 4148
f 4148 3999 4061
f 4148 4061 4228
f 4228 4061 4062
f 4228 4062 4192
f 3868 3852 3883
f 3883 3852 3795
f 3883 3795 3833
f 3833 3795 3770
f 3833 3770 3838
f 3838 3770 3811
f 3838 3811 3889
f 3889 3811 3881
f 3889 3881 3882
f 4214 4204 3985
f 3985 4204 4134
f 3985 4134 4052
f 4052 4134 4182
f 4052 4182 4169
f 4041 4062 4000
f 4000 4062 4061
f 4000 4061 3921
f 3921 4061 3999
f 3921 3999 3898
f 3898 3999 3985
f 3898 3985 3917
f 3917 3985 4052
f 3917 4052 4001
f 4001 4052 4162
f 4001 4162 4158
f 3983 3958 4001
f 4001 3958 3883
f 4001 3883 3917
f 3917 3883 3833
f 3917 3833 3898
f 3898 3833 3838
f 3898 3838 3921
f 3921 3838 3889
f 3921 3889 4000
f 4000 3889 3906
f 4000 3906 3986
f 4156 4155 3983
f 3983 4155 4036
f 3983 4036 3958
f 4036 3960 3958
f 3958 3960 3897
f 3958 3897 3868
f 3868 3897 3856
f 3868 3856 3852
f 3852 3856 3783
f 3783 3856 3809
f 3783 3809 3767
f 3767 3809 3772
f 3767 3772 3705
f 3705 3772 3732
f 3705 3732 3700
f 3676 3671 3662
f 3676 3662 3677
f 3732 3707 3700
f 3700 3707 3673
f 3700 3673 3660
f 3660 3673 3671
f 3660 3671 3659
f 3659 3671 3676
f 3746 3747 3703
f 3703 3747 3677
f 3703 3677 3685
f 3685 3677 3662
f 3564 3589 3574
f 3597 3626 3603
f 3633 3655 3623
f 3690 3715 3658
f 4145 4143 4013
f 4114 4102 3962
f 4087 4068 3932
f 4060 4040 3907
f 4029 4003 3872
f 4114 3962 4120
f 4025 4036 4147
f 4147 4036 4155
f 3730 3740 3695
f 3695 3740 3746
f 3895 3805 3809
f 3809 3856 3895
f 3895 3856 3897
f 3895 3897 4025
f 4025 3897 3960
f 4025 3960 4036
f 3669 3707 3726
f 3726 3707 3732
f 3726 3732 3805
f 3805 3732 3772
f 3805 3772 3809
f 3650 3671 3669
f 3669 3671 3673
f 3669 3673 3707
f 3746 3703 3695
f 3695 3703 3685
f 3695 3685 3650
f 3650 3685 3662
f 3650 3662 3671
f 4147 4145 4025
f 4025 4145 4013
f 4025 4013 3895
f 3895 4013 3880
f 3895 3880 3805
f 3805 3880 3785
f 3805 3785 3726
f 3726 3785 3698
f 3726 3698 3669
f 3669 3698 3640
f 3669 3640 3650
f 3650 3640 3632
f 3650 3632 3695
f 3695 3632 3658
f 3695 3658 3730
f 3730 3658 3715
f 4143 4137 4013
f 4013 4137 3988
f 4013 3988 3880
f 3880 3988 3854
f 3880 3854 3785
f 3785 3854 3753
f 3785 3753 3698
f 3698 3753 3647
f 3698 3647 3640
f 3640 3647 3612
f 3640 3612 3632
f 3632 3612 3605
f 3632 3605 3658
f 3658 3605 3623
f 3658 3623 3690
f 3690 3623 3655
f 4137 4120 3988
f 3988 4120 3962
f 3988 3962 3854
f 3854 3962 3835
f 3854 3835 3753
f 3753 3835 3719
f 3753 3719 3647
f 3647 3719 3618
f 3647 3618 3612
f 3612 3618 3594
f 3612 3594 3605
f 3605 3594 3586
f 3605 3586 3623
f 3623 3586 3603
f 3623 3603 3633
f 3633 3603 3626
f 4102 4087 3962
f 3962 4087 3932
f 3962 3932 3835
f 3835 3932 3800
f 3835 3800 3719
f 3719 3800 3642
f 3719 3642 3618
f 3618 3642 3582
f 3618 3582 3594
f 3594 3582 3561
f 3594 3561 3586
f 3586 3561 3556
f 3586 3556 3603
f 3603 3556 3574
f 3603 3574 3597
f 3597 3574 3589
f 4068 4060 3932
f 3932 4060 3907
f 3932 3907 3800
f 3800 3907 3750
f 3800 3750 3642
f 3642 3750 3601
f 3642 3601 3582
f 3582 3601 3552
f 3582 3552 3561
f 3561 3552 3533
f 3561 3533 3556
f 3556 3533 3528
f 3556 3528 3574
f 3574 3528 3541
f 3574 3541 3564
f 3564 3541 3563
f 3531 3563 3511
f 3511 3563 3541
f 3511 3541 3493
f 3493 3541 3528
f 3493 3528 3498
f 3498 3528 3533
f 3498 3533 3522
f 3522 3533 3552
f 3522 3552 3572
f 3572 3552 3601
f 3572 3601 3675
f 3675 3601 3750
f 3675 3750 3872
f 3872 3750 3907
f 3872 3907 4029
f 4029 3907 4040
f 3876 3746 3870
f 3870 3746 3740
f 3870 3740 3861
f 3861 3740 3730
f 3861 3730 3848
f 3848 3730 3715
f 3848 3715 3836
f 3836 3715 3690
f 3836 3690 3824
f 3824 3690 3655
f 3824 3655 3801
f 3801 3655 3633
f 3801 3633 3787
f 3787 3633 3626
f 3787 3626 3733
f 3733 3626 3597
f 3733 3597 3723
f 3723 3597 3589
f 3723 3589 3638
f 3638 3589 3564
f 3638 3564 3635
f 3635 3564 3563
f 3635 3563 3591
f 3591 3563 3531
f 3861 3848 3900
f 3836 3824 3867
f 3801 3787 3840
f 3733 3723 3791
f 3638 3635 3728
f 4525 4616 4608
f 3915 4021 4031
f 3876 3870 3919
f 3919 3870 3915
f 3919 3915 3947
f 3947 3915 4031
f 4344 4274 4188
f 4188 4274 4190
f 4188 4190 4021
f 4021 4190 4104
f 4021 4104 4031
f 4438 4387 4344
f 4344 4387 4346
f 4344 4346 4274
f 4608 4522 4525
f 4525 4522 4483
f 4525 4483 4438
f 4438 4483 4441
f 4438 4441 4387
f 3870 3861 3915
f 3915 3861 3900
f 3915 3900 4021
f 4021 3900 4006
f 4021 4006 4188
f 4188 4006 4176
f 4188 4176 4344
f 4344 4176 4341
f 4344 4341 4438
f 4438 4341 4436
f 4438 4436 4525
f 4525 4436 4528
f 4525 4528 4616
f 4616 4528 4622
f 3848 3836 3900
f 3900 3836 3867
f 3900 3867 4006
f 4006 3867 3964
f 4006 3964 4176
f 4176 3964 4150
f 4176 4150 4341
f 4341 4150 4331
f 4341 4331 4436
f 4436 4331 4432
f 4436 4432 4528
f 4528 4432 4533
f 4528 4533 4622
f 4622 4533 4628
f 3824 3801 3867
f 3867 3801 3840
f 3867 3840 3964
f 3964 3840 3935
f 3964 3935 4150
f 4150 3935 4128
f 4150 4128 4331
f 4331 4128 4321
f 4331 4321 4432
f 4432 4321 4430
f 4432 4430 4533
f 4533 4430 4544
f 4533 4544 4628
f 4628 4544 4638
f 3787 3733 3840
f 3840 3733 3791
f 3840 3791 3935
f 3935 3791 3902
f 3935 3902 4128
f 4128 3902 4073
f 4128 4073 4321
f 4321 4073 4300
f 4321 4300 4430
f 4430 4300 4425
f 4430 4425 4544
f 4544 4425 4552
f 4544 4552 4638
f 4638 4552 4644
f 3723 3638 3791
f 3791 3638 3728
f 3791 3728 3902
f 3902 3728 3858
f 3902 3858 4073
f 4073 3858 4034
f 4073 4034 4300
f 4300 4034 4276
f 4300 4276 4425
f 4425 4276 4419
f 4425 4419 4552
f 4552 4419 4559
f 4552 4559 4644
f 4644 4559 4657
f 4679 4657 4573
f 4573 4657 4559
f 4573 4559 4416
f 4416 4559 4419
f 4416 4419 4242
f 4242 4419 4276
f 4242 4276 3975
f 3975 4276 4034
f 3975 4034 3813
f 3813 4034 3858
f 3813 3858 3637
f 3637 3858 3728
f 3637 3728 3591
f 3591 3728 3635
f 5913 5817 5815
f 5195 4929 4931
f 4679 5008 4999
f 6500 6183 6173
f 6500 6173 6494
f 6494 6173 6160
f 6494 6160 6488
f 6488 6160 6155
f 6488 6155 6477
f 6477 6155 6137
f 6477 6137 6471
f 6471 6137 6110
f 6471 6110 6457
f 6457 6110 6101
f 6457 6101 6435
f 4679 4999 4657
f 4657 4999 4975
f 4657 4975 4644
f 4644 4975 4958
f 4644 4958 4638
f 4638 4958 4952
f 4638 4952 4628
f 4628 4952 4941
f 4628 4941 4622
f 4622 4941 4931
f 4622 4931 4616
f 4616 4931 4929
f 4616 4929 4608
f 5289 5287 5195
f 5287 5289 5570
f 5817 5570 5569
f 6500 6508 6183
f 6183 6508 6185
f 6183 6185 5913
f 5195 4931 5289
f 5289 4931 4941
f 5289 4941 5291
f 5291 4941 4952
f 5291 4952 5293
f 5293 4952 4958
f 5293 4958 5296
f 5296 4958 4975
f 5296 4975 5303
f 5303 4975 4999
f 5303 4999 5313
f 5313 4999 5008
f 5313 5008 5320
f 5570 5289 5569
f 5569 5289 5291
f 5569 5291 5567
f 5567 5291 5293
f 5567 5293 5566
f 5566 5293 5296
f 5566 5296 5565
f 5565 5296 5303
f 5565 5303 5564
f 5564 5303 5313
f 5564 5313 5563
f 5563 5313 5320
f 5563 5320 5562
f 5817 5569 5815
f 5815 5569 5567
f 5815 5567 5813
f 5813 5567 5566
f 5813 5566 5811
f 5811 5566 5565
f 5811 5565 5808
f 5808 5565 5564
f 5808 5564 5801
f 5801 5564 5563
f 5801 5563 5794
f 5794 5563 5562
f 5794 5562 5787
f 5913 5815 6183
f 6183 5815 5813
f 6183 5813 6173
f 6173 5813 5811
f 6173 5811 6160
f 6160 5811 5808
f 6160 5808 6155
f 6155 5808 5801
f 6155 5801 6137
f 6137 5801 5794
f 6137 5794 6110
f 6110 5794 5787
f 6110 5787 6101
f 7483 7476 7381
f 7400 7386 7320
f 7340 7324 7268
f 7287 7286 7245
f 7264 7260 7213
f 7246 7242 7196
f 7196 7242 7236
f 6594 6676 6673
f 6508 6500 6597
f 6597 6500 6594
f 6597 6594 6632
f 6632 6594 6673
f 6922 6835 6768
f 6768 6835 6766
f 6768 6766 6676
f 6676 6766 6727
f 6676 6727 6673
f 7092 7007 6922
f 6922 7007 6920
f 6922 6920 6835
f 7236 7193 7196
f 7196 7193 7163
f 7196 7163 7092
f 7092 7163 7082
f 7092 7082 7007
f 6500 6494 6594
f 6594 6494 6590
f 6594 6590 6676
f 6676 6590 6678
f 6676 6678 6768
f 6768 6678 6773
f 6768 6773 6922
f 6922 6773 6933
f 6922 6933 7092
f 7092 6933 7108
f 7092 7108 7196
f 7196 7108 7213
f 7196 7213 7246
f 7246 7213 7260
f 6494 6488 6590
f 6590 6488 6585
f 6590 6585 6678
f 6678 6585 6682
f 6678 6682 6773
f 6773 6682 6782
f 6773 6782 6933
f 6933 6782 6962
f 6933 6962 7108
f 7108 6962 7147
f 7108 7147 7213
f 7213 7147 7245
f 7213 7245 7264
f 7264 7245 7286
f 6488 6477 6585
f 6585 6477 6573
f 6585 6573 6682
f 6682 6573 6684
f 6682 6684 6782
f 6782 6684 6793
f 6782 6793 6962
f 6962 6793 6983
f 6962 6983 7147
f 7147 6983 7172
f 7147 7172 7245
f 7245 7172 7268
f 7245 7268 7287
f 7287 7268 7324
f 6477 6471 6573
f 6573 6471 6564
f 6573 6564 6684
f 6684 6564 6689
f 6684 6689 6793
f 6793 6689 6813
f 6793 6813 6983
f 6983 6813 7040
f 6983 7040 7172
f 7172 7040 7211
f 7172 7211 7268
f 7268 7211 7320
f 7268 7320 7340
f 7340 7320 7386
f 6471 6457 6564
f 6564 6457 6558
f 6564 6558 6689
f 6689 6558 6695
f 6689 6695 6813
f 6813 6695 6833
f 6813 6833 7040
f 7040 6833 7080
f 7040 7080 7211
f 7211 7080 7251
f 7211 7251 7320
f 7320 7251 7381
f 7320 7381 7400
f 7400 7381 7476
f 7520 7483 7474
f 7474 7483 7381
f 7474 7381 7300
f 7300 7381 7251
f 7300 7251 7140
f 7140 7251 7080
f 7140 7080 6866
f 6866 7080 6833
f 6866 6833 6697
f 6697 6833 6695
f 6697 6695 6542
f 6542 6695 6558
f 6542 6558 6435
f 6435 6558 6457
f 7362 7236 7368
f 7368 7236 7242
f 7368 7242 7372
f 7372 7242 7246
f 7372 7246 7394
f 7394 7246 7260
f 7394 7260 7401
f 7401 7260 7264
f 7401 7264 7456
f 7456 7264 7286
f 7456 7286 7458
f 7458 7286 7287
f 7458 7287 7485
f 7485 7287 7324
f 7485 7324 7495
f 7495 7324 7340
f 7495 7340 7522
f 7522 7340 7386
f 7522 7386 7527
f 7527 7386 7400
f 7527 7400 7548
f 7548 7400 7476
f 7548 7476 7553
f 7553 7476 7483
f 7553 7483 7581
f 7581 7483 7520
f 7023 7009 7149
f 7372 7394 7454
f 7401 7456 7488
f 7458 7485 7508
f 7495 7522 7537
f 7527 7548 7571
f 7553 7581 7601
f 7417 7407 7368
f 7368 7407 7362
f 6970 6967 7089
f 7089 6967 6966
f 7089 6966 6957
f 6992 6975 7102
f 7023 7149 7045
f 7074 7051 7177
f 7110 7084 7206
f 7461 7443 7437
f 7437 7441 7461
f 7461 7441 7449
f 7461 7449 7417
f 7417 7449 7424
f 7417 7424 7407
f 7307 7337 7383
f 7383 7337 7377
f 7383 7377 7443
f 7443 7377 7403
f 7443 7403 7437
f 7219 7253 7307
f 7307 7253 7303
f 7307 7303 7337
f 6957 7078 7089
f 7089 7078 7151
f 7089 7151 7219
f 7219 7151 7216
f 7219 7216 7253
f 7368 7372 7417
f 7417 7372 7454
f 7417 7454 7461
f 7461 7454 7479
f 7461 7479 7443
f 7443 7479 7471
f 7443 7471 7383
f 7383 7471 7413
f 7383 7413 7307
f 7307 7413 7326
f 7307 7326 7219
f 7219 7326 7232
f 7219 7232 7089
f 7089 7232 7102
f 7089 7102 6970
f 6970 7102 6975
f 7394 7401 7454
f 7454 7401 7488
f 7454 7488 7479
f 7479 7488 7506
f 7479 7506 7471
f 7471 7506 7499
f 7471 7499 7413
f 7413 7499 7464
f 7413 7464 7326
f 7326 7464 7356
f 7326 7356 7232
f 7232 7356 7255
f 7232 7255 7102
f 7102 7255 7125
f 7102 7125 6992
f 6992 7125 6997
f 7456 7458 7488
f 7488 7458 7508
f 7488 7508 7506
f 7506 7508 7525
f 7506 7525 7499
f 7499 7525 7517
f 7499 7517 7464
f 7464 7517 7493
f 7464 7493 7356
f 7356 7493 7390
f 7356 7390 7255
f 7255 7390 7275
f 7255 7275 7125
f 7125 7275 7149
f 7125 7149 6997
f 6997 7149 7009
f 7485 7495 7508
f 7508 7495 7537
f 7508 7537 7525
f 7525 7537 7555
f 7525 7555 7517
f 7517 7555 7550
f 7517 7550 7493
f 7493 7550 7529
f 7493 7529 7390
f 7390 7529 7469
f 7390 7469 7275
f 7275 7469 7311
f 7275 7311 7149
f 7149 7311 7177
f 7149 7177 7045
f 7045 7177 7051
f 7522 7527 7537
f 7537 7527 7571
f 7537 7571 7555
f 7555 7571 7584
f 7555 7584 7550
f 7550 7584 7579
f 7550 7579 7529
f 7529 7579 7559
f 7529 7559 7469
f 7469 7559 7510
f 7469 7510 7311
f 7311 7510 7358
f 7311 7358 7177
f 7177 7358 7206
f 7177 7206 7074
f 7074 7206 7084
f 7548 7553 7571
f 7571 7553 7601
f 7571 7601 7584
f 7584 7601 7619
f 7584 7619 7579
f 7579 7619 7614
f 7579 7614 7559
f 7559 7614 7590
f 7559 7590 7510
f 7510 7590 7539
f 7510 7539 7358
f 7358 7539 7433
f 7358 7433 7206
f 7206 7433 7240
f 7206 7240 7110
f 6358 6346 6588
f 6252 6222 6544
f 6151 6148 6529
f 6128 6464 6132
f 6132 6464 6144
f 6219 6203 6532
f 6219 6532 6222
f 6203 6181 6532
f 6532 6181 6176
f 6532 6176 6529
f 6529 6176 6164
f 6529 6164 6151
f 6252 6544 6253
f 6568 6306 6554
f 6554 6306 6267
f 6346 6320 6568
f 6568 6320 6310
f 6568 6310 6306
f 6358 6588 6386
f 7084 7110 6588
f 6588 7110 6602
f 6588 6602 6386
f 6346 6568 6588
f 6588 6568 7074
f 6588 7074 7084
f 7009 7023 6554
f 6554 7023 7045
f 6554 7045 6568
f 6568 7045 7051
f 6568 7051 7074
f 6997 7009 6544
f 6544 7009 6554
f 6544 6554 6253
f 6253 6554 6267
f 6222 6532 6544
f 6544 6532 6992
f 6544 6992 6997
f 6966 6967 6529
f 6529 6967 6970
f 6529 6970 6532
f 6532 6970 6975
f 6532 6975 6992
f 6957 6966 6527
f 6527 6966 6529
f 6527 6529 6464
f 6464 6529 6148
f 6464 6148 6144
f 6528 6968 6965
f 6968 6528 6969
f 6969 6528 6531
f 6969 6531 6976
f 6976 6531 6991
f 6991 6531 6543
f 6991 6543 6998
f 6998 6543 7008
f 7008 6543 6553
f 7008 6553 7024
f 7024 6553 7044
f 7044 6553 6567
f 7044 6567 7052
f 7052 6567 7073
f 7073 6567 6587
f 7073 6587 7085
f 7085 6587 6601
f 7085 6601 7109
f 6385 6601 6361
f 6361 6601 6587
f 6361 6587 6356
f 6356 6587 6347
f 6553 6301 6567
f 6567 6301 6304
f 6567 6304 6587
f 6587 6304 6308
f 6587 6308 6347
f 6224 6238 6543
f 6543 6238 6255
f 6543 6255 6553
f 6553 6255 6257
f 6553 6257 6301
f 6224 6543 6204
f 6204 6543 6531
f 6204 6531 6189
f 6149 6156 6528
f 6528 6156 6162
f 6528 6162 6531
f 6531 6162 6177
f 6531 6177 6189
f 6142 6463 6139
f 6139 6463 6126
f 6142 6149 6463
f 6463 6149 6528
f 6463 6528 6526
f 6526 6528 6965
f 6526 6965 6955
f 6968 6969 7101
f 6976 6991 7124
f 6998 7008 7148
f 7024 7044 7176
f 7052 7073 7204
f 7085 7109 7239
f 7546 7521 7536
f 7513 7484 7507
f 7477 7455 7487
f 7420 7393 7453
f 7378 7367 7416
f 7416 7367 7360
f 7580 7547 7582
f 7582 7547 7570
f 7087 7077 6965
f 6965 7077 6955
f 7218 7306 7302
f 7302 7252 7218
f 7218 7252 7215
f 7218 7215 7087
f 7087 7215 7150
f 7087 7150 7077
f 7442 7402 7382
f 7382 7402 7376
f 7382 7376 7306
f 7306 7376 7336
f 7306 7336 7302
f 7460 7440 7442
f 7442 7440 7436
f 7442 7436 7402
f 7360 7406 7416
f 7416 7406 7423
f 7416 7423 7460
f 7460 7423 7448
f 7460 7448 7440
f 6965 6968 7087
f 7087 6968 7101
f 7087 7101 7218
f 7218 7101 7231
f 7218 7231 7306
f 7306 7231 7325
f 7306 7325 7382
f 7382 7325 7412
f 7382 7412 7442
f 7442 7412 7470
f 7442 7470 7460
f 7460 7470 7478
f 7460 7478 7416
f 7416 7478 7453
f 7416 7453 7378
f 7378 7453 7393
f 6969 6976 7101
f 7101 6976 7124
f 7101 7124 7231
f 7231 7124 7254
f 7231 7254 7325
f 7325 7254 7355
f 7325 7355 7412
f 7412 7355 7463
f 7412 7463 7470
f 7470 7463 7498
f 7470 7498 7478
f 7478 7498 7505
f 7478 7505 7453
f 7453 7505 7487
f 7453 7487 7420
f 7420 7487 7455
f 6991 6998 7124
f 7124 6998 7148
f 7124 7148 7254
f 7254 7148 7274
f 7254 7274 7355
f 7355 7274 7389
f 7355 7389 7463
f 7463 7389 7492
f 7463 7492 7498
f 7498 7492 7516
f 7498 7516 7505
f 7505 7516 7524
f 7505 7524 7487
f 7487 7524 7507
f 7487 7507 7477
f 7477 7507 7484
f 7008 7024 7148
f 7148 7024 7176
f 7148 7176 7274
f 7274 7176 7310
f 7274 7310 7389
f 7389 7310 7468
f 7389 7468 7492
f 7492 7468 7528
f 7492 7528 7516
f 7516 7528 7549
f 7516 7549 7524
f 7524 7549 7554
f 7524 7554 7507
f 7507 7554 7536
f 7507 7536 7513
f 7513 7536 7521
f 7044 7052 7176
f 7176 7052 7204
f 7176 7204 7310
f 7310 7204 7357
f 7310 7357 7468
f 7468 7357 7509
f 7468 7509 7528
f 7528 7509 7558
f 7528 7558 7549
f 7549 7558 7578
f 7549 7578 7554
f 7554 7578 7583
f 7554 7583 7536
f 7536 7583 7570
f 7536 7570 7546
f 7546 7570 7547
f 7073 7085 7204
f 7204 7085 7239
f 7204 7239 7357
f 7357 7239 7432
f 7357 7432 7509
f 7509 7432 7538
f 7509 7538 7558
f 7558 7538 7589
f 7558 7589 7578
f 7578 7589 7613
f 7578 7613 7583
f 7583 7613 7618
f 7583 7618 7570
f 7570 7618 7600
f 7570 7600 7582
f 7234 7360 7241
f 7241 7360 7367
f 7241 7367 7248
f 7248 7367 7378
f 7248 7378 7259
f 7259 7378 7393
f 7259 7393 7273
f 7273 7393 7420
f 7273 7420 7285
f 7285 7420 7455
f 7285 7455 7309
f 7309 7455 7477
f 7309 7477 7323
f 7323 7477 7484
f 7323 7484 7374
f 7374 7484 7513
f 7374 7513 7385
f 7385 7513 7521
f 7385 7521 7472
f 7472 7521 7546
f 7472 7546 7475
f 7475 7546 7547
f 7475 7547 7519
f 7519 7547 7580
f 7248 7259 7212
f 7273 7285 7244
f 7309 7323 7267
f 7374 7385 7319
f 7472 7475 7380
f 6593 6499 6506
f 7195 7091 7081
f 7234 7241 7192
f 7192 7241 7195
f 7192 7195 7162
f 7162 7195 7081
f 6767 6834 6921
f 6921 6834 6919
f 6921 6919 7091
f 7091 6919 7006
f 7091 7006 7081
f 6675 6726 6767
f 6767 6726 6765
f 6767 6765 6834
f 6506 6596 6593
f 6593 6596 6631
f 6593 6631 6675
f 6675 6631 6672
f 6675 6672 6726
f 7241 7248 7195
f 7195 7248 7212
f 7195 7212 7091
f 7091 7212 7107
f 7091 7107 6921
f 6921 7107 6932
f 6921 6932 6767
f 6767 6932 6772
f 6767 6772 6675
f 6675 6772 6677
f 6675 6677 6593
f 6593 6677 6589
f 6593 6589 6499
f 6499 6589 6493
f 7259 7273 7212
f 7212 7273 7244
f 7212 7244 7107
f 7107 7244 7146
f 7107 7146 6932
f 6932 7146 6961
f 6932 6961 6772
f 6772 6961 6781
f 6772 6781 6677
f 6677 6781 6681
f 6677 6681 6589
f 6589 6681 6584
f 6589 6584 6493
f 6493 6584 6487
f 7285 7309 7244
f 7244 7309 7267
f 7244 7267 7146
f 7146 7267 7171
f 7146 7171 6961
f 6961 7171 6982
f 6961 6982 6781
f 6781 6982 6792
f 6781 6792 6681
f 6681 6792 6683
f 6681 6683 6584
f 6584 6683 6572
f 6584 6572 6487
f 6487 6572 6476
f 7323 7374 7267
f 7267 7374 7319
f 7267 7319 7171
f 7171 7319 7210
f 7171 7210 6982
f 6982 7210 7039
f 6982 7039 6792
f 6792 7039 6812
f 6792 6812 6683
f 6683 6812 6688
f 6683 6688 6572
f 6572 6688 6563
f 6572 6563 6476
f 6476 6563 6470
f 7385 7472 7319
f 7319 7472 7380
f 7319 7380 7210
f 7210 7380 7250
f 7210 7250 7039
f 7039 7250 7079
f 7039 7079 6812
f 6812 7079 6832
f 6812 6832 6688
f 6688 6832 6694
f 6688 6694 6563
f 6563 6694 6557
f 6563 6557 6470
f 6470 6557 6456
f 6434 6456 6541
f 6541 6456 6557
f 6541 6557 6696
f 6696 6557 6694
f 6696 6694 6865
f 6865 6694 6832
f 6865 6832 7139
f 7139 6832 7079
f 7139 7079 7299
f 7299 7079 7250
f 7299 7250 7473
f 7473 7250 7380
f 7473 7380 7519
f 7519 7380 7475
f 5194 5286 5288
f 5912 6184 6182
f 6434 6100 6109
f 4615 4930 4940
f 4615 4940 4621
f 4621 4940 4951
f 4621 4951 4627
f 4627 4951 4957
f 4627 4957 4637
f 4637 4957 4974
f 4637 4974 4643
f 4643 4974 4998
f 4643 4998 4656
f 4656 4998 5007
f 4656 5007 4678
f 6434 6109 6456
f 6456 6109 6136
f 6456 6136 6470
f 6470 6136 6154
f 6470 6154 6476
f 6476 6154 6159
f 6476 6159 6487
f 6487 6159 6172
f 6487 6172 6493
f 6493 6172 6182
f 6493 6182 6499
f 6499 6182 6184
f 6499 6184 6506
f 5814 5816 5912
f 5816 5814 5539
f 5286 5539 5540
f 4615 4606 4930
f 4930 4606 4928
f 4930 4928 5194
f 5912 6182 5814
f 5814 6182 6172
f 5814 6172 5812
f 5812 6172 6159
f 5812 6159 5810
f 5810 6159 6154
f 5810 6154 5807
f 5807 6154 6136
f 5807 6136 5800
f 5800 6136 6109
f 5800 6109 5793
f 5793 6109 6100
f 5793 6100 5786
f 5539 5814 5540
f 5540 5814 5812
f 5540 5812 5542
f 5542 5812 5810
f 5542 5810 5543
f 5543 5810 5807
f 5543 5807 5544
f 5544 5807 5800
f 5544 5800 5545
f 5545 5800 5793
f 5545 5793 5546
f 5546 5793 5786
f 5546 5786 5547
f 5286 5540 5288
f 5288 5540 5542
f 5288 5542 5290
f 5290 5542 5543
f 5290 5543 5292
f 5292 5543 5544
f 5292 5544 5295
f 5295 5544 5545
f 5295 5545 5302
f 5302 5545 5546
f 5302 5546 5312
f 5312 5546 5547
f 5312 5547 5319
f 5194 5288 4930
f 4930 5288 5290
f 4930 5290 4940
f 4940 5290 5292
f 4940 5292 4951
f 4951 5292 5295
f 4951 5295 4957
f 4957 5295 5302
f 4957 5302 4974
f 4974 5302 5312
f 4974 5312 4998
f 4998 5312 5319
f 4998 5319 5007
f 3627 3634 3727
f 3710 3722 3790
f 3768 3786 3839
f 3822 3823 3866
f 3843 3847 3899
f 3864 3869 3914
f 3914 3869 3874
f 4524 4437 4440
f 4606 4615 4521
f 4521 4615 4524
f 4521 4524 4482
f 4482 4524 4440
f 4187 4273 4343
f 4343 4273 4345
f 4343 4345 4437
f 4437 4345 4386
f 4437 4386 4440
f 4020 4103 4187
f 4187 4103 4189
f 4187 4189 4273
f 3874 3918 3914
f 3914 3918 3946
f 3914 3946 4020
f 4020 3946 4030
f 4020 4030 4103
f 4615 4621 4524
f 4524 4621 4527
f 4524 4527 4437
f 4437 4527 4435
f 4437 4435 4343
f 4343 4435 4340
f 4343 4340 4187
f 4187 4340 4175
f 4187 4175 4020
f 4020 4175 4005
f 4020 4005 3914
f 3914 4005 3899
f 3914 3899 3864
f 3864 3899 3847
f 4621 4627 4527
f 4527 4627 4532
f 4527 4532 4435
f 4435 4532 4431
f 4435 4431 4340
f 4340 4431 4330
f 4340 4330 4175
f 4175 4330 4149
f 4175 4149 4005
f 4005 4149 3963
f 4005 3963 3899
f 3899 3963 3866
f 3899 3866 3843
f 3843 3866 3823
f 4627 4637 4532
f 4532 4637 4543
f 4532 4543 4431
f 4431 4543 4429
f 4431 4429 4330
f 4330 4429 4320
f 4330 4320 4149
f 4149 4320 4127
f 4149 4127 3963
f 3963 4127 3934
f 3963 3934 3866
f 3866 3934 3839
f 3866 3839 3822
f 3822 3839 3786
f 4637 4643 4543
f 4543 4643 4551
f 4543 4551 4429
f 4429 4551 4424
f 4429 4424 4320
f 4320 4424 4299
f 4320 4299 4127
f 4127 4299 4072
f 4127 4072 3934
f 3934 4072 3901
f 3934 3901 3839
f 3839 3901 3790
f 3839 3790 3768
f 3768 3790 3722
f 4643 4656 4551
f 4551 4656 4558
f 4551 4558 4424
f 4424 4558 4418
f 4424 4418 4299
f 4299 4418 4275
f 4299 4275 4072
f 4072 4275 4033
f 4072 4033 3901
f 3901 4033 3857
f 3901 3857 3790
f 3790 3857 3727
f 3790 3727 3710
f 3710 3727 3634
f 3590 3627 3636
f 3636 3627 3727
f 3636 3727 3812
f 3812 3727 3857
f 3812 3857 3974
f 3974 3857 4033
f 3974 4033 4241
f 4241 4033 4275
f 4241 4275 4415
f 4415 4275 4418
f 4415 4418 4572
f 4572 4418 4558
f 4572 4558 4678
f 4678 4558 4656
f 3744 3874 3739
f 3739 3874 3869
f 3739 3869 3734
f 3734 3869 3864
f 3734 3864 3714
f 3714 3864 3847
f 3714 3847 3709
f 3709 3847 3843
f 3709 3843 3654
f 3654 3843 3823
f 3654 3823 3652
f 3652 3823 3822
f 3652 3822 3625
f 3625 3822 3786
f 3625 3786 3615
f 3615 3786 3768
f 3615 3768 3588
f 3588 3768 3722
f 3588 3722 3583
f 3583 3722 3710
f 3583 3710 3562
f 3562 3710 3634
f 3562 3634 3557
f 3557 3634 3627
f 3557 3627 3530
f 3530 3627 3590
f 3734 3714 3657
f 3709 3654 3622
f 3652 3625 3602
f 3615 3588 3573
f 4086 4101 3961
f 4142 4144 4024
f 4024 4144 4146
f 4024 4146 4153
f 4119 4136 4012
f 4086 3961 4067
f 4039 4059 3931
f 3871 4002 3904
f 3904 4002 4028
f 3583 3562 3540
f 3540 3562 3557
f 3694 3702 3739
f 3739 3702 3744
f 3649 3668 3672
f 3672 3670 3649
f 3649 3670 3661
f 3649 3661 3694
f 3694 3661 3684
f 3694 3684 3702
f 3804 3771 3725
f 3725 3771 3731
f 3725 3731 3668
f 3668 3731 3706
f 3668 3706 3672
f 3894 3855 3804
f 3804 3855 3808
f 3804 3808 3771
f 4153 4035 4024
f 4024 4035 3959
f 4024 3959 3894
f 3894 3959 3896
f 3894 3896 3855
f 3739 3734 3694
f 3694 3734 3657
f 3694 3657 3649
f 3649 3657 3631
f 3649 3631 3668
f 3668 3631 3639
f 3668 3639 3725
f 3725 3639 3697
f 3725 3697 3804
f 3804 3697 3784
f 3804 3784 3894
f 3894 3784 3879
f 3894 3879 4024
f 4024 3879 4012
f 4024 4012 4142
f 4142 4012 4136
f 3714 3709 3657
f 3657 3709 3622
f 3657 3622 3631
f 3631 3622 3604
f 3631 3604 3639
f 3639 3604 3611
f 3639 3611 3697
f 3697 3611 3646
f 3697 3646 3784
f 3784 3646 3752
f 3784 3752 3879
f 3879 3752 3853
f 3879 3853 4012
f 4012 3853 3987
f 4012 3987 4119
f 4119 3987 4113
f 3654 3652 3622
f 3622 3652 3602
f 3622 3602 3604
f 3604 3602 3585
f 3604 3585 3611
f 3611 3585 3593
f 3611 3593 3646
f 3646 3593 3617
f 3646 3617 3752
f 3752 3617 3718
f 3752 3718 3853
f 3853 3718 3834
f 3853 3834 3987
f 3987 3834 3961
f 3987 3961 4113
f 4113 3961 4101
f 3625 3615 3602
f 3602 3615 3573
f 3602 3573 3585
f 3585 3573 3555
f 3585 3555 3593
f 3593 3555 3560
f 3593 3560 3617
f 3617 3560 3581
f 3617 3581 3718
f 3718 3581 3641
f 3718 3641 3834
f 3834 3641 3799
f 3834 3799 3961
f 3961 3799 3931
f 3961 3931 4067
f 4067 3931 4059
f 3588 3583 3573
f 3573 3583 3540
f 3573 3540 3555
f 3555 3540 3527
f 3555 3527 3560
f 3560 3527 3532
f 3560 3532 3581
f 3581 3532 3551
f 3581 3551 3641
f 3641 3551 3600
f 3641 3600 3799
f 3799 3600 3749
f 3799 3749 3931
f 3931 3749 3904
f 3931 3904 4039
f 4039 3904 4028
f 3871 3904 3674
f 3674 3904 3749
f 3674 3749 3571
f 3571 3749 3600
f 3571 3600 3521
f 3521 3600 3551
f 3521 3551 3497
f 3497 3551 3532
f 3497 3532 3492
f 3492 3532 3527
f 3492 3527 3510
f 3510 3527 3540
f 3510 3540 3529
f 3529 3540 3557
f 3529 3557 3530
f 2236 2183 2310
f 1227 1163 1236
f 1236 1163 1172
f 1236 1172 1252
f 1252 1172 1213
f 1252 1213 1407
f 1407 1213 1244
f 1407 1244 1797
f 1797 1244 1549
f 1797 1549 1979
f 1979 1549 1977
f 1979 1977 2093
f 2093 1977 2121
f 2093 2121 2139
f 2139 2121 2191
f 2139 2191 2183
f 2183 2191 2274
f 2183 2274 2310
f 2238 2312 2185
f 2185 2312 2276
f 2185 2276 2141
f 2141 2276 2193
f 2141 2193 2095
f 2095 2193 2123
f 2095 2123 1981
f 1981 2123 1983
f 1981 1983 1799
f 1799 1983 1551
f 1799 1551 1409
f 1409 1551 1246
f 1409 1246 1254
f 1254 1246 1215
f 1254 1215 1238
f 1238 1215 1174
f 1238 1174 1229
f 1229 1174 1160
f 1229 1160 1223
f 1223 1160 1153
f 1223 1153 1227
f 1227 1153 1158
f 1227 1158 1163
f 2310 2355 2236
f 2236 2355 2378
f 2236 2378 2248
f 2248 2378 2392
f 2248 2392 2258
f 2258 2392 2406
f 2258 2406 2250
f 2250 2406 2394
f 2250 2394 2238
f 2238 2394 2357
f 2238 2357 2312
f 2593 2497 2558
f 2558 2497 2457
f 2558 2457 2515
f 2515 2457 2424
f 2515 2424 2509
f 2509 2424 2404
f 2509 2404 2513
f 2513 2404 2422
f 2513 2422 2556
f 2556 2422 2455
f 2556 2455 2591
f 2637 2531 2593
f 2593 2531 2501
f 2593 2501 2497
f 2995 3069 2929
f 2929 3069 3066
f 2929 3066 2883
f 2883 3066 2951
f 2883 2951 2816
f 2816 2951 2847
f 2816 2847 2770
f 2770 2847 2772
f 2770 2772 2708
f 2708 2772 2667
f 2708 2667 2637
f 2637 2667 2582
f 2637 2582 2531
f 2455 2499 2591
f 2591 2499 2529
f 2591 2529 2635
f 2635 2529 2580
f 2635 2580 2706
f 2706 2580 2665
f 2706 2665 2768
f 2768 2665 2766
f 2768 2766 2814
f 2814 2766 2845
f 2814 2845 2881
f 2881 2845 2949
f 2881 2949 2927
f 2927 2949 3064
f 2927 3064 2993
f 2993 3064 3155
f 2993 3155 3026
f 3026 3155 3207
f 3026 3207 3042
f 3042 3207 3223
f 3042 3223 3028
f 3028 3223 3209
f 3028 3209 2995
f 2995 3209 3157
f 2995 3157 3069
f 2808 2720 2833
f 2833 2720 2734
f 2833 2734 2877
f 2877 2734 2795
f 2877 2795 2919
f 2919 2795 2870
f 2919 2870 3015
f 3015 2870 2970
f 3015 2970 3112
f 3112 2970 3110
f 3112 3110 3214
f 3214 3110 3245
f 3214 3245 3265
f 3265 3245 3338
f 3265 3338 3323
f 3323 3338 3418
f 3323 3418 3361
f 3418 3468 3361
f 3361 3468 3487
f 3361 3487 3383
f 3383 3487 3507
f 3383 3507 3393
f 3393 3507 3518
f 3393 3518 3385
f 3385 3518 3509
f 3385 3509 3363
f 3363 3509 3470
f 3363 3470 3325
f 3325 3470 3420
f 3325 3420 3267
f 3267 3420 3340
f 3267 3340 3216
f 3216 3340 3247
f 3216 3247 3114
f 3114 3247 3116
f 3114 3116 3017
f 3017 3116 2972
f 3017 2972 2921
f 2921 2972 2872
f 2921 2872 2879
f 2879 2872 2797
f 2879 2797 2835
f 2835 2797 2736
f 2835 2736 2810
f 2810 2736 2714
f 2810 2714 2799
f 2799 2714 2699
f 2799 2699 2808
f 2808 2699 2712
f 2808 2712 2720
f 9871 9935 9862
f 9862 9935 9926
f 9862 9926 9846
f 9846 9926 9885
f 9846 9885 9689
f 9689 9885 9854
f 9689 9854 9298
f 9298 9854 9547
f 9298 9547 9120
f 9120 9547 9122
f 9120 9122 9007
f 9007 9122 8979
f 9007 8979 8961
f 8961 8979 8910
f 8961 8910 8918
f 8918 8910 8828
f 8918 8828 8866
f 8828 8772 8866
f 8866 8772 8749
f 8866 8749 8854
f 8854 8749 8735
f 8854 8735 8847
f 8847 8735 8721
f 8847 8721 8852
f 8852 8721 8733
f 8852 8733 8864
f 8864 8733 8770
f 8864 8770 8916
f 8916 8770 8826
f 8916 8826 8959
f 8959 8826 8908
f 8959 8908 9005
f 9005 8908 8977
f 9005 8977 9118
f 9118 8977 9116
f 9118 9116 9296
f 9296 9116 9545
f 9296 9545 9687
f 9687 9545 9852
f 9687 9852 9844
f 9844 9852 9883
f 9844 9883 9860
f 9860 9883 9924
f 9860 9924 9869
f 9869 9924 9938
f 9869 9938 9875
f 9875 9938 9945
f 9875 9945 9871
f 9871 9945 9940
f 9871 9940 9935
f 8535 8490 8598
f 8141 8066 8207
f 8207 8066 8070
f 8207 8070 8253
f 8253 8070 8185
f 8253 8185 8319
f 8319 8185 8289
f 8319 8289 8362
f 8362 8289 8360
f 8362 8360 8419
f 8419 8360 8460
f 8419 8460 8490
f 8490 8460 8546
f 8490 8546 8598
f 8537 8600 8492
f 8492 8600 8548
f 8492 8548 8421
f 8421 8548 8462
f 8421 8462 8364
f 8364 8462 8366
f 8364 8366 8321
f 8321 8366 8291
f 8321 8291 8255
f 8255 8291 8187
f 8255 8187 8209
f 8209 8187 8072
f 8209 8072 8143
f 8143 8072 7981
f 8143 7981 8110
f 8110 7981 7929
f 8110 7929 8094
f 8094 7929 7913
f 8094 7913 8108
f 8108 7913 7927
f 8108 7927 8141
f 8141 7927 7979
f 8141 7979 8066
f 8598 8626 8535
f 8535 8626 8631
f 8535 8631 8569
f 8569 8631 8670
f 8569 8670 8613
f 8613 8670 8705
f 8613 8705 8618
f 8618 8705 8723
f 8618 8723 8615
f 8615 8723 8707
f 8615 8707 8571
f 8571 8707 8672
f 8571 8672 8537
f 8537 8672 8628
f 8537 8628 8600
f 7922 7853 7871
f 7871 7853 7772
f 7871 7772 7787
f 7787 7772 7692
f 7787 7692 7749
f 7749 7692 7642
f 7749 7642 7727
f 7727 7642 7605
f 7727 7605 7717
f 7717 7605 7594
f 7717 7594 7725
f 7725 7594 7603
f 7725 7603 7747
f 7747 7603 7640
f 7747 7640 7785
f 7785 7640 7690
f 7785 7690 7869
f 7690 7770 7869
f 7869 7770 7851
f 7869 7851 7920
f 7920 7851 7889
f 7920 7889 8022
f 8022 7889 8020
f 8022 8020 8119
f 8119 8020 8164
f 8119 8164 8215
f 8215 8164 8264
f 8215 8264 8257
f 8257 8264 8337
f 8257 8337 8301
f 8301 8337 8393
f 8301 8393 8325
f 8325 8393 8413
f 8325 8413 8335
f 8335 8413 8428
f 8335 8428 8327
f 8327 8428 8415
f 8327 8415 8303
f 8303 8415 8395
f 8303 8395 8259
f 8259 8395 8339
f 8259 8339 8217
f 8217 8339 8266
f 8217 8266 8121
f 8121 8266 8166
f 8121 8166 8024
f 8024 8166 8026
f 8024 8026 7922
f 7922 8026 7891
f 7922 7891 7853
f 2543 2541 2627
f 2627 2541 2605
f 2627 2605 2728
f 2728 2605 2726
f 2728 2726 2826
f 2826 2726 2862
f 2826 2862 2923
f 2923 2862 3021
f 2923 3021 3050
f 3050 3021 3186
f 3050 3186 3147
f 3147 3186 3272
f 3147 3272 3203
f 3203 3272 3329
f 3203 3329 3225
f 2409 2320 2469
f 2469 2320 2383
f 2469 2383 2543
f 2543 2383 2483
f 2543 2483 2541
f 2370 2234 2359
f 2359 2234 2227
f 2359 2227 2368
f 2368 2227 2240
f 2368 2240 2409
f 2409 2240 2285
f 2409 2285 2320
f 2471 2322 2411
f 2411 2322 2287
f 2411 2287 2370
f 2370 2287 2242
f 2370 2242 2234
f 2629 2547 2545
f 2545 2547 2485
f 2545 2485 2471
f 2471 2485 2385
f 2471 2385 2322
f 3329 3350 3225
f 3225 3350 3336
f 3225 3336 3205
f 3205 3336 3331
f 3205 3331 3149
f 3149 3331 3274
f 3149 3274 3052
f 3052 3274 3188
f 3052 3188 2925
f 2925 3188 3023
f 2925 3023 2828
f 2828 3023 2864
f 2828 2864 2730
f 2730 2864 2732
f 2730 2732 2629
f 2629 2732 2607
f 2629 2607 2547
f 7774 7931 7911
f 7989 7837 7933
f 7933 7837 7781
f 7933 7781 7911
f 7911 7781 7760
f 7911 7760 7774
f 8586 8588 8500
f 8500 8588 8523
f 8500 8523 8401
f 8401 8523 8403
f 8401 8403 8310
f 8310 8403 8274
f 8310 8274 8213
f 8213 8274 8115
f 8213 8115 8086
f 8086 8115 7950
f 8086 7950 7989
f 7989 7950 7864
f 7989 7864 7837
f 8757 8868 8768
f 8768 8868 8875
f 8768 8875 8759
f 8759 8875 8862
f 8759 8862 8718
f 8718 8862 8818
f 8718 8818 8658
f 8658 8818 8744
f 8658 8744 8586
f 8586 8744 8644
f 8586 8644 8588
f 8498 8582 8584
f 8584 8582 8642
f 8584 8642 8656
f 8656 8642 8742
f 8656 8742 8716
f 8716 8742 8816
f 8716 8816 8757
f 8757 8816 8860
f 8757 8860 8868
f 7774 7779 7931
f 7931 7779 7835
f 7931 7835 7987
f 7987 7835 7862
f 7987 7862 8084
f 8084 7862 7948
f 8084 7948 8211
f 8211 7948 8113
f 8211 8113 8308
f 8308 8113 8272
f 8308 8272 8399
f 8399 8272 8397
f 8399 8397 8498
f 8498 8397 8521
f 8498 8521 8582
f 4587 4145 4147
f 4145 4587 4143
f 4143 4587 4584
f 4143 4584 4137
f 4137 4584 4120
f 4120 4584 4571
f 4120 4571 4114
f 4114 4571 4102
f 4102 4571 4563
f 4102 4563 4087
f 4087 4563 4068
f 4068 4563 4547
f 4068 4547 4060
f 4060 4547 4040
f 4040 4547 4531
f 4040 4531 4029
f 4029 4531 4517
f 4029 4517 4003
f 4729 4517 4754
f 4754 4517 4531
f 4754 4531 4759
f 4759 4531 4767
f 4563 4814 4547
f 4547 4814 4811
f 4547 4811 4531
f 4531 4811 4807
f 4531 4807 4767
f 4892 4877 4571
f 4571 4877 4860
f 4571 4860 4563
f 4563 4860 4858
f 4563 4858 4814
f 4892 4571 4910
f 4910 4571 4584
f 4910 4584 4925
f 4962 4956 4587
f 4587 4956 4949
f 4587 4949 4584
f 4584 4949 4936
f 4584 4936 4925
f 4970 4651 4972
f 4972 4651 4983
f 4970 4962 4651
f 4651 4962 4587
f 4651 4587 4589
f 4589 4587 4147
f 4589 4147 4155
f 4757 4768 4530
f 4863 4896 4570
f 4960 4963 4586
f 4981 4650 4978
f 4978 4650 4967
f 4896 4911 4583
f 4911 4932 4583
f 4583 4932 4937
f 4583 4937 4586
f 4586 4937 4947
f 4586 4947 4960
f 4863 4570 4862
f 4546 4809 4562
f 4562 4809 4847
f 4768 4796 4546
f 4546 4796 4805
f 4546 4805 4809
f 4757 4530 4728
f 4028 4002 4530
f 4530 4002 4516
f 4530 4516 4728
f 4768 4546 4530
f 4530 4546 4039
f 4530 4039 4028
f 4101 4086 4562
f 4562 4086 4067
f 4562 4067 4546
f 4546 4067 4059
f 4546 4059 4039
f 4113 4101 4570
f 4570 4101 4562
f 4570 4562 4862
f 4862 4562 4847
f 4896 4583 4570
f 4570 4583 4119
f 4570 4119 4113
f 4146 4144 4586
f 4586 4144 4142
f 4586 4142 4583
f 4583 4142 4136
f 4583 4136 4119
f 4153 4146 4588
f 4588 4146 4586
f 4588 4586 4650
f 4650 4586 4963
f 4650 4963 4967
f 3745 3744 3687
f 3687 3744 3702
f 3687 3702 3681
f 3702 3684 3681
f 3681 3684 3661
f 3681 3661 3656
f 3656 3661 3670
f 3656 3670 3666
f 3666 3670 3691
f 3691 3670 3672
f 3691 3672 3701
f 3701 3672 3706
f 3701 3706 3762
f 3762 3706 3731
f 3762 3731 3766
f 3954 3855 3896
f 3954 3896 3956
f 3731 3771 3766
f 3766 3771 3808
f 3766 3808 3849
f 3849 3808 3855
f 3849 3855 3850
f 3850 3855 3954
f 4153 4154 4035
f 4035 4154 3956
f 4035 3956 3959
f 3959 3956 3896
f 3681 3656 3679
f 3666 3691 3711
f 3865 3973 4022
f 4088 4032 3989
f 3989 4032 3980
f 3941 3878 3886
f 3687 3708 3745
f 3745 3708 3754
f 3751 3781 3760
f 3863 3859 3810
f 3810 3859 3821
f 3810 3821 3803
f 4191 4210 4248
f 4248 4210 4263
f 4327 4350 4290
f 4290 4350 4353
f 4290 4353 4371
f 4292 4311 4131
f 4221 4246 4085
f 4221 4085 4215
f 4022 4168 4181
f 4168 4022 4161
f 4161 4022 3973
f 4161 3973 4157
f 4154 4157 3956
f 3956 4157 3973
f 3956 3973 3954
f 3954 3973 3865
f 3954 3865 3850
f 3850 3865 3849
f 3701 3762 3782
f 3782 3762 3766
f 3766 3849 3782
f 3782 3849 3865
f 3782 3865 3905
f 3905 3865 4022
f 3905 4022 4112
f 4112 4022 4181
f 4112 4181 4213
f 4191 4044 4210
f 4210 4044 4290
f 4210 4290 4263
f 4263 4290 4371
f 3691 3701 3711
f 3711 3701 3782
f 3711 3782 3827
f 3827 3782 3905
f 3827 3905 3965
f 3965 3905 4112
f 3965 4112 4207
f 4207 4112 4213
f 4191 4088 4044
f 4044 4088 3989
f 4044 3989 3886
f 3886 3989 3980
f 3886 3980 3941
f 3878 3807 3886
f 3886 3807 3916
f 3886 3916 4044
f 4044 3916 4131
f 4044 4131 4290
f 4290 4131 4311
f 4290 4311 4327
f 3656 3666 3679
f 3679 3666 3711
f 3679 3711 3764
f 3764 3711 3827
f 3764 3827 3885
f 3885 3827 3965
f 3885 3965 4085
f 4085 3965 4207
f 4085 4207 4215
f 4215 4207 4213
f 3878 3863 3807
f 3807 3863 3810
f 3807 3810 3751
f 3751 3810 3803
f 3751 3803 3781
f 4253 4292 4230
f 4230 4292 4131
f 4230 4131 3972
f 3972 4131 3916
f 3972 3916 3832
f 3832 3916 3807
f 3832 3807 3738
f 3738 3807 3751
f 3738 3751 3708
f 3708 3751 3760
f 3708 3760 3754
f 3687 3681 3708
f 3708 3681 3679
f 3708 3679 3738
f 3738 3679 3764
f 3738 3764 3832
f 3832 3764 3885
f 3832 3885 3972
f 3972 3885 4085
f 3972 4085 4230
f 4230 4085 4246
f 4230 4246 4253
f 3875 3745 3884
f 3884 3745 3754
f 3884 3754 3888
f 3888 3754 3760
f 3888 3760 3912
f 3912 3760 3781
f 3912 3781 3924
f 3924 3781 3803
f 3924 3803 3945
f 3945 3803 3821
f 3945 3821 4004
f 3821 3859 4004
f 4004 3859 3863
f 4004 3863 3878
f 4191 4313 4088
f 4088 4313 4262
f 4088 4262 4032
f 4032 4262 4199
f 4032 4199 3980
f 3980 4199 4135
f 3980 4135 3941
f 3941 4135 4065
f 3941 4065 3878
f 3878 4065 4053
f 3878 4053 4004
f 4371 4465 4263
f 4263 4465 4463
f 4263 4463 4248
f 4248 4463 4374
f 4248 4374 4191
f 4191 4374 4357
f 4191 4357 4313
f 5191 4843 4838
f 5461 5230 5228
f 6276 6512 6511
f 6512 6276 6519
f 6519 6276 6292
f 6519 6292 6520
f 6520 6292 6533
f 6533 6292 6299
f 6533 6299 6545
f 6545 6299 6559
f 6559 6299 6311
f 6559 6311 6561
f 6323 6598 6311
f 6311 6598 6565
f 6311 6565 6561
f 6352 6609 6323
f 6323 6609 6604
f 6323 6604 6598
f 6649 6633 6352
f 6352 6633 6627
f 6352 6627 6609
f 4488 4480 4761
f 4761 4480 4469
f 4554 4549 4803
f 4803 4549 4519
f 4803 4519 4791
f 4791 4519 4512
f 4791 4512 4761
f 4761 4512 4505
f 4761 4505 4488
f 4554 4803 4556
f 4556 4803 4815
f 4556 4815 4568
f 4568 4815 4581
f 4581 4815 4822
f 4581 4822 4594
f 4594 4822 4596
f 4596 4822 4838
f 4596 4838 4601
f 4601 4838 4603
f 4603 4838 4843
f 4603 4843 4607
f 5944 6373 6352
f 6352 6373 6650
f 6352 6650 6649
f 5659 5944 5931
f 5931 5944 6352
f 5931 6352 5918
f 5918 6352 6323
f 5918 6323 5901
f 5901 6323 6311
f 5901 6311 5896
f 5896 6311 6299
f 5896 6299 5883
f 5883 6299 6292
f 5883 6292 5877
f 5877 6292 6276
f 5447 5659 5657
f 5657 5659 5931
f 5657 5931 5655
f 5655 5931 5918
f 5655 5918 5653
f 5653 5918 5901
f 5653 5901 5651
f 5651 5901 5896
f 5651 5896 5649
f 5649 5896 5883
f 5649 5883 5647
f 5647 5883 5877
f 5159 5447 5449
f 5449 5447 5657
f 5449 5657 5451
f 5451 5657 5655
f 5451 5655 5453
f 5453 5655 5653
f 5453 5653 5455
f 5455 5653 5651
f 5455 5651 5457
f 5457 5651 5649
f 5457 5649 5459
f 5459 5649 5647
f 5541 5459 5645
f 5645 5459 5647
f 5645 5647 5875
f 5875 5647 5877
f 5875 5877 5915
f 5915 5877 6276
f 5915 6276 6270
f 6270 6276 6511
f 6270 6511 6507
f 5541 5461 5459
f 5459 5461 5228
f 5459 5228 5457
f 5457 5228 5222
f 5457 5222 5455
f 5455 5222 5210
f 5455 5210 5453
f 5453 5210 5205
f 5453 5205 5451
f 5451 5205 5188
f 5451 5188 5449
f 5449 5188 5174
f 5449 5174 5159
f 5159 5174 4740
f 5230 5191 5228
f 5228 5191 4838
f 5228 4838 5222
f 5222 4838 4822
f 5222 4822 5210
f 5210 4822 4815
f 5210 4815 5205
f 5205 4815 4803
f 5205 4803 5188
f 5188 4803 4791
f 5188 4791 5174
f 5174 4791 4761
f 5174 4761 4740
f 4740 4761 4469
f 4740 4469 4465
f 7361 7235 7352
f 7352 7235 7227
f 7352 7227 7344
f 7344 7227 7221
f 7344 7221 7328
f 7328 7221 7198
f 7328 7198 7289
f 7289 7198 7170
f 6650 6738 6654
f 6654 6738 6798
f 6654 6798 6744
f 6744 6798 6882
f 6744 6882 6756
f 6756 6882 6918
f 6756 6918 6797
f 6797 6918 7049
f 6797 7049 6889
f 6889 7049 7071
f 6889 7071 6910
f 6910 7071 7126
f 6910 7126 7046
f 7046 7126 7205
f 7046 7205 7048
f 7048 7205 7229
f 7048 7229 7060
f 7060 7229 7230
f 7060 7230 7170
f 7170 7230 7281
f 7170 7281 7289
f 9408 9407 9402
f 9362 9356 9348
f 9302 9323 9325
f 9378 9379 9396
f 9379 9383 9396
f 9396 9383 9398
f 9396 9398 9405
f 9378 9396 9355
f 9355 9396 9375
f 9355 9375 9354
f 9354 9348 9332
f 9332 9348 9323
f 9332 9323 9318
f 9318 9323 9302
f 9318 9302 9289
f 9289 9302 9291
f 9289 9291 9276
f 9276 9291 9274
f 9276 9274 9271
f 9274 9273 9271
f 9271 9273 9261
f 9271 9261 9268
f 9268 9261 9255
f 9268 9255 9238
f 9238 9255 9239
f 9238 9239 9219
f 9356 9346 9348
f 9348 9346 9337
f 9348 9337 9323
f 9323 9337 9328
f 9323 9328 9325
f 9354 9375 9348
f 9348 9375 9394
f 9348 9394 9362
f 9423 9430 9435
f 9408 9402 9412
f 9412 9402 9423
f 9412 9423 9433
f 9433 9423 9435
f 9433 9435 9450
f 9407 9394 9402
f 9402 9394 9375
f 9402 9375 9423
f 9423 9375 9396
f 9423 9396 9430
f 9430 9396 9405
f 9385 9386 9384
f 9384 9386 9387
f 9384 9387 9383
f 8103 8104 8221
f 8221 8104 8292
f 8340 8306 8292
f 8292 8306 8270
f 8292 8270 8221
f 8607 8610 8495
f 8495 8610 8549
f 8549 8485 8495
f 8495 8485 8382
f 8495 8382 8340
f 8340 8382 8342
f 8340 8342 8306
f 8753 8665 8795
f 8753 8731 8665
f 8665 8731 8681
f 8665 8681 8607
f 8607 8681 8623
f 8607 8623 8610
f 8965 8966 8944
f 8965 8944 8949
f 8949 8944 8923
f 8949 8923 8823
f 8923 8841 8823
f 8823 8841 8839
f 8823 8839 8795
f 8795 8839 8798
f 8795 8798 8753
f 9060 9049 8965
f 8965 9049 8983
f 8965 8983 8966
f 9195 9269 9275
f 9158 9107 9171
f 9171 9107 9195
f 9171 9195 9224
f 9224 9195 9275
f 9158 9134 9107
f 9107 9134 9109
f 9107 9109 9060
f 9060 9109 9065
f 9060 9065 9049
f 9386 9385 9329
f 9329 9385 9324
f 9329 9324 9269
f 9269 9324 9280
f 9269 9280 9275
f 8060 8036 8042
f 8323 8312 8152
f 8323 8152 8332
f 8152 8192 8332
f 8332 8192 8227
f 8332 8227 8344
f 8370 8357 8240
f 8240 8357 8352
f 8240 8352 8227
f 8227 8352 8347
f 8227 8347 8344
f 8268 8379 8262
f 8262 8379 8377
f 8221 8270 8268
f 8268 8270 8306
f 8268 8306 8379
f 8379 8306 8342
f 8379 8342 8382
f 8103 8221 8100
f 8100 8221 8268
f 8100 8268 8095
f 8095 8268 8262
f 8095 8262 8090
f 8052 8063 8248
f 8248 8063 8076
f 8248 8076 8262
f 8262 8076 8088
f 8262 8088 8090
f 8048 8052 8240
f 8240 8052 8248
f 8240 8248 8370
f 8370 8248 8262
f 8370 8262 8375
f 8375 8262 8377
f 8006 8008 8123
f 8123 8008 8043
f 8123 8043 8149
f 8006 8123 8002
f 8002 8123 8082
f 8002 8082 7966
f 7985 7937 7959
f 8036 7996 8042
f 8042 7996 7985
f 8042 7985 8082
f 8082 7985 7959
f 8082 7959 7966
f 8282 8245 8312
f 8312 8245 8198
f 8312 8198 8152
f 8152 8198 8130
f 8152 8130 8067
f 8067 8060 8152
f 8152 8060 8042
f 8152 8042 8192
f 8192 8042 8082
f 8192 8082 8227
f 8227 8082 8123
f 8227 8123 8240
f 8240 8123 8149
f 8240 8149 8048
f 8048 8149 8043
f 8052 8048 8016
f 8029 8032 8057
f 8034 8038 8068
f 8029 8057 8027
f 8027 8057 8044
f 8027 8044 8010
f 7971 7983 8016
f 8016 7983 7991
f 8016 7991 8044
f 8044 7991 8004
f 8044 8004 8010
f 7971 8016 7963
f 7963 8016 7967
f 7963 7967 7939
f 7939 7967 7904
f 7904 7967 7923
f 7904 7923 7895
f 7895 7923 7906
f 7895 7906 7882
f 7937 7906 7959
f 7959 7906 7923
f 7959 7923 7966
f 7966 7923 7967
f 7966 7967 8002
f 8048 8043 8016
f 8016 8043 8008
f 8016 8008 7967
f 7967 8008 8006
f 7967 8006 8002
f 8052 8016 8063
f 8063 8016 8044
f 8063 8044 8076
f 8100 8095 8057
f 8057 8095 8090
f 8057 8090 8044
f 8044 8090 8088
f 8044 8088 8076
f 8103 8100 8068
f 8068 8100 8057
f 8068 8057 8034
f 8034 8057 8032
f 5662 5720 5824
f 5824 5720 5951
f 5824 5951 5961
f 5961 5951 6231
f 5961 6231 6085
f 6085 6231 6420
f 6085 6420 6208
f 6208 6420 6577
f 6208 6577 6260
f 6260 6577 6624
f 6260 6624 6209
f 6209 6624 6578
f 6209 6578 6086
f 6086 6578 6421
f 6086 6421 5962
f 5962 6421 6232
f 5962 6232 5825
f 5825 6232 5952
f 5825 5952 5663
f 5663 5952 5721
f 5663 5721 5533
f 5533 5721 5529
f 5533 5529 5439
f 5439 5529 5385
f 5439 5385 5273
f 5273 5385 5151
f 5273 5151 5136
f 5136 5151 4884
f 5136 4884 5017
f 5017 4884 4691
f 5017 4691 4901
f 4901 4691 4537
f 4901 4537 4852
f 4852 4537 4491
f 4852 4491 4900
f 4900 4491 4536
f 4900 4536 5016
f 5016 4536 4690
f 5016 4690 5135
f 5135 4690 4883
f 5135 4883 5272
f 5272 4883 5150
f 5272 5150 5438
f 5438 5150 5384
f 5438 5384 5532
f 5532 5384 5528
f 5532 5528 5662
f 5662 5528 5720
f 5907 5891 5782
f 5314 5232 5217
f 5368 5380 5389
f 5389 5380 5396
f 5396 5380 5464
f 5464 5380 5483
f 5464 5483 5484
f 5636 5631 5483
f 5483 5631 5524
f 5483 5524 5484
f 5780 5779 5782
f 5782 5779 5717
f 5782 5717 5636
f 5636 5717 5661
f 5636 5661 5631
f 5873 5780 5888
f 5888 5780 5782
f 5888 5782 5890
f 5890 5782 5891
f 5869 5799 5809
f 5809 5799 5640
f 5809 5640 5641
f 5641 5640 5527
f 5527 5640 5481
f 5527 5481 5498
f 5498 5481 5480
f 5480 5481 5362
f 5480 5362 5353
f 5177 5170 5236
f 5353 5362 5236
f 5236 5362 5179
f 5236 5179 5177
f 5925 5799 5926
f 5926 5799 5869
f 5926 5869 5934
f 5925 5790 5799
f 5799 5790 5637
f 5799 5637 5640
f 5640 5637 5482
f 5640 5482 5481
f 5481 5482 5373
f 5481 5373 5362
f 5362 5373 5199
f 5362 5199 5179
f 5204 5380 5217
f 5217 5380 5368
f 5217 5368 5314
f 5925 5920 5790
f 5790 5920 5909
f 5790 5909 5907
f 5907 5782 5790
f 5790 5782 5636
f 5790 5636 5637
f 5637 5636 5483
f 5637 5483 5482
f 5482 5483 5380
f 5482 5380 5373
f 5373 5380 5204
f 5373 5204 5199
f 7754 7882 7700
f 7257 7153 7335
f 7335 7153 7182
f 7182 7153 7145
f 7182 7145 7038
f 7038 7145 6665
f 7038 6665 6674
f 6674 6665 6652
f 6652 6665 6446
f 6652 6446 6552
f 6552 6446 6406
f 6552 6406 6379
f 6379 6406 6302
f 6379 6302 6339
f 6339 6302 6157
f 6339 6157 6058
f 6058 6157 5934
f 6058 5934 5985
f 7335 7444 7257
f 7257 7444 7564
f 7257 7564 7645
f 7645 7564 7630
f 7645 7630 7666
f 7666 7630 7730
f 7666 7730 7700
f 7700 7730 7744
f 7700 7744 7754
f 5985 5934 5937
f 5937 5934 5869
f 5937 5869 5841
f 5841 5869 5809
f 5841 5809 5712
f 5712 5809 5641
f 5712 5641 5644
f 5644 5641 5527
f 5644 5527 5531
f 5531 5527 5416
f 5416 5527 5498
f 5416 5498 5394
f 5480 5167 5498
f 5498 5167 5184
f 5498 5184 5394
f 5480 5353 5167
f 5167 5353 5236
f 5167 5236 5116
f 5116 5236 5170
f 5116 5170 4908
f 4908 5170 4812
f 4908 4812 4777
f 4777 4812 4778
f 4777 4778 4620
f 4620 4778 4707
f 4620 4707 4561
f 4561 4707 4479
f 4561 4479 4445
f 4445 4479 4473
f 4445 4473 4329
f 4329 4473 4129
f 4329 4129 3925
f 3925 4129 3860
f 3860 4129 3955
f 3860 3955 3774
f 3774 3955 3936
f 3774 3936 3547
f 3547 3936 3519
f 3547 3519 3424
f 3424 3519 3481
f 3424 3481 3380
f 3380 3481 3410
f 3380 3410 3368
f 3368 3410 3292
f 3292 3410 3315
f 3292 3315 3252
f 3252 3228 3210
f 3165 3230 3210
f 3210 3230 3238
f 3210 3238 3252
f 3118 3171 3165
f 3165 3171 3195
f 3165 3195 3230
f 3090 3130 3118
f 3118 3130 3143
f 3143 3151 3118
f 3118 3151 3163
f 3118 3163 3171
f 3102 3105 3077
f 3077 3105 3107
f 3077 3107 3090
f 3090 3107 3124
f 3090 3124 3130
f 3102 3077 3100
f 3100 3077 3062
f 3100 3062 3096
f 3029 3062 3036
f 3036 3062 3077
f 3036 3077 3039
f 3039 3077 3044
f 3044 3077 3048
f 3048 3077 3090
f 3048 3090 3057
f 3118 3085 3082
f 3118 3082 3090
f 3090 3082 3073
f 3090 3073 3057
f 3132 3128 3165
f 3165 3128 3126
f 3165 3126 3118
f 3118 3126 3095
f 3118 3095 3085
f 3132 3165 3170
f 3170 3165 3210
f 3170 3210 3175
f 3175 3210 3228
f 3175 3228 3198
f 1984 1974 1989
f 1989 1974 1945
f 1989 1945 1902
f 1945 1922 1902
f 1902 1922 1884
f 1902 1884 1820
f 1884 1815 1820
f 1820 1815 1810
f 1820 1810 1765
f 1765 1810 1783
f 1765 1783 1704
f 1704 1783 1712
f 1704 1712 1703
f 1984 1989 2036
f 2036 1989 2037
f 2036 2037 2044
f 2044 2037 2133
f 2044 2133 2115
f 2150 2277 2253
f 2253 2174 2150
f 2150 2174 2148
f 2150 2148 2133
f 2133 2148 2131
f 2133 2131 2115
f 2486 2427 2517
f 2517 2427 2461
f 2427 2379 2461
f 2461 2379 2373
f 2461 2373 2327
f 2327 2373 2325
f 2327 2325 2277
f 2277 2325 2254
f 2277 2254 2253
f 2792 2788 2745
f 2792 2745 2630
f 2745 2612 2630
f 2630 2612 2569
f 2630 2569 2517
f 2517 2569 2516
f 2517 2516 2486
f 2788 2792 2805
f 2805 2792 2842
f 2805 2842 2866
f 2866 2842 2899
f 2899 2842 3030
f 2899 3030 3029
f 2892 2852 2824
f 2899 3029 3036
f 3098 3094 3145
f 3145 3094 3054
f 3145 3054 3192
f 3192 3054 3175
f 3192 3175 3198
f 3126 3128 3013
f 3013 3128 3132
f 3013 3132 3054
f 3054 3132 3170
f 3054 3170 3175
f 3082 2896 2888
f 3126 3013 3095
f 3095 3013 2987
f 3095 2987 3085
f 3048 3057 2888
f 2888 3057 3073
f 2888 3073 3082
f 3048 2874 3044
f 3044 2874 3039
f 3039 2874 3036
f 3036 2874 2868
f 3036 2868 2899
f 2745 2788 2748
f 2748 2788 2805
f 2748 2805 2868
f 2868 2805 2866
f 2868 2866 2899
f 2756 2753 2874
f 2874 2753 2751
f 2874 2751 2868
f 2868 2751 2747
f 2868 2747 2748
f 3048 2888 2874
f 2874 2888 2759
f 2874 2759 2756
f 2781 2778 2896
f 2896 2778 2773
f 2896 2773 2888
f 2888 2773 2764
f 2888 2764 2759
f 2781 2896 2784
f 2784 2896 2909
f 2784 2909 2786
f 2947 2800 2909
f 2909 2800 2791
f 2909 2791 2786
f 2824 2821 2985
f 2985 2821 2806
f 2985 2806 2947
f 2947 2806 2803
f 2947 2803 2800
f 2892 2824 2944
f 2944 2824 2985
f 2944 2985 2998
f 3076 3070 2985
f 2985 3070 3004
f 2985 3004 2998
f 3098 3076 3094
f 3094 3076 2985
f 3094 2985 3054
f 3054 2985 2947
f 3054 2947 3013
f 3013 2947 2909
f 3013 2909 2987
f 2987 2909 2896
f 2987 2896 3085
f 3085 2896 3082
f 1704 1703 1705
f 1705 1703 1702
f 1705 1702 1701
f 1746 1719 1738
f 1682 1684 1686
f 1656 1666 1672
f 1698 1689 1693
f 1656 1672 1643
f 1677 1663 1672
f 1672 1663 1654
f 1672 1654 1643
f 1684 1682 1672
f 1672 1682 1678
f 1672 1678 1677
f 1791 1776 1772
f 1772 1776 1769
f 1772 1769 1746
f 1746 1769 1760
f 1833 1849 1860
f 1849 1853 1860
f 1860 1853 1856
f 1860 1856 1877
f 1738 1719 1732
f 1732 1719 1698
f 1732 1698 1720
f 1720 1698 1693
f 1720 1693 1701
f 1760 1743 1746
f 1746 1743 1686
f 1746 1686 1719
f 1719 1686 1684
f 1719 1684 1698
f 1698 1684 1672
f 1698 1672 1689
f 1689 1672 1666
f 1860 1830 1833
f 1833 1830 1828
f 1833 1828 1809
f 1809 1828 1801
f 1809 1801 1805
f 1805 1801 1800
f 1805 1800 1784
f 1784 1800 1791
f 1784 1791 1778
f 1778 1791 1772
f 1778 1772 1768
f 1768 1772 1746
f 1768 1746 1757
f 1757 1746 1738
f 1453 1452 1451
f 1451 1433 1453
f 1453 1433 1416
f 1453 1416 1414
f 1452 1453 1464
f 1464 1453 1461
f 1464 1461 1489
f 1489 1461 1513
f 1489 1513 1511
f 1511 1513 1524
f 1524 1513 1525
f 1524 1525 1539
f 1539 1525 1569
f 1539 1569 1557
f 1607 1594 1614
f 1614 1594 1580
f 1614 1580 1569
f 1569 1580 1562
f 1569 1562 1557
f 1621 1624 1614
f 1614 1624 1611
f 1614 1611 1607
f 1621 1657 1624
f 1624 1657 1656
f 1624 1656 1643
f 1705 1701 1697
f 1697 1701 1693
f 1697 1693 1694
f 1694 1693 1689
f 1694 1689 1657
f 1657 1689 1666
f 1657 1666 1656
f 1382 1378 1414
f 1271 1268 1264
f 1266 1274 1271
f 1302 1300 1295
f 1295 1300 1289
f 1295 1289 1281
f 1281 1289 1286
f 1281 1286 1266
f 1266 1286 1275
f 1266 1275 1274
f 1337 1336 1328
f 1328 1336 1315
f 1328 1315 1308
f 1308 1315 1310
f 1308 1310 1295
f 1295 1310 1305
f 1295 1305 1302
f 1337 1328 1347
f 1347 1328 1353
f 1347 1353 1357
f 1382 1381 1378
f 1378 1381 1368
f 1378 1368 1353
f 1353 1368 1358
f 1353 1358 1357
f 1328 1344 1353
f 1353 1344 1365
f 1353 1365 1378
f 1378 1365 1373
f 1378 1373 1414
f 1260 1262 1266
f 1266 1262 1272
f 1266 1272 1281
f 1281 1272 1293
f 1281 1293 1295
f 1295 1293 1297
f 1295 1297 1308
f 1308 1297 1312
f 1308 1312 1328
f 1328 1312 1326
f 1328 1326 1344
f 1271 1264 1266
f 1266 1264 1258
f 1266 1258 1260
f 930 914 915
f 1041 1047 1044
f 1063 1109 1108
f 1109 1063 1110
f 1110 1063 1066
f 1110 1066 1112
f 1071 1118 1067
f 1067 1118 1116
f 1067 1116 1066
f 1066 1116 1115
f 1066 1115 1112
f 1073 1127 1071
f 1071 1127 1121
f 1071 1121 1118
f 1138 1134 1080
f 1080 1134 1133
f 1080 1133 1078
f 1078 1133 1129
f 1078 1129 1073
f 1073 1129 1128
f 1073 1128 1127
f 1047 1145 1082
f 1082 1145 1143
f 1082 1143 1080
f 1080 1143 1141
f 1080 1141 1138
f 1041 1044 977
f 969 957 977
f 977 957 963
f 925 906 913
f 927 926 928
f 928 926 925
f 928 925 930
f 930 925 913
f 930 913 914
f 1019 1014 1020
f 1020 1014 989
f 1020 989 976
f 1053 1063 1065
f 1065 1063 1108
f 1065 1108 1104
f 917 940 915
f 915 940 936
f 915 936 930
f 917 918 940
f 940 918 922
f 940 922 952
f 952 922 923
f 952 923 961
f 923 937 961
f 961 937 939
f 961 939 965
f 939 941 965
f 965 941 953
f 965 953 969
f 969 953 955
f 969 955 957
f 977 1044 969
f 969 1044 1037
f 969 1037 965
f 965 1037 1035
f 965 1035 961
f 961 1035 1029
f 961 1029 952
f 952 1029 1028
f 952 1028 940
f 940 1028 1022
f 940 1022 936
f 936 1022 1021
f 936 1021 930
f 930 1021 1020
f 930 1020 928
f 928 1020 976
f 928 976 927
f 1047 1082 1044
f 1044 1082 1080
f 1044 1080 1037
f 1037 1080 1078
f 1037 1078 1035
f 1035 1078 1073
f 1035 1073 1029
f 1029 1073 1071
f 1029 1071 1028
f 1028 1071 1067
f 1028 1067 1022
f 1022 1067 1066
f 1022 1066 1021
f 1021 1066 1063
f 1021 1063 1020
f 1020 1063 1053
f 1020 1053 1019
f 10051 10057 10063
f 10173 10178 10159
f 10109 10148 10111
f 10111 10148 10160
f 10111 10160 10114
f 10104 10057 10129
f 10129 10136 10104
f 10104 10136 10139
f 10104 10139 10109
f 10109 10139 10145
f 10109 10145 10148
f 10051 10063 9971
f 9999 9965 9998
f 9998 9965 9962
f 9998 9962 9994
f 9994 9962 9955
f 9994 9955 9982
f 9982 9955 9953
f 9982 9953 9971
f 9971 9953 9951
f 9987 9984 10007
f 10007 9984 9981
f 10007 9981 10005
f 10005 9981 9977
f 10005 9977 10003
f 10003 9977 9975
f 10003 9975 10001
f 10001 9975 9969
f 10001 9969 9999
f 9999 9969 9967
f 9999 9967 9965
f 9988 9987 10006
f 10006 9987 10007
f 10006 10007 10008
f 10008 10007 10014
f 10086 10078 10089
f 10089 10078 10055
f 10160 10162 10114
f 10114 10162 10168
f 10114 10168 10116
f 10116 10168 10169
f 10116 10169 10122
f 10122 10169 10173
f 10122 10173 10123
f 10123 10173 10159
f 10123 10159 10125
f 10125 10159 10126
f 10125 10126 10112
f 9971 10063 9982
f 9982 10063 10065
f 9982 10065 9994
f 9994 10065 10072
f 9994 10072 9998
f 9998 10072 10077
f 9998 10077 9999
f 9999 10077 10082
f 9999 10082 10001
f 10001 10082 10084
f 10001 10084 10003
f 10003 10084 10085
f 10003 10085 10005
f 10005 10085 10089
f 10005 10089 10007
f 10007 10089 10055
f 10007 10055 10014
f 10057 10104 10063
f 10063 10104 10109
f 10063 10109 10065
f 10065 10109 10111
f 10065 10111 10072
f 10072 10111 10114
f 10072 10114 10077
f 10077 10114 10116
f 10077 10116 10082
f 10082 10116 10122
f 10082 10122 10084
f 10084 10122 10123
f 10084 10123 10085
f 10085 10123 10125
f 10085 10125 10089
f 10089 10125 10112
f 10089 10112 10086
f 9461 9450 9435
f 9480 9483 9441
f 9441 9483 9477
f 9520 9500 9480
f 9480 9500 9494
f 9480 9494 9483
f 9520 9480 9531
f 9531 9480 9525
f 9531 9525 9542
f 9542 9525 9540
f 9542 9540 9558
f 9610 9587 9581
f 9581 9587 9584
f 9581 9584 9540
f 9540 9584 9562
f 9540 9562 9558
f 9680 9668 9650
f 9650 9668 9647
f 9650 9647 9640
f 9640 9647 9643
f 9640 9643 9581
f 9581 9643 9632
f 9581 9632 9610
f 9477 9461 9441
f 9441 9461 9435
f 9441 9435 9436
f 9436 9435 9430
f 9436 9430 9409
f 9409 9430 9405
f 9409 9405 9399
f 9399 9405 9398
f 9399 9398 9387
f 9387 9398 9383
f 9838 9832 9836
f 9836 9832 9830
f 9836 9830 9834
f 9834 9830 9815
f 9834 9815 9824
f 9824 9815 9800
f 9824 9800 9802
f 9802 9800 9798
f 9798 9800 9787
f 9798 9787 9782
f 9782 9787 9766
f 9782 9766 9768
f 9718 9721 9729
f 9768 9766 9750
f 9750 9766 9741
f 9750 9741 9729
f 9718 9710 9709
f 9709 9700 9718
f 9718 9700 9680
f 9718 9680 9721
f 9729 9741 9718
f 9718 9741 9736
f 9718 9736 9710
f 9760 9757 9766
f 9766 9757 9747
f 9766 9747 9741
f 9741 9747 9739
f 9741 9739 9736
f 9795 9793 9800
f 9800 9793 9789
f 9800 9789 9787
f 9787 9789 9784
f 9787 9784 9766
f 9766 9784 9771
f 9766 9771 9760
f 9795 9800 9804
f 9804 9800 9815
f 9804 9815 9806
f 9821 9820 9830
f 9830 9820 9819
f 9830 9819 9815
f 9815 9819 9809
f 9815 9809 9806
f 9821 9830 9827
f 9827 9830 9832
f 9827 9832 9828
f 10158 10179 10176
f 10052 10045 10048
f 9980 9983 10027
f 10027 9983 10029
f 10029 9983 9985
f 10029 9985 9986
f 9980 10027 9979
f 9979 10027 10026
f 9979 10026 9978
f 9978 10026 10022
f 9978 10022 9973
f 9973 10022 10021
f 9973 10021 9970
f 9959 9963 10013
f 10013 9963 9964
f 10013 9964 10015
f 10015 9964 9966
f 10015 9966 10021
f 10021 9966 9968
f 10021 9968 9970
f 10045 9952 10011
f 10011 9952 9954
f 10011 9954 10013
f 10013 9954 9956
f 10013 9956 9959
f 10052 10048 10115
f 10124 10135 10115
f 10115 10135 10130
f 10073 10074 10079
f 10117 10075 10105
f 10105 10075 10073
f 10105 10073 10103
f 10103 10073 10079
f 9986 9989 10029
f 10029 9989 10028
f 10029 10028 10039
f 10157 10158 10156
f 10156 10158 10176
f 10156 10176 10150
f 10150 10176 10172
f 10172 10171 10150
f 10150 10171 10170
f 10150 10170 10146
f 10146 10170 10167
f 10167 10166 10146
f 10146 10166 10163
f 10146 10163 10142
f 10142 10163 10161
f 10142 10161 10132
f 10161 10149 10132
f 10132 10149 10147
f 10132 10147 10128
f 10147 10144 10128
f 10128 10144 10140
f 10128 10140 10124
f 10124 10140 10138
f 10124 10138 10135
f 10115 10048 10124
f 10124 10048 10056
f 10124 10056 10128
f 10128 10056 10059
f 10128 10059 10132
f 10132 10059 10064
f 10132 10064 10142
f 10142 10064 10066
f 10142 10066 10146
f 10146 10066 10071
f 10146 10071 10150
f 10150 10071 10075
f 10150 10075 10156
f 10156 10075 10117
f 10156 10117 10157
f 10045 10011 10048
f 10048 10011 10013
f 10048 10013 10056
f 10056 10013 10015
f 10056 10015 10059
f 10059 10015 10021
f 10059 10021 10064
f 10064 10021 10022
f 10064 10022 10066
f 10066 10022 10026
f 10066 10026 10071
f 10071 10026 10027
f 10071 10027 10075
f 10075 10027 10029
f 10075 10029 10073
f 10073 10029 10039
f 10073 10039 10074
f 10323 10390 10318
f 10549 10697 10691
f 10691 10690 10549
f 10549 10690 10686
f 10549 10686 10541
f 10542 10678 10549
f 10549 10678 10688
f 10688 10689 10549
f 10549 10689 10692
f 10549 10692 10697
f 10538 10667 10542
f 10542 10667 10674
f 10542 10674 10678
f 10634 10644 10538
f 10490 10611 10614
f 10490 10614 10538
f 10538 10614 10620
f 10538 10620 10634
f 10644 10651 10538
f 10538 10651 10659
f 10538 10659 10667
f 10491 10518 10540
f 10491 10540 10490
f 10490 10540 10560
f 10490 10560 10569
f 10569 10590 10490
f 10490 10590 10594
f 10490 10594 10611
f 10491 10413 10518
f 10518 10413 10376
f 10518 10376 10509
f 10509 10376 10467
f 10318 10390 10376
f 10376 10390 10411
f 10376 10411 10467
f 10179 10221 10229
f 10229 10221 10248
f 10229 10248 10250
f 10250 10248 10270
f 10250 10270 10318
f 10318 10270 10308
f 10318 10308 10323
f 10178 10228 10199
f 10199 10228 10234
f 10414 10340 10317
f 10317 10340 10313
f 10317 10313 10249
f 10249 10313 10271
f 10249 10271 10228
f 10228 10271 10258
f 10228 10258 10234
f 10414 10317 10488
f 10488 10317 10375
f 10488 10375 10519
f 10519 10375 10520
f 10520 10375 10412
f 10520 10412 10531
f 10489 10605 10595
f 10595 10576 10489
f 10489 10576 10570
f 10489 10570 10412
f 10412 10570 10544
f 10412 10544 10531
f 10653 10635 10537
f 10635 10633 10537
f 10537 10633 10615
f 10537 10615 10489
f 10489 10615 10610
f 10489 10610 10605
f 10686 10679 10541
f 10541 10679 10671
f 10541 10671 10537
f 10537 10671 10656
f 10537 10656 10653
f 753 686 758
f 529 381 387
f 387 388 529
f 529 388 392
f 529 392 537
f 536 400 529
f 529 400 390
f 390 389 529
f 529 389 386
f 529 386 381
f 540 411 536
f 536 411 404
f 536 404 400
f 588 467 464
f 444 434 540
f 588 464 540
f 540 464 458
f 540 458 444
f 434 427 540
f 540 427 419
f 540 419 411
f 587 560 538
f 587 538 588
f 588 538 518
f 588 518 509
f 509 488 588
f 588 488 484
f 588 484 467
f 587 663 560
f 560 663 700
f 560 700 569
f 569 700 611
f 758 686 700
f 700 686 665
f 700 665 611
f 906 855 847
f 847 855 828
f 847 828 826
f 826 828 806
f 826 806 758
f 758 806 768
f 758 768 753
f 907 848 886
f 886 848 842
f 662 736 759
f 759 736 763
f 759 763 827
f 827 763 805
f 827 805 848
f 848 805 818
f 848 818 842
f 662 759 590
f 590 759 701
f 590 701 559
f 559 701 558
f 558 701 664
f 558 664 547
f 589 473 483
f 483 502 589
f 589 502 508
f 589 508 664
f 664 508 534
f 664 534 547
f 425 443 541
f 443 445 541
f 541 445 463
f 541 463 589
f 589 463 468
f 589 468 473
f 392 399 537
f 537 399 407
f 537 407 541
f 541 407 422
f 541 422 425
f 8520 8581 8579
f 3156 3068 5404
f 1420 1414 1216
f 583 624 876
f 9675 9681 9881
f 10439 10437 8589
f 9253 9172 10131
f 9611 9864 9674
f 9674 9864 9680
f 9093 9031 8579
f 10051 9502 10057
f 10057 9502 9253
f 10057 9253 10129
f 10129 9253 10131
f 9031 8892 8579
f 8579 8892 8709
f 8579 8709 8578
f 10051 9971 9502
f 9502 9971 9951
f 9502 9951 9611
f 9611 9951 9880
f 9611 9880 9864
f 8581 8641 8579
f 8579 8641 10131
f 8579 10131 9093
f 9093 10131 9172
f 10437 8743 8589
f 8589 8743 8643
f 8589 8643 8587
f 8641 8741 10131
f 10131 8741 8815
f 10131 8815 10189
f 10189 8815 8859
f 10189 8859 10264
f 10264 8859 8867
f 10264 8867 10289
f 10289 8867 8874
f 10289 8874 10367
f 10367 8874 8861
f 10367 8861 10437
f 10437 8861 8817
f 10437 8817 8743
f 8591 10499 10495
f 8720 8732 8591
f 8771 8748 8593
f 8593 8748 8734
f 8732 8769 8591
f 8591 8769 8825
f 8591 8825 8907
f 8907 8976 8591
f 8591 8976 9115
f 8591 9115 10499
f 10499 9115 9544
f 10499 9544 9851
f 9944 10500 9937
f 9937 10500 10508
f 9937 10508 9923
f 9923 10508 10499
f 9923 10499 9882
f 9882 10499 9851
f 8595 8909 8827
f 9944 9939 10500
f 10500 9939 9934
f 10500 9934 10496
f 10496 9934 9925
f 10496 9925 10454
f 10454 9925 9884
f 10454 9884 9853
f 9853 9546 10454
f 10454 9546 9121
f 10454 9121 8595
f 8595 9121 8978
f 8595 8978 8909
f 8625 8630 10438
f 8630 8669 10438
f 10438 8669 8704
f 10438 8704 10368
f 10368 8704 8722
f 10368 8722 10290
f 10290 8722 8706
f 10290 8601 9032
f 9032 9094 10290
f 10290 9094 9173
f 10290 9173 10265
f 10265 9173 9254
f 9921 9503 9881
f 9881 9503 9612
f 9881 9612 9675
f 8603 8710 8601
f 8601 8710 8893
f 8601 8893 9032
f 9921 9952 9503
f 9503 9952 10045
f 9503 10045 9254
f 9254 10045 10052
f 9254 10052 10115
f 10115 10130 9254
f 9254 10130 10190
f 9254 10190 10265
f 7855 8204 8025
f 8163 8601 8019
f 8019 8601 7848
f 8019 7848 7888
f 8163 8263 8601
f 8601 8263 8336
f 8601 8336 8392
f 8414 8603 8427
f 8427 8603 8601
f 8427 8601 8412
f 8412 8601 8392
f 8414 8394 8603
f 8603 8394 8338
f 8603 8338 8454
f 8454 8338 8265
f 8454 8265 8204
f 8204 8265 8165
f 8204 8165 8025
f 7689 7769 7848
f 7848 7769 7850
f 7848 7850 7888
f 8025 7890 7855
f 7855 7890 7852
f 7855 7852 7826
f 7826 7852 7569
f 7852 7771 7569
f 7569 7771 7691
f 7569 7691 7187
f 7187 7691 7641
f 7187 7641 6905
f 6905 7641 7604
f 5917 7602 5853
f 5853 7602 7639
f 5853 7639 5768
f 7593 6480 7604
f 7604 6480 6731
f 7604 6731 6905
f 5917 6062 7602
f 7602 6062 6200
f 7602 6200 7593
f 7593 6200 6298
f 7593 6298 6480
f 7639 7689 5768
f 5768 7689 7848
f 5768 7848 5762
f 5762 7848 7846
f 3185 3271 5405
f 2538 5405 5558
f 5558 5405 5560
f 5558 5560 7846
f 7846 5560 5703
f 7846 5703 5762
f 2538 2540 2604
f 3335 5336 3349
f 3349 5336 5405
f 3349 5405 3328
f 3328 5405 3271
f 2604 2725 2538
f 2538 2725 2861
f 2538 2861 5405
f 5405 2861 3020
f 5405 3020 3185
f 2863 2731 2674
f 2674 2731 2548
f 2674 2932 2863
f 2863 2932 3284
f 2863 3284 3022
f 3022 3284 3543
f 3022 3543 3187
f 3330 5240 3335
f 3335 5240 5305
f 3335 5305 5336
f 3273 4635 3330
f 3330 4635 4818
f 4818 4926 3330
f 3330 4926 5147
f 3330 5147 5240
f 3543 3923 3187
f 3187 3923 4202
f 3187 4202 3273
f 3273 4202 4382
f 3273 4382 4635
f 2731 2606 2548
f 2548 2606 2546
f 2548 2546 2419
f 2419 2546 2484
f 2419 2484 2324
f 1484 1233 1421
f 1421 1233 1415
f 1926 2005 2286
f 964 1008 1844
f 1844 1008 1036
f 1844 1036 1593
f 1593 1036 1064
f 1593 1064 1123
f 1123 1131 1593
f 1593 1131 1146
f 1593 1146 1484
f 1484 1146 1217
f 1484 1217 1233
f 2484 2384 2324
f 2324 2384 2321
f 2324 2321 2209
f 2209 2321 2286
f 2209 2286 2068
f 2068 2286 2005
f 1844 1926 964
f 964 1926 2286
f 964 2286 896
f 896 2286 2241
f 896 2241 879
f 879 2241 878
f 879 878 812
f 812 878 787
f 787 878 709
f 709 878 877
f 709 877 639
f 873 582 874
f 874 582 578
f 874 578 875
f 875 578 570
f 875 570 579
f 786 708 873
f 873 708 638
f 873 638 582
f 872 871 811
f 871 872 895
f 895 872 2305
f 895 2305 962
f 2067 2004 2303
f 2067 2303 2208
f 1176 1592 1216
f 1216 1592 1483
f 1216 1483 1420
f 977 963 1843
f 1843 963 962
f 1843 962 1925
f 1176 1145 1592
f 1592 1145 1047
f 1592 1047 1843
f 1843 1047 1041
f 1843 1041 977
f 2719 2523 2524
f 2524 2523 2418
f 2524 2418 2303
f 2303 2418 2301
f 2303 2301 2208
f 2719 2733 2523
f 2523 2733 2794
f 2523 2794 2673
f 2673 2794 2869
f 2673 2869 2931
f 3542 3417 3922
f 3922 3417 3467
f 3922 3467 4203
f 4203 3467 3486
f 2869 2969 2931
f 2931 2969 3109
f 2931 3109 3283
f 3283 3109 3244
f 3283 3244 3542
f 3542 3244 3337
f 3542 3337 3417
f 2796 2735 2526
f 2713 2698 2524
f 2524 2698 2711
f 2524 2711 2719
f 3517 4634 3506
f 3506 4634 4478
f 3506 4478 3486
f 3486 4478 4381
f 3486 4381 4203
f 5190 5046 3508
f 3508 5046 4915
f 3508 4915 3517
f 3517 4915 4817
f 3517 4817 4634
f 2796 2526 2871
f 5190 3508 5253
f 5253 3508 3469
f 5253 3469 5338
f 5338 3469 3419
f 5338 3419 3339
f 3339 3246 5338
f 5338 3246 3115
f 5338 3115 2526
f 2526 3115 2971
f 2526 2971 2871
f 2579 2664 2526
f 3156 5404 3208
f 3063 3154 5338
f 5338 3154 5344
f 5344 3154 3206
f 5344 3206 5404
f 5404 3206 3222
f 5404 3222 3208
f 2664 2765 2526
f 2526 2765 2844
f 2526 2844 5338
f 5338 2844 2948
f 5338 2948 3063
f 5549 5550 5702
f 5702 5550 7838
f 7773 5770 7759
f 7759 5770 5702
f 6297 6198 7778
f 7778 5866 7773
f 7773 5866 5852
f 7773 5852 5770
f 6198 6188 7778
f 7778 6188 6061
f 7778 6061 5866
f 6636 6482 7834
f 7834 6482 7778
f 7778 6482 6479
f 7778 6479 6297
f 7568 7186 7832
f 7568 7832 7825
f 7186 6907 7832
f 7832 6907 6730
f 7832 6730 6636
f 8578 8453 8579
f 8579 8453 8203
f 8579 8203 7832
f 7832 8203 7856
f 7832 7856 7825
f 2313 2275 2192
f 875 1245 1214
f 2192 2122 2313
f 2313 2122 1982
f 2313 1982 875
f 875 1982 1550
f 875 1550 1245
f 1152 874 1159
f 1159 874 875
f 1159 875 1173
f 1173 875 1214
f 2532 2377 2391
f 2405 2393 2534
f 2534 2393 2356
f 2534 2356 2313
f 2313 2356 2311
f 2313 2311 2275
f 1152 1157 874
f 874 1157 1162
f 874 1162 873
f 873 1162 1171
f 873 1171 1212
f 2120 2190 2307
f 2307 2190 2273
f 2307 2273 2309
f 1212 1243 873
f 873 1243 1548
f 873 1548 2307
f 2307 1548 1976
f 2307 1976 2120
f 2403 2421 2305
f 2456 2423 2307
f 2377 2532 2354
f 2354 2532 2530
f 2354 2530 2309
f 2309 2530 2500
f 2309 2500 2307
f 2307 2500 2496
f 2307 2496 2456
f 2421 2454 2305
f 2305 2454 2498
f 2305 2498 2526
f 2526 2498 2528
f 2526 2528 2579
f 2771 2666 2532
f 2532 2666 2581
f 2532 2581 2530
f 3068 3065 5552
f 5552 3065 2950
f 5552 2950 2532
f 2532 2950 2846
f 2532 2846 2771
f 8706 8671 10290
f 10290 8671 8627
f 10290 8627 8601
f 8601 8627 8599
f 8601 8599 8547
f 8186 8071 7848
f 7848 8071 7980
f 8547 8461 8601
f 8601 8461 8365
f 8601 8365 7848
f 7848 8365 8290
f 7848 8290 8186
f 7980 7928 7848
f 7848 7928 7912
f 7848 7912 7846
f 7846 7912 7926
f 7846 7926 7978
f 10438 10440 8625
f 8625 10440 10454
f 8625 10454 8597
f 8597 10454 8595
f 8597 8595 8545
f 8545 8595 8459
f 8459 8595 8359
f 8359 8595 7844
f 8359 7844 8288
f 8065 8069 7844
f 7844 8069 8184
f 7844 8184 8288
f 2540 2538 2482
f 2482 2538 2317
f 2482 2317 2382
f 877 2284 2317
f 2317 2284 2319
f 2317 2319 2382
f 2241 2233 878
f 878 2233 2226
f 878 2226 877
f 877 2226 2239
f 877 2239 2284
f 8114 7949 7838
f 7949 7863 7838
f 7838 7863 7836
f 7838 7836 5702
f 5702 7836 7780
f 5702 7780 7759
f 8587 8522 8589
f 8589 8522 8402
f 8589 8402 7838
f 7838 8402 8273
f 7838 8273 8114
f 6636 7834 7832
f 7832 7834 7861
f 7832 7861 7947
f 7947 8112 7832
f 7832 8112 8271
f 7832 8271 8579
f 8579 8271 8396
f 8579 8396 8520
f 10495 10439 8591
f 8591 10439 8589
f 8591 8589 7840
f 7840 8589 7838
f 7840 7838 5552
f 5552 7838 5550
f 5552 5550 3068
f 3068 5550 5549
f 3068 5549 5404
f 8734 8720 8593
f 8593 8720 8591
f 8593 8591 7842
f 7842 8591 7840
f 7842 7840 5554
f 5554 7840 5552
f 5554 5552 2534
f 2534 5552 2532
f 2534 2532 2405
f 2405 2532 2391
f 2735 2713 2526
f 2526 2713 2524
f 2526 2524 2305
f 2305 2524 2303
f 2305 2303 962
f 962 2303 2004
f 962 2004 1925
f 7978 8065 7846
f 7846 8065 7844
f 7846 7844 5558
f 5558 7844 5556
f 5558 5556 2538
f 2538 5556 2536
f 2538 2536 2317
f 2317 2536 2315
f 2317 2315 877
f 877 2315 876
f 877 876 639
f 639 876 624
f 8827 8771 8595
f 8595 8771 8593
f 8595 8593 7844
f 7844 8593 7842
f 7844 7842 5556
f 5556 7842 5554
f 5556 5554 2536
f 2536 5554 2534
f 2536 2534 2315
f 2315 2534 2313
f 2315 2313 876
f 876 2313 875
f 876 875 583
f 583 875 579
f 2423 2403 2307
f 2307 2403 2305
f 2307 2305 873
f 873 2305 872
f 873 872 786
f 786 872 811
f 987 1008 964
f 970 909 968
f 968 909 907
f 981 924 978
f 978 924 919
f 978 919 975
f 975 919 916
f 975 916 970
f 970 916 912
f 970 912 909
f 983 938 981
f 981 938 935
f 981 935 924
f 1030 1036 1008
f 964 958 987
f 987 958 954
f 987 954 983
f 983 954 942
f 983 942 938
f 1113 1123 1064
f 1144 1146 1113
f 1113 1146 1131
f 1113 1131 1123
f 1144 1113 1142
f 1142 1113 1099
f 1142 1099 1135
f 1135 1099 1132
f 1132 1099 1095
f 1132 1095 1130
f 1130 1095 1126
f 1126 1095 1094
f 1126 1094 1125
f 1125 1094 1092
f 1125 1092 1120
f 1120 1092 1090
f 1120 1090 1117
f 1117 1090 1114
f 1114 1090 1087
f 1114 1087 1111
f 1111 1087 1107
f 1107 1087 1086
f 1107 1086 1106
f 1105 1106 1088
f 1088 1106 1086
f 1088 1086 1085
f 1085 1086 1079
f 907 967 968
f 968 967 980
f 968 980 988
f 1038 1079 1015
f 1015 1079 1086
f 1015 1086 1007
f 1007 1086 1087
f 1007 1087 1005
f 1005 1087 1090
f 1005 1090 1009
f 1009 1090 1092
f 1009 1092 1011
f 1011 1092 1094
f 1011 1094 1016
f 1016 1094 1095
f 1016 1095 1018
f 1018 1095 1099
f 1018 1099 1027
f 1027 1099 1113
f 1027 1113 1030
f 1030 1113 1064
f 1030 1064 1036
f 1008 987 1030
f 1030 987 983
f 1030 983 1027
f 1027 983 981
f 1027 981 1018
f 1018 981 978
f 1018 978 1016
f 1016 978 975
f 1016 975 1011
f 1011 975 970
f 1011 970 1009
f 1009 970 968
f 1009 968 1005
f 1005 968 988
f 1005 988 1007
f 1007 988 1006
f 1007 1006 1015
f 1634 1644 1661
f 1617 1613 1652
f 1652 1613 1618
f 1575 1595 1617
f 1617 1595 1601
f 1617 1601 1613
f 1575 1617 1567
f 1567 1617 1571
f 1567 1571 1553
f 1553 1571 1555
f 1553 1555 1537
f 1485 1508 1515
f 1515 1508 1512
f 1515 1512 1555
f 1555 1512 1533
f 1555 1533 1537
f 1415 1427 1445
f 1445 1427 1448
f 1445 1448 1455
f 1455 1448 1454
f 1455 1454 1515
f 1515 1454 1463
f 1515 1463 1485
f 1710 1707 1696
f 1696 1707 1695
f 1696 1695 1690
f 1690 1695 1685
f 1690 1685 1667
f 1667 1685 1660
f 1667 1660 1661
f 1661 1660 1652
f 1661 1652 1634
f 1634 1652 1618
f 1259 1265 1261
f 1261 1265 1267
f 1261 1267 1263
f 1263 1267 1282
f 1263 1282 1273
f 1273 1282 1296
f 1273 1296 1294
f 1294 1296 1298
f 1298 1296 1309
f 1298 1309 1313
f 1313 1309 1329
f 1313 1329 1327
f 1377 1374 1366
f 1327 1329 1345
f 1345 1329 1354
f 1345 1354 1366
f 1377 1385 1386
f 1386 1395 1377
f 1377 1395 1415
f 1377 1415 1374
f 1366 1354 1377
f 1377 1354 1359
f 1377 1359 1385
f 1335 1338 1329
f 1329 1338 1348
f 1329 1348 1354
f 1354 1348 1356
f 1354 1356 1359
f 1301 1303 1296
f 1296 1303 1307
f 1296 1307 1309
f 1309 1307 1311
f 1309 1311 1329
f 1329 1311 1324
f 1329 1324 1335
f 1301 1296 1292
f 1292 1296 1282
f 1292 1282 1290
f 1276 1277 1267
f 1267 1277 1278
f 1267 1278 1282
f 1282 1278 1287
f 1282 1287 1290
f 1276 1267 1270
f 1270 1267 1265
f 1270 1265 1269
f 1687 1688 1692
f 1803 1775 1770
f 1716 1715 1699
f 1715 1710 1699
f 1699 1710 1696
f 1699 1696 1690
f 1716 1699 1733
f 1733 1699 1722
f 1733 1722 1741
f 1741 1722 1747
f 1741 1747 1755
f 1755 1747 1775
f 1755 1775 1762
f 1762 1775 1803
f 1762 1803 1806
f 1878 1858 1857
f 1857 1858 1855
f 1857 1855 1842
f 1842 1855 1829
f 1842 1829 1827
f 1806 1803 1808
f 1808 1803 1804
f 1808 1804 1823
f 1823 1804 1819
f 1823 1819 1829
f 1829 1819 1826
f 1829 1826 1827
f 1739 1748 1747
f 1747 1748 1758
f 1747 1758 1775
f 1775 1758 1767
f 1775 1767 1770
f 1739 1747 1735
f 1735 1747 1722
f 1735 1722 1711
f 1673 1667 1661
f 1687 1692 1681
f 1681 1692 1673
f 1681 1673 1659
f 1659 1673 1661
f 1659 1661 1644
f 1690 1667 1699
f 1699 1667 1673
f 1699 1673 1722
f 1722 1673 1692
f 1722 1692 1711
f 1711 1692 1688
f 1708 1706 1709
f 1709 1706 1707
f 1709 1707 1710
f 3032 3031 2914
f 2914 3031 2843
f 2914 2843 2865
f 2865 2843 2829
f 2829 2843 2793
f 2829 2793 2789
f 2789 2793 2746
f 2746 2793 2631
f 2746 2631 2642
f 2642 2631 2578
f 2578 2631 2518
f 2578 2518 2511
f 2374 2462 2328
f 2374 2395 2462
f 2462 2395 2446
f 2462 2446 2518
f 2518 2446 2503
f 2518 2503 2511
f 2134 2132 2155
f 2134 2155 2151
f 2151 2155 2177
f 2151 2177 2278
f 2177 2261 2278
f 2278 2261 2262
f 2278 2262 2328
f 2328 2262 2326
f 2328 2326 2374
f 2038 2049 2134
f 2134 2049 2116
f 2134 2116 2132
f 1903 1821 1825
f 1940 1990 1927
f 1927 1990 1903
f 1927 1903 1873
f 1873 1903 1825
f 1940 1975 1990
f 1990 1975 1985
f 1990 1985 2038
f 2038 1985 2033
f 2038 2033 2049
f 1706 1708 1766
f 1766 1708 1771
f 1766 1771 1821
f 1821 1771 1813
f 1821 1813 1825
f 3075 3099 3093
f 2787 2790 2908
f 2822 2823 2983
f 2908 2790 2943
f 2790 2801 2943
f 2943 2801 2802
f 2943 2802 2983
f 2983 2802 2811
f 2983 2811 2822
f 2887 2761 2895
f 2895 2761 2774
f 2774 2779 2895
f 2895 2779 2780
f 2895 2780 2908
f 2908 2780 2785
f 2908 2785 2787
f 2752 2754 2873
f 2873 2754 2755
f 2873 2755 2887
f 2887 2755 2760
f 2887 2760 2761
f 2914 2865 2867
f 2867 2865 2829
f 2789 2746 2749
f 2752 2873 2750
f 2750 2873 2867
f 2750 2867 2749
f 2749 2867 2829
f 2749 2829 2789
f 3032 2914 3035
f 3035 2914 2867
f 3035 2867 3040
f 3040 2867 2873
f 3040 2873 3045
f 3045 2873 3047
f 3047 2873 3059
f 3059 2873 2887
f 3059 2887 3072
f 3072 2887 3083
f 3083 2887 2895
f 3083 2895 3087
f 3129 3127 3012
f 3012 3127 3092
f 3012 3092 2986
f 3129 3012 3133
f 3133 3012 3053
f 3133 3053 3169
f 3150 3199 3176
f 3099 3139 3093
f 3093 3139 3150
f 3093 3150 3053
f 3053 3150 3176
f 3053 3176 3169
f 2853 2891 2823
f 2823 2891 2937
f 2823 2937 2983
f 2983 2937 3005
f 2983 3005 3071
f 3071 3075 2983
f 2983 3075 3093
f 2983 3093 2943
f 2943 3093 3053
f 2943 3053 2908
f 2908 3053 3012
f 2908 3012 2895
f 2895 3012 2986
f 2895 2986 3087
f 3087 2986 3092
f 3083 3087 3119
f 3101 3097 3067
f 3106 3103 3078
f 3078 3103 3101
f 3106 3078 3108
f 3108 3078 3091
f 3108 3091 3125
f 3164 3152 3119
f 3119 3152 3144
f 3119 3144 3091
f 3091 3144 3131
f 3091 3131 3125
f 3164 3119 3172
f 3172 3119 3168
f 3172 3168 3196
f 3196 3168 3231
f 3231 3168 3212
f 3231 3212 3240
f 3240 3212 3229
f 3240 3229 3253
f 3199 3229 3176
f 3176 3229 3212
f 3176 3212 3169
f 3169 3212 3168
f 3169 3168 3133
f 3087 3092 3119
f 3119 3092 3127
f 3119 3127 3168
f 3168 3127 3129
f 3168 3129 3133
f 3083 3119 3072
f 3072 3119 3091
f 3072 3091 3059
f 3035 3040 3078
f 3078 3040 3045
f 3078 3045 3091
f 3091 3045 3047
f 3091 3047 3059
f 3101 3067 3078
f 3078 3067 3032
f 3078 3032 3035
f 5669 5723 5831
f 5831 5723 5954
f 5831 5954 5968
f 5968 5954 6234
f 5968 6234 6092
f 6092 6234 6423
f 6092 6423 6215
f 6215 6423 6580
f 6215 6580 6263
f 6263 6580 6625
f 6263 6625 6214
f 6214 6625 6579
f 6214 6579 6091
f 6091 6579 6422
f 6091 6422 5967
f 5967 6422 6233
f 5967 6233 5830
f 5830 6233 5953
f 5830 5953 5668
f 5668 5953 5722
f 5668 5722 5576
f 5576 5722 5580
f 5576 5580 5444
f 5444 5580 5386
f 5444 5386 5278
f 5278 5386 5152
f 5278 5152 5141
f 5141 5152 4885
f 5141 4885 5022
f 5022 4885 4692
f 5022 4692 4906
f 4906 4692 4538
f 4906 4538 4855
f 4855 4538 4492
f 4855 4492 4907
f 4907 4492 4539
f 4907 4539 5023
f 5023 4539 4693
f 5023 4693 5142
f 5142 4693 4886
f 5142 4886 5279
f 5279 4886 5153
f 5279 5153 5445
f 5445 5153 5387
f 5445 5387 5577
f 5577 5387 5581
f 5577 5581 5669
f 5669 5581 5723
f 5187 5198 5316
f 5792 5874 5889
f 5739 5727 5718
f 5718 5727 5711
f 5711 5727 5643
f 5643 5727 5624
f 5643 5624 5623
f 5471 5476 5624
f 5624 5476 5585
f 5624 5585 5623
f 5326 5327 5323
f 5323 5327 5390
f 5323 5390 5471
f 5471 5390 5446
f 5471 5446 5476
f 5171 5180 5237
f 5237 5180 5304
f 5237 5304 5294
f 5294 5304 5467
f 5626 5582 5467
f 5467 5582 5466
f 5467 5466 5294
f 5870 5754 5745
f 5745 5754 5627
f 5745 5627 5626
f 5626 5627 5609
f 5626 5609 5582
f 5929 5935 5870
f 5929 5870 5927
f 5927 5870 5745
f 5927 5745 5908
f 5908 5745 5734
f 5734 5745 5626
f 5734 5626 5625
f 5625 5626 5467
f 5625 5467 5470
f 5470 5467 5304
f 5470 5304 5316
f 5316 5304 5180
f 5316 5180 5187
f 5903 5727 5889
f 5889 5727 5739
f 5889 5739 5792
f 5233 5326 5218
f 5218 5326 5323
f 5218 5323 5216
f 5216 5323 5198
f 5198 5323 5316
f 5316 5323 5471
f 5316 5471 5470
f 5470 5471 5624
f 5470 5624 5625
f 5625 5624 5727
f 5625 5727 5734
f 5734 5727 5903
f 5734 5903 5908
f 3355 3253 3409
f 4450 4074 3967
f 3967 4074 3926
f 3967 3926 3957
f 3957 3926 3773
f 3957 3773 3851
f 5171 5049 4954
f 4954 5049 4776
f 4954 4776 4813
f 4813 4776 4733
f 4813 4733 4708
f 4708 4733 4564
f 4708 4564 4667
f 4667 4564 4464
f 4667 4464 4450
f 4450 4464 4439
f 4450 4439 4074
f 3773 3667 3851
f 3851 3667 3546
f 3851 3546 3464
f 3464 3546 3479
f 3464 3479 3443
f 3443 3479 3379
f 3443 3379 3409
f 3409 3379 3365
f 3409 3365 3355
f 5466 5463 5395
f 5466 5395 5294
f 5294 5395 5263
f 5294 5263 5237
f 5237 5263 5168
f 5237 5168 5171
f 5171 5168 5117
f 5171 5117 5049
f 5463 5466 5578
f 5578 5466 5582
f 5578 5582 5691
f 5691 5582 5609
f 5691 5609 5713
f 5627 5938 5609
f 5609 5938 5922
f 5609 5922 5713
f 5627 5754 5938
f 5938 5754 5870
f 5938 5870 5986
f 5986 5870 5935
f 5986 5935 6207
f 6207 5935 6303
f 6207 6303 6338
f 6338 6303 6337
f 6338 6337 6495
f 6495 6337 6407
f 6495 6407 6555
f 6555 6407 6635
f 6555 6635 6670
f 6670 6635 6642
f 6670 6642 6783
f 6783 6642 6981
f 6783 6981 7183
f 7183 6981 7249
f 7249 6981 7155
f 7249 7155 7334
f 7334 7155 7173
f 7334 7173 7563
f 7563 7173 7565
f 7565 7173 7592
f 7565 7592 7685
f 7685 7592 7628
f 7685 7628 7729
f 7729 7628 7699
f 7729 7699 7741
f 7741 7699 7817
f 7817 7699 7794
f 7817 7794 7883
f 7883 7907 7925
f 7970 7905 7925
f 7925 7905 7897
f 7925 7897 7883
f 8017 7964 7970
f 7970 7964 7940
f 7970 7940 7905
f 8045 8005 8017
f 8017 8005 7992
f 7992 7984 8017
f 8017 7984 7972
f 8017 7972 7964
f 8033 8030 8058
f 8058 8030 8028
f 8058 8028 8045
f 8045 8028 8011
f 8045 8011 8005
f 8033 8058 8035
f 8035 8058 8073
f 8035 8073 8039
f 8106 8073 8099
f 8099 8073 8058
f 8099 8058 8096
f 8096 8058 8091
f 8091 8058 8087
f 8087 8058 8045
f 8087 8045 8078
f 8017 8050 8053
f 8017 8053 8045
f 8045 8053 8062
f 8045 8062 8078
f 8003 8007 7970
f 7970 8007 8009
f 7970 8009 8017
f 8017 8009 8040
f 8017 8040 8050
f 8003 7970 7965
f 7965 7970 7925
f 7965 7925 7960
f 7960 7925 7907
f 7960 7907 7938
f 9114 9123 9110
f 9110 9123 9153
f 9110 9153 9196
f 9153 9175 9196
f 9196 9175 9214
f 9196 9214 9278
f 9214 9282 9278
f 9278 9282 9286
f 9278 9286 9330
f 9330 9286 9313
f 9330 9313 9388
f 9388 9313 9382
f 9388 9382 9390
f 9114 9110 9062
f 9062 9110 9061
f 9062 9061 9054
f 9054 9061 8967
f 9054 8967 8984
f 8800 8844 8824
f 8824 8844 8849
f 8824 8849 8950
f 8849 8926 8950
f 8950 8926 8951
f 8950 8951 8967
f 8967 8951 8968
f 8967 8968 8984
f 8640 8686 8609
f 8609 8686 8666
f 8686 8747 8666
f 8666 8747 8752
f 8666 8752 8800
f 8800 8752 8801
f 8800 8801 8844
f 8341 8345 8383
f 8341 8383 8496
f 8383 8514 8496
f 8496 8514 8552
f 8496 8552 8609
f 8609 8552 8611
f 8609 8611 8640
f 8345 8341 8329
f 8329 8341 8293
f 8329 8293 8269
f 8269 8293 8236
f 8236 8293 8105
f 8236 8105 8106
f 8243 8283 8311
f 8236 8106 8099
f 8037 8041 7990
f 7990 8041 8081
f 7990 8081 7943
f 8122 8003 8081
f 8081 8003 7965
f 8081 7965 7943
f 7943 7965 7960
f 7943 7960 7938
f 8053 8239 8247
f 8050 8040 8148
f 8148 8040 8009
f 8148 8009 8122
f 8122 8009 8007
f 8122 8007 8003
f 8087 8078 8247
f 8247 8078 8062
f 8247 8062 8053
f 8087 8261 8091
f 8091 8261 8096
f 8096 8261 8099
f 8099 8261 8267
f 8099 8267 8236
f 8383 8345 8380
f 8380 8345 8329
f 8380 8329 8267
f 8267 8329 8269
f 8267 8269 8236
f 8374 8376 8261
f 8261 8376 8378
f 8261 8378 8267
f 8267 8378 8381
f 8267 8381 8380
f 8087 8247 8261
f 8261 8247 8371
f 8261 8371 8374
f 8351 8353 8239
f 8239 8353 8358
f 8239 8358 8247
f 8247 8358 8367
f 8247 8367 8371
f 8351 8239 8348
f 8348 8239 8226
f 8348 8226 8346
f 8188 8333 8226
f 8226 8333 8343
f 8226 8343 8346
f 8311 8313 8151
f 8151 8313 8328
f 8151 8328 8188
f 8188 8328 8331
f 8188 8331 8333
f 8243 8311 8191
f 8191 8311 8151
f 8191 8151 8137
f 8059 8064 8151
f 8151 8064 8131
f 8151 8131 8137
f 8037 8059 8041
f 8041 8059 8151
f 8041 8151 8081
f 8081 8151 8188
f 8081 8188 8122
f 8122 8188 8226
f 8122 8226 8148
f 8148 8226 8239
f 8148 8239 8050
f 8050 8239 8053
f 9388 9390 9389
f 9389 9390 9391
f 9389 9391 9392
f 9236 9240 9220
f 9240 9236 9242
f 9438 9429 9422
f 9395 9404 9401
f 9451 9438 9439
f 9439 9438 9422
f 9439 9422 9420
f 9420 9422 9417
f 9360 9406 9410
f 9410 9406 9413
f 9410 9413 9422
f 9422 9413 9416
f 9422 9416 9417
f 9372 9347 9352
f 9303 9320 9322
f 9322 9320 9326
f 9322 9326 9347
f 9347 9326 9335
f 9347 9335 9352
f 9266 9270 9272
f 9266 9272 9287
f 9287 9272 9293
f 9287 9293 9290
f 9290 9293 9294
f 9290 9294 9311
f 9311 9294 9303
f 9311 9303 9317
f 9317 9303 9322
f 9317 9322 9327
f 9270 9266 9236
f 9236 9266 9247
f 9236 9247 9242
f 9352 9360 9372
f 9372 9360 9410
f 9372 9410 9395
f 9395 9410 9422
f 9395 9422 9404
f 9404 9422 9429
f 9327 9322 9338
f 9338 9322 9347
f 9338 9347 9357
f 9357 9347 9372
f 9357 9372 9364
f 9364 9372 9395
f 9364 9395 9374
f 9374 9395 9401
f 9374 9401 9392
f 9679 9681 9641
f 9642 9644 9641
f 9641 9644 9662
f 9641 9662 9679
f 9642 9641 9631
f 9631 9641 9634
f 9631 9634 9606
f 9606 9634 9582
f 9606 9582 9583
f 9583 9582 9571
f 9571 9582 9570
f 9571 9570 9556
f 9556 9570 9526
f 9556 9526 9538
f 9488 9501 9481
f 9481 9501 9515
f 9481 9515 9526
f 9526 9515 9533
f 9526 9533 9538
f 9474 9471 9481
f 9481 9471 9484
f 9481 9484 9488
f 9474 9437 9471
f 9471 9437 9438
f 9471 9438 9451
f 9389 9392 9397
f 9397 9392 9401
f 9397 9401 9400
f 9400 9401 9404
f 9400 9404 9437
f 9437 9404 9429
f 9437 9429 9438
f 9713 9717 9681
f 9794 9796 9801
f 9826 9829 9833
f 9810 9811 9816
f 9816 9811 9822
f 9816 9822 9831
f 9831 9822 9823
f 9831 9823 9826
f 9801 9796 9816
f 9816 9796 9807
f 9816 9807 9810
f 9758 9759 9767
f 9767 9759 9780
f 9767 9780 9788
f 9780 9785 9788
f 9788 9785 9786
f 9788 9786 9801
f 9801 9786 9791
f 9801 9791 9794
f 9758 9767 9748
f 9748 9767 9742
f 9748 9742 9738
f 9713 9714 9717
f 9717 9714 9727
f 9717 9727 9742
f 9742 9727 9737
f 9742 9737 9738
f 9767 9751 9742
f 9742 9751 9730
f 9742 9730 9717
f 9717 9730 9722
f 9717 9722 9681
f 9837 9835 9831
f 9831 9835 9825
f 9831 9825 9816
f 9816 9825 9803
f 9816 9803 9801
f 9801 9803 9799
f 9801 9799 9788
f 9788 9799 9783
f 9788 9783 9767
f 9767 9783 9769
f 9767 9769 9751
f 9826 9833 9831
f 9831 9833 9839
f 9831 9839 9837
f 6858 6484 6497
f 6762 6759 6442
f 6762 6442 6784
f 6858 6850 6484
f 6484 6850 6829
f 6484 6829 6467
f 6467 6829 6803
f 6467 6803 6784
f 6524 6924 6497
f 6497 6924 6904
f 6904 6897 6497
f 6497 6897 6890
f 6497 6890 6858
f 6952 6948 6536
f 6536 6948 6940
f 6536 6940 6524
f 6524 6940 6927
f 6524 6927 6924
f 6001 6077 5979
f 5979 6077 5973
f 5973 6077 5933
f 5933 6077 6074
f 5933 6074 5894
f 5894 6074 5863
f 5863 6074 6063
f 5863 6063 5859
f 6054 5791 6063
f 6063 5791 5833
f 6063 5833 5859
f 5680 5690 5736
f 5736 5690 5744
f 5736 5744 6046
f 6046 5744 5746
f 6046 5746 6054
f 6054 5746 5771
f 6054 5771 5791
f 5642 5730 5633
f 5633 5730 5630
f 6956 6952 6538
f 6538 6952 6536
f 6538 6536 6461
f 6461 6536 6081
f 6467 6046 6484
f 6484 6046 6054
f 6484 6054 6497
f 6497 6054 6063
f 6497 6063 6524
f 6524 6063 6074
f 6524 6074 6536
f 6536 6074 6077
f 6536 6077 6081
f 6081 6077 6001
f 6081 6001 6033
f 6784 6442 6467
f 6467 6442 6025
f 6467 6025 6046
f 6046 6025 5730
f 6046 5730 5736
f 5736 5730 5642
f 5736 5642 5680
f 5619 5630 5725
f 5725 5630 5730
f 5725 5730 6016
f 6016 5730 6025
f 6016 6025 6411
f 6411 6025 6442
f 6411 6442 6738
f 6738 6442 6759
f 6127 6126 6463
f 6105 6461 6066
f 6066 6461 6081
f 6066 6081 6033
f 6955 6956 6526
f 6526 6956 6538
f 6526 6538 6463
f 6463 6538 6461
f 6463 6461 6127
f 6127 6461 6105
f 6224 6204 6220
f 6220 6204 6218
f 6126 6124 6139
f 6139 6124 6138
f 6139 6138 6142
f 6142 6138 6141
f 6142 6141 6149
f 6149 6141 6147
f 6149 6147 6156
f 6156 6147 6152
f 6156 6152 6162
f 6162 6152 6161
f 6162 6161 6177
f 6177 6161 6174
f 6177 6174 6189
f 6189 6174 6178
f 6189 6178 6204
f 6204 6178 6202
f 6204 6202 6218
f 6254 6255 6220
f 6220 6255 6238
f 6220 6238 6224
f 6254 6256 6255
f 6255 6256 6282
f 6255 6282 6307
f 6313 6308 6307
f 6307 6308 6304
f 6304 6301 6307
f 6307 6301 6257
f 6307 6257 6255
f 6313 6332 6308
f 6308 6332 6333
f 6308 6333 6347
f 6347 6333 6356
f 6355 6384 6385
f 6333 6342 6356
f 6356 6342 6355
f 6356 6355 6361
f 6361 6355 6385
f 6225 6201 6203
f 6145 6143 6144
f 6144 6143 6134
f 6144 6134 6132
f 6132 6134 6130
f 6132 6130 6128
f 6175 6176 6181
f 6203 6201 6181
f 6181 6201 6199
f 6181 6199 6175
f 6144 6148 6145
f 6145 6148 6151
f 6145 6151 6146
f 6146 6151 6164
f 6146 6164 6158
f 6158 6164 6176
f 6158 6176 6165
f 6165 6176 6175
f 6203 6219 6225
f 6225 6219 6222
f 6225 6222 6250
f 6250 6222 6252
f 6250 6252 6253
f 6310 6309 6306
f 6306 6309 6305
f 6253 6267 6250
f 6250 6267 6306
f 6250 6306 6251
f 6251 6306 6305
f 6345 6334 6346
f 6345 6346 6357
f 6310 6320 6309
f 6309 6320 6346
f 6309 6346 6319
f 6319 6346 6334
f 6346 6358 6357
f 6357 6358 6386
f 6357 6386 6387
f 6128 6129 6462
f 6129 6106 6462
f 6462 6106 6067
f 6462 6067 6082
f 6082 6067 6034
f 6958 6957 6539
f 6539 6957 6527
f 6539 6527 6462
f 6462 6527 6464
f 6462 6464 6128
f 6017 6412 6443
f 6462 6082 6078
f 5632 5629 5731
f 5628 5620 5726
f 6872 6891 6498
f 6958 6539 6953
f 6953 6539 6537
f 6923 6928 6525
f 6525 6928 6943
f 6525 6943 6537
f 6537 6943 6949
f 6537 6949 6953
f 6498 6891 6525
f 6525 6891 6915
f 6525 6915 6923
f 6872 6498 6862
f 6862 6498 6485
f 6862 6485 6859
f 6859 6485 6822
f 6822 6485 6468
f 6822 6468 6804
f 6804 6468 6787
f 6787 6468 6443
f 6787 6443 6760
f 6760 6443 6758
f 6758 6443 6412
f 6758 6412 6739
f 5747 5743 5737
f 5737 5743 5682
f 5737 5682 5731
f 5731 5682 5676
f 5731 5676 5632
f 5774 5759 6047
f 6047 6055 5774
f 5774 6055 6064
f 5774 6064 5834
f 5899 5895 6064
f 5895 5860 6064
f 6064 5860 5836
f 6064 5836 5834
f 5978 5974 6078
f 6078 5974 5899
f 6078 5899 6075
f 6075 5899 6064
f 6082 6034 6078
f 6078 6034 5980
f 6078 5980 5978
f 5759 5747 6047
f 6047 5747 5737
f 6047 5737 6026
f 6026 5737 5731
f 6026 5731 5726
f 5726 5731 5629
f 5726 5629 5628
f 5726 6017 6026
f 6026 6017 6443
f 6026 6443 6047
f 6047 6443 6468
f 6047 6468 6055
f 6055 6468 6485
f 6055 6485 6064
f 6064 6485 6498
f 6064 6498 6075
f 6075 6498 6525
f 6075 6525 6078
f 6078 6525 6537
f 6078 6537 6462
f 6462 6537 6539
f 5620 5621 5579
f 4372 4466 4444
f 4444 4466 4741
f 4444 4741 4703
f 6651 6739 6374
f 6374 6739 6412
f 6374 6412 5945
f 5945 6412 6017
f 5945 6017 5660
f 5660 6017 5726
f 5660 5726 5448
f 5448 5726 5620
f 5448 5620 5488
f 5488 5620 5579
f 5488 5579 5489
f 4703 4741 4751
f 4751 4741 5160
f 4751 5160 5086
f 5488 5382 5448
f 5448 5382 5348
f 5448 5348 5160
f 5160 5348 5097
f 5160 5097 5086
f 5348 5382 5377
f 5102 5072 5026
f 4351 4372 4444
f 4351 4444 4672
f 4280 4312 4647
f 4647 4312 4328
f 4647 4328 4349
f 4214 4222 4618
f 4618 4222 4247
f 4618 4247 4631
f 4631 4247 4254
f 4214 4618 4204
f 4204 4618 4591
f 4204 4591 4186
f 4158 4162 4579
f 4579 4162 4169
f 4579 4169 4591
f 4591 4169 4182
f 4591 4182 4186
f 5102 5031 5124
f 5124 5031 5130
f 5130 5031 5172
f 5172 5031 5034
f 5172 5034 5213
f 5213 5034 5243
f 5243 5034 5045
f 5243 5045 5247
f 5053 5315 5045
f 5045 5315 5270
f 5045 5270 5247
f 5060 5361 5053
f 5053 5361 5335
f 5053 5335 5315
f 5465 5427 5371
f 5371 5427 5417
f 5371 5417 5363
f 5474 5465 5377
f 5377 5465 5371
f 5377 5371 5060
f 5060 5371 5363
f 5060 5363 5361
f 5474 5377 5477
f 5477 5377 5382
f 5477 5382 5488
f 4156 4158 4576
f 4576 4158 4579
f 4576 4579 4653
f 4653 4579 5026
f 5102 5026 5031
f 5031 5026 4579
f 5031 4579 5034
f 5034 4579 4591
f 5034 4591 5045
f 5045 4591 4618
f 5045 4618 5053
f 5053 4618 4631
f 5053 4631 5060
f 5079 4647 4672
f 4672 4647 4349
f 4672 4349 4351
f 4444 4703 4672
f 4672 4703 4751
f 4672 4751 5079
f 5079 4751 5086
f 5079 5086 5097
f 4254 4280 4631
f 4631 4280 4647
f 4631 4647 5060
f 5060 4647 5079
f 5060 5079 5377
f 5377 5079 5097
f 5377 5097 5348
f 4984 4983 4651
f 5003 4653 5042
f 5042 4653 5026
f 5042 5026 5072
f 4155 4156 4589
f 4589 4156 4576
f 4589 4576 4651
f 4651 4576 4653
f 4651 4653 4984
f 4984 4653 5003
f 5553 5551 7839
f 949 948 2314
f 8642 8582 8580
f 8626 8598 8596
f 8667 8604 8602
f 7019 6606 7772
f 3331 3336 5561
f 719 729 947
f 2720 2525 2734
f 2734 2525 2522
f 2734 2522 2795
f 2795 2522 2870
f 4090 4511 3338
f 4002 3871 4511
f 3871 3674 4511
f 4511 3674 3571
f 4511 3571 3338
f 3338 3571 3521
f 3338 3521 3418
f 3418 3521 3497
f 3418 3497 3468
f 3245 3490 3338
f 3338 3490 3930
f 3338 3930 4090
f 2966 3110 2970
f 2522 2559 2870
f 2870 2559 2722
f 2870 2722 2970
f 2970 2722 2744
f 2970 2744 2966
f 2966 3081 3110
f 3110 3081 3261
f 3110 3261 3245
f 3245 3261 3444
f 3245 3444 3490
f 4727 4728 4511
f 4511 4728 4516
f 4511 4516 4002
f 2302 2371 2525
f 2525 2371 2459
f 2525 2459 2522
f 1255 1610 2304
f 1610 1941 2304
f 2304 1941 2168
f 2304 2168 2169
f 1023 1074 2306
f 2306 1177 2304
f 2304 1177 1241
f 2304 1241 1255
f 1074 1089 2306
f 2306 1089 1168
f 2306 1168 1177
f 2308 972 2306
f 2306 972 1000
f 2306 1000 1023
f 808 810 946
f 946 810 823
f 946 823 843
f 843 861 946
f 946 861 945
f 946 945 2308
f 2308 945 956
f 2308 956 972
f 729 743 947
f 947 743 746
f 947 746 946
f 946 746 783
f 946 783 808
f 716 714 947
f 947 714 718
f 947 718 719
f 745 732 948
f 948 732 728
f 948 728 717
f 745 948 757
f 757 948 949
f 757 949 765
f 951 899 950
f 950 899 844
f 950 844 834
f 834 814 950
f 950 814 809
f 950 809 807
f 2320 2285 950
f 950 2285 2240
f 950 2240 951
f 951 2240 2227
f 2234 985 2227
f 2227 985 973
f 2227 973 951
f 2242 1058 2234
f 2234 1058 999
f 2234 999 985
f 2287 1149 2242
f 2242 1149 1072
f 2242 1072 1058
f 2322 2323 2255
f 2255 2171 2322
f 2322 2171 2101
f 2322 2101 1602
f 1602 1564 2322
f 2322 1564 1221
f 2322 1221 2287
f 2287 1221 1178
f 2287 1178 1149
f 2322 2385 2323
f 2323 2385 2485
f 2323 2485 2458
f 2458 2485 2547
f 3493 3498 3188
f 2732 2648 2607
f 2607 2648 2549
f 2607 2549 2547
f 2547 2549 2465
f 2547 2465 2458
f 3136 3080 2864
f 2864 3080 2841
f 2864 2841 2732
f 2732 2841 2723
f 2732 2723 2648
f 3188 3498 3023
f 4091 3023 4325
f 4325 3023 4730
f 4091 3628 3023
f 3023 3628 3445
f 3023 3445 2864
f 2864 3445 3377
f 2864 3377 3136
f 4416 4242 3331
f 3331 4242 3975
f 3331 3975 3274
f 3274 3975 3813
f 3274 3813 3188
f 3188 3813 3637
f 3188 3637 3591
f 5008 4679 3331
f 3331 4679 4573
f 3331 4573 4416
f 3498 3522 3023
f 3023 3522 3572
f 3023 3572 4730
f 4730 3572 3675
f 4730 3675 3872
f 3591 3531 3188
f 3188 3531 3511
f 3188 3511 3493
f 3872 4003 4730
f 4730 4003 4517
f 4730 4517 4729
f 7690 7640 5561
f 7474 7300 7594
f 7889 7851 7849
f 7849 7851 7770
f 7854 7665 7772
f 7594 7300 7603
f 7642 7601 7605
f 7605 7601 7581
f 7605 7581 7594
f 7594 7581 7520
f 7594 7520 7474
f 7110 7240 6606
f 7240 7433 6606
f 6606 7433 7539
f 6606 7539 7772
f 7772 7539 7590
f 7772 7590 7692
f 7692 7590 7614
f 7692 7614 7642
f 7642 7614 7619
f 7642 7619 7601
f 7665 7621 7772
f 7772 7621 7178
f 7772 7178 7019
f 7300 7140 7603
f 7603 7140 6866
f 7603 6866 7640
f 7640 6866 6697
f 7640 6697 5561
f 6697 6542 5561
f 5561 6542 6435
f 5561 6435 6101
f 6101 5787 5561
f 5561 5787 5562
f 5561 5562 3331
f 3331 5562 5320
f 3331 5320 5008
f 6387 6386 6606
f 6606 6386 6602
f 6606 6602 7110
f 8393 8337 8602
f 8395 8415 8604
f 8604 8415 8428
f 8604 8428 8602
f 8602 8428 8413
f 8602 8413 8393
f 8384 8169 8166
f 8166 8169 8026
f 8384 8166 8406
f 8406 8166 8266
f 8406 8266 8567
f 7772 7853 7854
f 7854 7853 7891
f 7854 7891 7874
f 7874 7891 8026
f 7874 8026 8054
f 8054 8026 8169
f 8567 8266 8604
f 8604 8266 8339
f 8604 8339 8395
f 8337 8264 8602
f 8602 8264 8164
f 8602 8164 7849
f 7849 8164 8020
f 7849 8020 7889
f 10019 8602 10070
f 10070 8602 10092
f 10019 10004 8602
f 8602 10004 9929
f 8602 9929 9920
f 9920 9842 8602
f 8602 9842 9485
f 8602 9485 9157
f 9157 8931 8602
f 8602 8931 8755
f 8602 8755 8667
f 10266 10253 10233
f 10092 8672 10120
f 10120 8672 8707
f 10120 8707 10137
f 10137 8707 8723
f 10137 8723 10215
f 10215 8723 10233
f 10233 8723 10266
f 10266 8723 8705
f 10266 8705 10268
f 8705 8670 10268
f 10268 8670 8631
f 10268 8631 10293
f 10293 8631 8626
f 10293 8626 10311
f 10311 8626 8596
f 8749 8772 8596
f 8596 8772 8828
f 8596 8828 8910
f 8910 8979 8596
f 8596 8979 9122
f 8596 9122 10311
f 10311 9122 9547
f 10311 9547 9854
f 10347 10333 9926
f 9854 9885 10311
f 10311 9885 9926
f 10311 9926 10330
f 10330 9926 10333
f 9116 8977 8592
f 8721 8735 8594
f 9924 9883 10348
f 10348 9883 9852
f 10348 9852 9545
f 8977 8908 8592
f 8592 8908 8826
f 8592 8826 8770
f 8721 8594 8733
f 9926 9935 10347
f 10347 9935 9940
f 10347 9940 10357
f 10357 9940 9945
f 10357 9945 10358
f 10358 9945 9938
f 10348 10359 9924
f 9924 10359 10360
f 9924 10360 9938
f 9938 10360 10362
f 9938 10362 10358
f 10319 10331 8592
f 9545 9116 10348
f 10348 9116 8592
f 10348 8592 10344
f 10344 8592 10331
f 10267 10269 8818
f 8590 8644 10269
f 10269 8644 8744
f 10269 8744 8818
f 10267 8818 10262
f 10262 8818 8862
f 10262 8862 10242
f 10093 10107 8868
f 8868 10107 8875
f 10107 10119 8875
f 8875 10119 10186
f 8875 10186 8862
f 8862 10186 10232
f 8862 10232 10242
f 10093 8868 10034
f 10034 8868 8860
f 10034 8860 10020
f 10020 8860 9948
f 9948 8860 8816
f 9948 8816 9919
f 9919 8816 9876
f 9876 8816 8742
f 9876 8742 9856
f 8998 9493 8580
f 8742 8642 9856
f 9856 8642 8580
f 9856 8580 9529
f 9529 8580 9493
f 8661 8668 8580
f 8668 8848 8580
f 8580 8848 8929
f 8580 8929 8998
f 7831 7999 7833
f 7833 7999 8055
f 7833 8055 8294
f 8294 8405 7833
f 7833 8405 8478
f 7833 8478 8580
f 8580 8478 8577
f 8580 8577 8661
f 7589 7831 7613
f 7613 7831 7833
f 7613 7833 7618
f 7618 7833 7600
f 7589 7538 7831
f 7831 7538 7432
f 7831 7432 7732
f 7732 7432 7239
f 7732 7239 7664
f 7664 7239 7109
f 7664 7109 7482
f 7482 7109 6601
f 7482 6601 7018
f 7018 6601 6786
f 6786 6601 6385
f 6786 6385 6384
f 6100 6434 7779
f 6434 6541 7779
f 7779 6541 6696
f 7779 6696 6865
f 6865 7139 7779
f 7779 7139 7299
f 7779 7299 7835
f 7835 7299 7473
f 7519 7580 7833
f 7833 7580 7582
f 7833 7582 7600
f 3470 5548 3420
f 3420 5548 3340
f 2736 2797 2527
f 2527 2797 2872
f 3497 3492 3468
f 3468 3492 3510
f 3468 3510 3487
f 3487 3510 3529
f 3487 3529 3507
f 3507 3529 3530
f 3507 3530 3518
f 3518 3530 3590
f 3590 3636 3518
f 3518 3636 3812
f 3518 3812 3509
f 2720 2712 2525
f 2525 2712 2699
f 2525 2699 2527
f 2527 2699 2714
f 2527 2714 2736
f 3812 3974 3509
f 3509 3974 4241
f 3509 4241 3470
f 3470 4241 4415
f 3470 4415 5548
f 2872 2972 2527
f 2527 2972 3116
f 2527 3116 5548
f 5548 3116 3247
f 5548 3247 3340
f 4415 4572 5548
f 5548 4572 4678
f 5548 4678 5007
f 5007 5319 5548
f 5548 5319 5547
f 5548 5547 7779
f 7779 5547 5786
f 7779 5786 6100
f 2394 2406 2533
f 2533 2406 2392
f 2533 2392 2378
f 2123 2193 2314
f 2314 2193 2276
f 2314 2276 2312
f 1158 1153 947
f 947 1153 948
f 947 948 716
f 716 948 717
f 1153 1160 948
f 948 1160 1174
f 948 1174 1215
f 1215 1246 948
f 948 1246 1551
f 948 1551 2314
f 2314 1551 1983
f 2314 1983 2123
f 2191 2308 2274
f 2274 2308 2310
f 1244 1213 946
f 946 1213 1172
f 946 1172 947
f 947 1172 1163
f 947 1163 1158
f 2191 2121 2308
f 2308 2121 1977
f 2308 1977 946
f 946 1977 1549
f 946 1549 1244
f 2531 2355 2501
f 2501 2355 2310
f 2501 2310 2497
f 2497 2310 2308
f 2497 2308 2457
f 2665 2580 2527
f 5548 3155 3064
f 3064 2949 5548
f 5548 2949 2845
f 5548 2845 2527
f 2527 2845 2766
f 2527 2766 2665
f 3157 3209 5551
f 5551 3209 3223
f 5551 3223 5548
f 5548 3223 3207
f 5548 3207 3155
f 2582 2533 2531
f 2531 2533 2378
f 2531 2378 2355
f 2582 2667 2533
f 2533 2667 2772
f 2533 2772 2847
f 2357 2394 2535
f 2535 2394 2533
f 2535 2533 5553
f 5553 2533 2847
f 2847 2951 5553
f 5553 2951 3066
f 5553 3066 5551
f 5551 3066 3069
f 5551 3069 3157
f 2529 2499 2306
f 2306 2499 2455
f 2455 2422 2306
f 2306 2422 2404
f 2306 2404 2308
f 2308 2404 2424
f 2308 2424 2457
f 7913 7929 7849
f 7849 7929 7981
f 7849 7981 8072
f 8070 8066 7847
f 7847 8066 7979
f 7847 7979 7927
f 8462 8548 8602
f 8602 8548 8600
f 8602 8600 10092
f 10092 8600 8628
f 10092 8628 8672
f 8072 8187 7849
f 7849 8187 8291
f 7849 8291 8602
f 8602 8291 8366
f 8602 8366 8462
f 8598 8546 8596
f 8596 8546 8460
f 8596 8460 8360
f 8289 8185 7845
f 3329 3272 5559
f 2541 2539 2605
f 2605 2539 2726
f 3329 5559 3350
f 3272 3186 5559
f 5559 3186 3021
f 5559 3021 2862
f 2320 2318 2383
f 2383 2318 2483
f 8113 7948 7833
f 7473 7519 7835
f 7835 7519 7833
f 7835 7833 7862
f 7862 7833 7948
f 8582 8521 8580
f 8580 8521 8397
f 8580 8397 7833
f 7833 8397 8272
f 7833 8272 8113
f 8403 8523 8590
f 8590 8523 8588
f 8590 8588 8644
f 7864 7950 7839
f 7839 7950 8115
f 7839 8115 8274
f 7779 7774 5548
f 5548 7774 7760
f 5548 7760 5551
f 5551 7760 7781
f 5551 7781 7839
f 7839 7781 7837
f 7839 7837 7864
f 807 765 950
f 950 765 949
f 950 949 2316
f 2316 949 2314
f 2316 2314 2535
f 2535 2314 2312
f 2535 2312 2357
f 2169 2302 2304
f 2304 2302 2525
f 2304 2525 2306
f 2306 2525 2527
f 2306 2527 2529
f 2529 2527 2580
f 7927 7913 7847
f 7847 7913 7849
f 7847 7849 5561
f 5561 7849 7770
f 5561 7770 7690
f 3336 3350 5561
f 5561 3350 5559
f 5561 5559 7847
f 7847 5559 7845
f 7847 7845 8070
f 8070 7845 8185
f 2320 950 2318
f 2318 950 2316
f 2318 2316 2537
f 2537 2316 2535
f 2537 2535 5555
f 5555 2535 5553
f 5555 5553 7841
f 7841 5553 7839
f 7841 7839 8590
f 8590 7839 8274
f 8590 8274 8403
f 8735 8749 8594
f 8594 8749 8596
f 8594 8596 7845
f 7845 8596 8360
f 7845 8360 8289
f 8770 8733 8592
f 8592 8733 8594
f 8592 8594 7843
f 7843 8594 7845
f 7843 7845 5557
f 5557 7845 5559
f 5557 5559 2539
f 2539 5559 2862
f 2539 2862 2726
f 10269 10319 8590
f 8590 10319 8592
f 8590 8592 7841
f 7841 8592 7843
f 7841 7843 5555
f 5555 7843 5557
f 5555 5557 2537
f 2537 5557 2539
f 2537 2539 2318
f 2318 2539 2541
f 2318 2541 2483
f 4892 4910 4912
f 4983 4985 4972
f 4972 4985 4973
f 4972 4973 4970
f 4970 4973 4971
f 4970 4971 4962
f 4962 4971 4964
f 4962 4964 4956
f 4956 4964 4959
f 4956 4959 4949
f 4949 4959 4950
f 4949 4950 4939
f 4912 4910 4935
f 4935 4910 4925
f 4935 4925 4939
f 4939 4925 4936
f 4939 4936 4949
f 4895 4861 4860
f 4912 4897 4892
f 4892 4897 4895
f 4892 4895 4877
f 4877 4895 4860
f 4808 4802 4807
f 4811 4814 4861
f 4861 4814 4858
f 4861 4858 4860
f 4808 4807 4833
f 4811 4861 4807
f 4807 4861 4859
f 4807 4859 4833
f 4802 4782 4807
f 4807 4782 4781
f 4807 4781 4772
f 4760 4730 4729
f 4729 4754 4760
f 4760 4754 4759
f 4760 4759 4772
f 4772 4759 4767
f 4772 4767 4807
f 4979 4981 4978
f 4979 4978 4976
f 4976 4978 4967
f 4976 4967 4968
f 4968 4967 4963
f 4968 4963 4966
f 4966 4963 4960
f 4966 4960 4965
f 4965 4960 4947
f 4965 4947 4953
f 4938 4937 4932
f 4937 4938 4947
f 4947 4938 4946
f 4947 4946 4953
f 4810 4863 4806
f 4806 4863 4862
f 4806 4862 4847
f 4810 4864 4863
f 4863 4864 4865
f 4863 4865 4896
f 4896 4865 4891
f 4896 4891 4911
f 4911 4891 4913
f 4911 4913 4932
f 4932 4913 4916
f 4932 4916 4938
f 4805 4796 4780
f 4780 4796 4768
f 4780 4768 4769
f 4769 4768 4758
f 4847 4809 4806
f 4806 4809 4805
f 4806 4805 4798
f 4798 4805 4780
f 4768 4757 4758
f 4758 4757 4728
f 4758 4728 4727
f 4981 4982 4652
f 4982 5002 4652
f 4652 5002 5041
f 4652 5041 5025
f 5025 5041 5071
f 4154 4153 4575
f 4575 4153 4588
f 4575 4588 4652
f 4652 4588 4650
f 4652 4650 4981
f 5085 4702 4671
f 4652 5025 5030
f 5475 5478 5376
f 5479 5487 5381
f 4221 4617 4630
f 4154 4575 4157
f 4157 4575 4578
f 4590 4168 4578
f 4578 4168 4161
f 4578 4161 4157
f 4221 4215 4617
f 4617 4215 4213
f 4617 4213 4590
f 4590 4213 4181
f 4590 4181 4168
f 4311 4292 4646
f 4646 4292 4253
f 4646 4253 4630
f 4630 4253 4246
f 4630 4246 4221
f 4311 4646 4327
f 4327 4646 4671
f 4327 4671 4350
f 4350 4671 4353
f 4353 4671 4702
f 4353 4702 4371
f 5360 5364 5370
f 5370 5364 5425
f 5370 5425 5376
f 5376 5425 5431
f 5376 5431 5475
f 5332 5347 5059
f 5059 5052 5332
f 5332 5052 5044
f 5332 5044 5269
f 5208 5212 5044
f 5212 5246 5044
f 5044 5246 5266
f 5044 5266 5269
f 5125 5129 5030
f 5030 5129 5208
f 5030 5208 5033
f 5033 5208 5044
f 5025 5071 5030
f 5030 5071 5122
f 5030 5122 5125
f 5347 5360 5059
f 5059 5360 5370
f 5059 5370 5078
f 5078 5370 5376
f 5078 5376 5381
f 5381 5376 5478
f 5381 5478 5479
f 5381 5085 5078
f 5078 5085 4671
f 5078 4671 5059
f 5059 4671 4646
f 5059 4646 5052
f 5052 4646 4630
f 5052 4630 5044
f 5044 4630 4617
f 5044 4617 5033
f 5033 4617 4590
f 5033 4590 5030
f 5030 4590 4578
f 5030 4578 4652
f 4652 4578 4575
f 5487 5486 5530
f 5447 5619 5659
f 5659 5619 5725
f 5659 5725 5944
f 5944 5725 6016
f 5944 6016 6373
f 6373 6016 6411
f 6373 6411 6650
f 6650 6411 6738
f 5159 5381 5447
f 5447 5381 5487
f 5447 5487 5619
f 5619 5487 5530
f 5619 5530 5618
f 4465 4371 4740
f 4740 4371 4702
f 4740 4702 5159
f 5159 4702 5085
f 5159 5085 5381
f 9415 9466 9459
f 9466 9415 9467
f 9450 9462 9433
f 9433 9462 9467
f 9433 9467 9412
f 9412 9467 9415
f 9412 9415 9408
f 9408 9415 9459
f 9408 9459 9407
f 9407 9459 9394
f 9336 9337 9449
f 9449 9337 9346
f 9449 9346 9458
f 9458 9346 9356
f 9458 9356 9459
f 9459 9356 9362
f 9459 9362 9394
f 9306 9273 9274
f 9302 9325 9336
f 9336 9325 9328
f 9336 9328 9337
f 9306 9274 9336
f 9336 9274 9291
f 9336 9291 9302
f 9234 9219 9239
f 9419 9350 9263
f 9239 9255 9234
f 9234 9255 9261
f 9234 9261 9237
f 9237 9261 9273
f 9237 9273 9260
f 9260 9273 9306
f 9260 9306 9263
f 9449 9448 9336
f 9336 9448 9445
f 9336 9445 9306
f 9306 9445 9426
f 9306 9426 9263
f 9263 9426 9424
f 9263 9424 9419
f 9226 9243 9249
f 9211 9203 9226
f 9249 9268 9238
f 9226 9249 9211
f 9211 9249 9238
f 9211 9238 9219
f 9383 9379 9361
f 9370 9376 9361
f 9383 9361 9384
f 9384 9361 9376
f 9384 9376 9385
f 9312 9340 9361
f 9361 9340 9349
f 9361 9349 9370
f 9243 9244 9249
f 9249 9244 9256
f 9249 9256 9312
f 9312 9256 9315
f 9312 9315 9340
f 9312 9332 9318
f 9318 9289 9312
f 9312 9289 9276
f 9312 9276 9249
f 9249 9276 9271
f 9249 9271 9268
f 9379 9378 9361
f 9361 9378 9355
f 9361 9355 9312
f 9312 9355 9354
f 9312 9354 9332
f 9154 9066 9100
f 8932 8872 8911
f 8357 8370 8541
f 8377 8379 8554
f 9224 9275 9279
f 9385 9376 9324
f 9324 9376 9279
f 9324 9279 9280
f 9280 9279 9275
f 9171 9170 9158
f 9158 9170 9134
f 9052 9049 9065
f 8946 8944 8966
f 9049 9052 8983
f 8944 8946 8923
f 8923 8946 8843
f 8923 8843 8841
f 8684 8753 8798
f 8684 8798 8843
f 8843 8798 8839
f 8843 8839 8841
f 8549 8610 8554
f 8554 8610 8623
f 8554 8623 8685
f 8685 8623 8681
f 8685 8681 8731
f 8549 8554 8485
f 8485 8554 8379
f 8485 8379 8382
f 8505 8332 8344
f 8479 8312 8323
f 8479 8646 8538
f 8538 8646 8621
f 8538 8533 8479
f 8479 8533 8448
f 8479 8448 8312
f 8312 8448 8322
f 8312 8322 8282
f 8621 8646 8632
f 8632 8646 8780
f 8632 8780 8762
f 8911 8872 8780
f 8780 8872 8783
f 8780 8783 8762
f 9017 8970 8987
f 8987 8970 8955
f 8731 8753 8685
f 8685 8753 8684
f 8685 8684 8554
f 8554 8684 8551
f 8554 8551 8377
f 8377 8551 8375
f 8946 8943 8843
f 8843 8943 8838
f 8843 8838 8684
f 8684 8838 8679
f 8684 8679 8551
f 8551 8679 8541
f 8551 8541 8375
f 8375 8541 8370
f 8352 8357 8527
f 8527 8357 8541
f 8527 8541 8677
f 8677 8541 8679
f 8677 8679 8829
f 8829 8679 8838
f 8829 8838 8938
f 8938 8838 8943
f 8955 8932 8987
f 8987 8932 8911
f 8987 8911 8921
f 8921 8911 8780
f 8921 8780 8794
f 8794 8780 8646
f 8794 8646 8660
f 8660 8646 8479
f 8660 8479 8505
f 8505 8479 8323
f 8505 8323 8332
f 9203 9164 9226
f 9226 9164 9190
f 9226 9190 9243
f 9066 9017 9100
f 9100 9017 8987
f 9100 8987 8999
f 8999 8987 8921
f 8999 8921 8933
f 8933 8921 8794
f 8933 8794 8810
f 8810 8794 8660
f 8810 8660 8673
f 8673 8660 8505
f 8673 8505 8516
f 8516 8505 8344
f 8516 8344 8347
f 9164 9154 9190
f 9190 9154 9100
f 9190 9100 9111
f 9111 9100 8999
f 9111 8999 9009
f 9009 8999 8933
f 9009 8933 8938
f 8938 8933 8810
f 8938 8810 8829
f 8829 8810 8673
f 8829 8673 8677
f 8677 8673 8516
f 8677 8516 8527
f 8527 8516 8347
f 8527 8347 8352
f 9376 9370 9279
f 9279 9370 9349
f 9279 9349 9250
f 9250 9349 9340
f 9250 9340 9315
f 9065 9109 9052
f 9052 9109 9134
f 9052 9134 9048
f 9048 9134 9170
f 9048 9170 9016
f 9016 9170 9159
f 9016 9159 9145
f 9145 9159 9229
f 9145 9229 9207
f 9207 9229 9256
f 9207 9256 9244
f 9171 9224 9170
f 9170 9224 9279
f 9170 9279 9159
f 9159 9279 9250
f 9159 9250 9229
f 9229 9250 9315
f 9229 9315 9256
f 8966 8983 8946
f 8946 8983 9052
f 8946 9052 8943
f 8943 9052 9048
f 8943 9048 8938
f 8938 9048 9016
f 8938 9016 9009
f 9009 9016 9145
f 9009 9145 9111
f 9111 9145 9207
f 9111 9207 9190
f 9190 9207 9244
f 9190 9244 9243
f 8060 8067 7982
f 6093 6072 6041
f 6041 5873 5888
f 6072 6093 6190
f 6190 6093 6377
f 6190 6377 6348
f 6906 6849 6377
f 6377 6849 6438
f 6377 6438 6348
f 7711 7575 7591
f 7591 7575 7494
f 7591 7494 6906
f 6906 7494 7321
f 6906 7321 6849
f 7934 7896 7625
f 7625 7896 7723
f 7625 7723 7711
f 8282 8015 7934
f 7934 8015 7973
f 7934 7973 7896
f 8130 8198 7934
f 7934 8198 8245
f 7934 8245 8282
f 8060 7982 8036
f 7882 7906 7700
f 7700 7906 7650
f 7700 7650 7666
f 7666 7650 7645
f 7906 7937 7650
f 7650 7937 7985
f 7650 7985 7982
f 7982 7985 7996
f 7982 7996 8036
f 5920 5925 6140
f 6140 5925 5926
f 5907 5909 6103
f 6103 5909 5920
f 6041 5888 6093
f 6093 5888 5890
f 6093 5890 5891
f 5920 6140 6103
f 6103 6140 6416
f 6103 6416 6395
f 6395 6416 7083
f 6395 7083 6999
f 6999 7083 7650
f 6999 7650 7625
f 7625 7650 7982
f 7625 7982 7934
f 7934 7982 8067
f 7934 8067 8130
f 7645 7650 7257
f 7257 7650 7083
f 7257 7083 7153
f 6406 6446 6416
f 6416 6446 6665
f 6416 6665 7083
f 7083 6665 7145
f 7083 7145 7153
f 6406 6416 6302
f 6302 6416 6140
f 6302 6140 6157
f 6157 6140 5926
f 6157 5926 5934
f 7711 7591 7625
f 7625 7591 6906
f 7625 6906 6999
f 6999 6906 6377
f 6999 6377 6395
f 6395 6377 6093
f 6395 6093 6103
f 6103 6093 5891
f 6103 5891 5907
f 6613 6576 6578
f 4503 4534 4536
f 5368 5389 5384
f 5150 5232 5384
f 5384 5232 5314
f 5384 5314 5368
f 4881 4918 4883
f 4883 4918 5038
f 4883 5038 5150
f 5150 5038 5157
f 5150 5157 5232
f 4536 4534 4690
f 4534 4611 4690
f 4690 4611 4688
f 4690 4688 4883
f 4883 4688 4770
f 4883 4770 4881
f 4503 4536 4490
f 4490 4536 4491
f 4490 4491 4501
f 4501 4491 4537
f 4501 4537 4535
f 4535 4537 4613
f 4613 4537 4691
f 4613 4691 4689
f 4689 4691 4773
f 4773 4691 4884
f 4773 4884 4882
f 5151 5037 4884
f 4884 5037 4919
f 4884 4919 4882
f 5385 5260 5151
f 5151 5260 5149
f 5151 5149 5037
f 5529 5469 5385
f 5385 5469 5383
f 5385 5383 5260
f 5721 5639 5529
f 5529 5639 5523
f 5529 5523 5469
f 5952 5844 5721
f 5721 5844 5719
f 5721 5719 5639
f 6230 6195 6232
f 6232 6195 6071
f 6232 6071 5952
f 5952 6071 5950
f 5952 5950 5844
f 6578 6576 6421
f 6576 6503 6421
f 6421 6503 6419
f 6421 6419 6232
f 6232 6419 6340
f 6232 6340 6230
f 6613 6578 6623
f 6623 6578 6624
f 6623 6624 6611
f 6611 6624 6577
f 6611 6577 6575
f 6575 6577 6505
f 6505 6577 6420
f 6505 6420 6418
f 6418 6420 6343
f 6343 6420 6231
f 6343 6231 6229
f 5873 5949 5951
f 5951 5949 6070
f 5951 6070 6231
f 6231 6070 6194
f 6231 6194 6229
f 5873 5951 5780
f 5780 5951 5720
f 5780 5720 5779
f 5524 5631 5528
f 5528 5631 5661
f 5528 5661 5720
f 5720 5661 5717
f 5720 5717 5779
f 5389 5396 5384
f 5384 5396 5464
f 5384 5464 5528
f 5528 5464 5484
f 5528 5484 5524
f 3410 3481 3505
f 3192 3198 3505
f 3505 3198 3228
f 3228 3252 3505
f 3505 3252 3315
f 3505 3315 3410
f 3070 3076 3218
f 3218 3076 3098
f 3218 3098 3145
f 3070 3218 3004
f 3004 3218 3256
f 3004 3256 2998
f 2998 3024 2944
f 2944 3024 2892
f 2852 2892 2890
f 2890 2892 3024
f 2890 3024 3061
f 3061 3024 3121
f 2998 3256 3024
f 3024 3256 3194
f 3024 3194 3121
f 3584 3433 3575
f 3575 3433 3396
f 3575 3396 3256
f 3256 3396 3279
f 3256 3279 3194
f 4423 4362 4326
f 4326 4362 3802
f 4326 3802 3575
f 3575 3802 3788
f 3575 3788 3584
f 4423 4326 4629
f 4629 4326 4585
f 4629 4585 4819
f 4819 4585 4826
f 4819 4826 4873
f 4873 4826 4921
f 4921 4826 5217
f 4921 5217 5232
f 4801 5200 5204
f 4789 5179 5200
f 4789 4778 4812
f 5179 4789 5177
f 5177 4789 4812
f 5177 4812 5170
f 4778 4789 4707
f 4707 4789 4510
f 4707 4510 4479
f 4479 4510 4473
f 4473 4510 4179
f 4473 4179 4129
f 3481 3519 3505
f 3505 3519 3936
f 3505 3936 4179
f 4179 3936 3955
f 4179 3955 4129
f 5200 4801 4789
f 4789 4801 4542
f 4789 4542 4510
f 4510 4542 4240
f 4510 4240 4179
f 4179 4240 3539
f 4179 3539 3505
f 3145 3192 3218
f 3218 3192 3505
f 3218 3505 3256
f 3256 3505 3539
f 3256 3539 3575
f 3575 3539 4240
f 3575 4240 4326
f 4326 4240 4542
f 4326 4542 4585
f 4585 4542 4801
f 4585 4801 4826
f 4826 4801 5204
f 4826 5204 5217
f 2353 2228 2186
f 2595 2491 2474
f 2131 2148 2145
f 2638 2821 2824
f 2745 2748 2612
f 2612 2748 2567
f 2486 2516 2567
f 2567 2516 2569
f 2567 2569 2612
f 2379 2427 2416
f 2174 2253 2252
f 2252 2253 2254
f 2379 2416 2373
f 2373 2416 2417
f 2373 2417 2325
f 2131 2145 2115
f 2115 2145 2042
f 2115 2042 2044
f 1974 1984 2042
f 2042 1984 2036
f 2042 2036 2044
f 1922 1921 1884
f 1884 1921 1814
f 1783 1810 1814
f 1814 1810 1815
f 1814 1815 1884
f 1726 1703 1712
f 1752 1742 1814
f 1712 1783 1726
f 1726 1783 1814
f 1726 1814 1737
f 1737 1814 1742
f 1863 1785 1779
f 1850 1835 1888
f 1888 1835 1831
f 1870 1904 1880
f 1880 1904 1906
f 1880 1906 1894
f 2145 2149 2042
f 2042 2149 2045
f 2042 2045 1974
f 1974 2045 1921
f 1974 1921 1945
f 1945 1921 1922
f 2149 2158 2045
f 2045 2158 2051
f 2045 2051 1921
f 1921 2051 1930
f 1921 1930 1814
f 1814 1930 1839
f 1814 1839 1752
f 2228 2178 2186
f 2186 2178 2143
f 2186 2143 2107
f 1993 1997 1904
f 1904 1997 1935
f 1904 1935 1906
f 2143 2124 2107
f 2107 2124 2119
f 2107 2119 1993
f 1993 2119 2020
f 1993 2020 1997
f 2588 2781 2784
f 2602 2786 2791
f 2800 2803 2613
f 2613 2803 2806
f 2407 2360 2339
f 2491 2407 2474
f 2474 2407 2339
f 2474 2339 2294
f 2294 2339 2175
f 2294 2175 2165
f 2165 2175 2097
f 2165 2097 2085
f 2085 2097 1967
f 2085 1967 1951
f 1951 1967 1888
f 1951 1888 1863
f 1863 1888 1831
f 1863 1831 1785
f 2610 2638 2668
f 2668 2638 2824
f 2668 2824 2852
f 2610 2595 2638
f 2638 2595 2474
f 2638 2474 2460
f 2460 2474 2294
f 2460 2294 2280
f 2280 2294 2165
f 2280 2165 2158
f 2158 2165 2085
f 2158 2085 2051
f 2051 2085 1951
f 2051 1951 1930
f 1930 1951 1863
f 1930 1863 1839
f 1839 1863 1779
f 1839 1779 1752
f 2748 2747 2567
f 2567 2747 2751
f 2567 2751 2568
f 2759 2574 2756
f 2756 2574 2568
f 2756 2568 2753
f 2753 2568 2751
f 2759 2764 2574
f 2574 2764 2773
f 2574 2773 2588
f 2588 2773 2778
f 2588 2778 2781
f 2254 2325 2252
f 2252 2325 2417
f 2252 2417 2256
f 2256 2417 2441
f 2256 2441 2265
f 2265 2441 2448
f 2265 2448 2452
f 2452 2448 2602
f 2452 2602 2613
f 2613 2602 2791
f 2613 2791 2800
f 2427 2486 2416
f 2416 2486 2567
f 2416 2567 2417
f 2417 2567 2568
f 2417 2568 2441
f 2441 2568 2574
f 2441 2574 2448
f 2448 2574 2588
f 2448 2588 2602
f 2602 2588 2784
f 2602 2784 2786
f 2360 2353 2339
f 2339 2353 2186
f 2339 2186 2175
f 2175 2186 2107
f 2175 2107 2097
f 2097 2107 1993
f 2097 1993 1967
f 1967 1993 1904
f 1967 1904 1888
f 1888 1904 1870
f 1888 1870 1850
f 2148 2174 2145
f 2145 2174 2252
f 2145 2252 2149
f 2149 2252 2256
f 2149 2256 2158
f 2158 2256 2265
f 2158 2265 2280
f 2280 2265 2452
f 2280 2452 2460
f 2460 2452 2613
f 2460 2613 2638
f 2638 2613 2806
f 2638 2806 2821
f 1833 1809 1816
f 1726 1737 1728
f 1702 1703 1726
f 1726 1728 1702
f 1702 1728 1720
f 1702 1720 1701
f 1768 1757 1773
f 1773 1757 1738
f 1773 1738 1728
f 1728 1738 1732
f 1728 1732 1720
f 1809 1805 1816
f 1816 1805 1784
f 1816 1784 1773
f 1773 1784 1778
f 1773 1778 1768
f 1833 1816 1849
f 1849 1816 1866
f 1849 1866 1853
f 1853 1866 1856
f 1856 1866 1886
f 1856 1886 1877
f 1894 1886 1880
f 1880 1886 1866
f 1880 1866 1870
f 1870 1866 1850
f 1773 1785 1816
f 1816 1785 1831
f 1816 1831 1866
f 1866 1831 1835
f 1866 1835 1850
f 1737 1742 1728
f 1728 1742 1752
f 1728 1752 1773
f 1773 1752 1779
f 1773 1779 1785
f 1670 1668 1727
f 1801 1828 1788
f 1860 1877 1834
f 1860 1834 1830
f 1801 1788 1800
f 1769 1776 1788
f 1788 1776 1791
f 1788 1791 1800
f 1678 1682 1674
f 1760 1763 1743
f 1743 1763 1674
f 1743 1674 1686
f 1686 1674 1682
f 1678 1655 1677
f 1677 1655 1663
f 1655 1626 1627
f 1632 1643 1654
f 1663 1655 1654
f 1654 1655 1627
f 1654 1627 1632
f 1678 1674 1655
f 1655 1674 1637
f 1655 1637 1626
f 1658 1649 1674
f 1674 1649 1642
f 1674 1642 1637
f 1670 1727 1676
f 1744 1676 1782
f 1782 1676 1727
f 1782 1727 1793
f 1793 1727 1788
f 1793 1788 1834
f 1834 1788 1828
f 1834 1828 1830
f 1668 1658 1727
f 1727 1658 1674
f 1727 1674 1788
f 1788 1674 1763
f 1788 1763 1769
f 1769 1763 1760
f 1518 1521 1545
f 1331 1332 1285
f 1283 1284 1316
f 1315 1336 1341
f 1368 1381 1391
f 1382 1414 1416
f 1646 1630 1713
f 1713 1630 1744
f 1615 1676 1744
f 1622 1658 1603
f 1603 1658 1668
f 1603 1668 1615
f 1615 1668 1670
f 1615 1670 1676
f 1637 1642 1622
f 1622 1642 1649
f 1622 1649 1658
f 1612 1632 1627
f 1368 1391 1358
f 1337 1347 1349
f 1289 1300 1304
f 1268 1271 1285
f 1285 1271 1274
f 1283 1268 1284
f 1284 1268 1285
f 1284 1285 1316
f 1316 1285 1332
f 1316 1332 1333
f 1333 1332 1352
f 1500 1498 1502
f 1502 1498 1526
f 1500 1439 1498
f 1498 1439 1494
f 1498 1494 1526
f 1526 1494 1530
f 1526 1530 1538
f 1651 1605 1568
f 1568 1605 1591
f 1568 1591 1578
f 1371 1397 1413
f 1367 1349 1361
f 1361 1349 1347
f 1361 1347 1357
f 1492 1446 1459
f 1459 1446 1413
f 1464 1440 1452
f 1452 1440 1422
f 1381 1382 1391
f 1391 1382 1416
f 1391 1416 1402
f 1402 1416 1433
f 1402 1433 1422
f 1422 1433 1451
f 1422 1451 1452
f 1500 1449 1439
f 1439 1449 1442
f 1439 1442 1390
f 1390 1442 1392
f 1390 1392 1370
f 1480 1481 1432
f 1432 1481 1431
f 1432 1431 1388
f 1388 1431 1383
f 1388 1383 1340
f 1340 1383 1334
f 1340 1334 1291
f 1291 1334 1288
f 1291 1288 1275
f 1489 1511 1468
f 1468 1511 1503
f 1517 1505 1475
f 1475 1505 1462
f 1475 1462 1428
f 1428 1462 1419
f 1591 1579 1578
f 1578 1579 1538
f 1578 1538 1568
f 1568 1538 1530
f 1568 1530 1558
f 1558 1530 1552
f 1518 1545 1522
f 1713 1651 1646
f 1646 1651 1568
f 1646 1568 1630
f 1630 1568 1558
f 1630 1558 1582
f 1582 1558 1552
f 1744 1630 1615
f 1615 1630 1582
f 1615 1582 1603
f 1603 1582 1598
f 1603 1598 1622
f 1511 1524 1503
f 1503 1524 1539
f 1503 1539 1531
f 1531 1539 1557
f 1531 1557 1540
f 1540 1557 1562
f 1540 1562 1559
f 1559 1562 1580
f 1559 1580 1581
f 1581 1580 1594
f 1581 1594 1597
f 1643 1632 1624
f 1624 1632 1612
f 1624 1612 1611
f 1611 1612 1597
f 1611 1597 1607
f 1607 1597 1594
f 1482 1480 1437
f 1437 1480 1432
f 1437 1432 1393
f 1393 1432 1388
f 1393 1388 1342
f 1342 1388 1340
f 1342 1340 1299
f 1299 1340 1291
f 1336 1337 1341
f 1341 1337 1349
f 1341 1349 1371
f 1371 1349 1367
f 1371 1367 1397
f 1357 1358 1361
f 1361 1358 1391
f 1361 1391 1367
f 1367 1391 1402
f 1367 1402 1397
f 1397 1402 1422
f 1397 1422 1413
f 1413 1422 1440
f 1413 1440 1459
f 1310 1315 1320
f 1320 1315 1341
f 1320 1341 1363
f 1363 1341 1371
f 1363 1371 1419
f 1419 1371 1413
f 1419 1413 1428
f 1428 1413 1446
f 1428 1446 1475
f 1475 1446 1492
f 1475 1492 1517
f 1274 1275 1285
f 1285 1275 1288
f 1285 1288 1331
f 1331 1288 1334
f 1331 1334 1384
f 1384 1334 1383
f 1384 1383 1434
f 1434 1383 1431
f 1434 1431 1487
f 1487 1431 1481
f 1487 1481 1522
f 1522 1481 1480
f 1522 1480 1518
f 1518 1480 1482
f 1518 1482 1521
f 1300 1302 1304
f 1304 1302 1306
f 1304 1306 1346
f 1346 1306 1351
f 1346 1351 1398
f 1398 1351 1401
f 1398 1401 1441
f 1441 1401 1447
f 1441 1447 1491
f 1491 1447 1495
f 1491 1495 1529
f 1464 1489 1440
f 1440 1489 1468
f 1440 1468 1459
f 1459 1468 1503
f 1459 1503 1492
f 1492 1503 1531
f 1492 1531 1517
f 1517 1531 1540
f 1517 1540 1505
f 1505 1540 1501
f 1505 1501 1462
f 1462 1501 1457
f 1462 1457 1419
f 1419 1457 1412
f 1419 1412 1363
f 1363 1412 1360
f 1363 1360 1320
f 1320 1360 1314
f 1320 1314 1310
f 1310 1314 1305
f 1352 1332 1370
f 1370 1332 1331
f 1370 1331 1390
f 1390 1331 1384
f 1390 1384 1439
f 1439 1384 1434
f 1439 1434 1494
f 1494 1434 1487
f 1494 1487 1530
f 1530 1487 1522
f 1530 1522 1552
f 1552 1522 1545
f 1552 1545 1582
f 1582 1545 1576
f 1582 1576 1598
f 1275 1286 1291
f 1291 1286 1289
f 1291 1289 1299
f 1299 1289 1304
f 1299 1304 1342
f 1342 1304 1346
f 1342 1346 1393
f 1393 1346 1398
f 1393 1398 1437
f 1437 1398 1441
f 1437 1441 1482
f 1482 1441 1491
f 1482 1491 1521
f 1521 1491 1529
f 1521 1529 1545
f 1545 1529 1547
f 1545 1547 1576
f 1576 1547 1574
f 1576 1574 1598
f 1598 1574 1590
f 1598 1590 1622
f 1622 1590 1609
f 1622 1609 1637
f 1637 1609 1626
f 1302 1305 1306
f 1306 1305 1314
f 1306 1314 1351
f 1351 1314 1360
f 1351 1360 1401
f 1401 1360 1412
f 1401 1412 1447
f 1447 1412 1457
f 1447 1457 1495
f 1495 1457 1501
f 1495 1501 1529
f 1529 1501 1540
f 1529 1540 1547
f 1547 1540 1559
f 1547 1559 1574
f 1574 1559 1581
f 1574 1581 1590
f 1590 1581 1597
f 1590 1597 1609
f 1609 1597 1612
f 1609 1612 1626
f 1626 1612 1627
f 1127 1194 1190
f 1373 1365 1207
f 1260 1180 1262
f 1262 1180 1186
f 1262 1186 1272
f 1272 1186 1293
f 1293 1186 1190
f 1293 1190 1297
f 1297 1190 1194
f 1297 1194 1312
f 1312 1194 1326
f 1326 1194 1198
f 1326 1198 1344
f 1138 1141 1207
f 1207 1141 1143
f 1414 1373 1216
f 1216 1373 1207
f 1216 1207 1176
f 1176 1207 1143
f 1176 1143 1145
f 1134 1138 1198
f 1198 1138 1207
f 1198 1207 1344
f 1344 1207 1365
f 1127 1128 1194
f 1194 1128 1129
f 1194 1129 1198
f 1198 1129 1133
f 1198 1133 1134
f 1115 1116 1186
f 1186 1116 1118
f 1186 1118 1190
f 1190 1118 1122
f 1190 1122 1127
f 1108 1109 1180
f 1180 1109 1110
f 1180 1110 1186
f 1186 1110 1112
f 1186 1112 1115
f 1104 1108 1179
f 1179 1108 1180
f 1179 1180 1204
f 1204 1180 1260
f 1204 1260 1258
f 989 1014 995
f 992 979 908
f 359 358 357
f 358 353 355
f 359 357 370
f 379 376 369
f 379 377 391
f 391 377 398
f 423 406 398
f 398 406 403
f 398 403 391
f 453 446 423
f 423 446 424
f 423 424 406
f 490 472 489
f 489 472 469
f 489 469 453
f 453 469 459
f 453 459 446
f 522 519 489
f 489 519 494
f 489 494 490
f 620 566 596
f 596 566 563
f 596 563 522
f 522 563 533
f 522 533 519
f 698 725 710
f 698 710 596
f 596 710 647
f 596 647 620
f 817 799 698
f 698 799 773
f 698 773 725
f 979 944 908
f 908 944 838
f 908 838 817
f 817 838 833
f 817 833 799
f 992 908 1031
f 1031 908 995
f 1031 995 1054
f 1054 995 1014
f 1054 1014 1019
f 1019 1053 1054
f 1054 1053 1065
f 1054 1065 1104
f 828 855 908
f 908 855 906
f 908 906 925
f 925 926 908
f 908 926 927
f 908 927 995
f 995 927 976
f 995 976 989
f 828 908 806
f 806 908 817
f 806 817 768
f 698 665 686
f 698 686 817
f 817 686 753
f 817 753 768
f 665 698 611
f 611 698 596
f 611 596 569
f 522 518 538
f 522 538 596
f 596 538 560
f 596 560 569
f 489 484 488
f 489 488 522
f 522 488 509
f 522 509 518
f 484 489 467
f 467 489 453
f 467 453 464
f 427 434 423
f 423 434 444
f 423 444 453
f 453 444 458
f 453 458 464
f 427 423 419
f 419 423 398
f 419 398 411
f 411 398 377
f 411 377 404
f 379 369 377
f 377 369 400
f 377 400 404
f 386 389 369
f 369 389 390
f 369 390 400
f 358 355 357
f 357 355 356
f 357 356 368
f 376 370 369
f 369 370 357
f 369 357 386
f 386 357 368
f 386 368 381
f 10513 10498 10520
f 10520 10498 10519
f 10722 10723 10715
f 10159 10178 10199
f 10112 10126 10187
f 10187 10126 10159
f 10121 10101 10187
f 10187 10101 10094
f 10002 9988 10006
f 10006 10008 10002
f 10002 10008 10014
f 10002 10014 10012
f 10012 10014 10055
f 10012 10055 10094
f 10094 10055 10078
f 10094 10078 10187
f 10187 10078 10086
f 10187 10086 10112
f 10306 10247 10263
f 10263 10247 10245
f 10263 10245 10187
f 10187 10245 10180
f 10187 10180 10121
f 10306 10263 10316
f 10316 10263 10383
f 10316 10383 10356
f 10514 10493 10513
f 10513 10493 10468
f 10513 10468 10498
f 10498 10468 10455
f 10498 10455 10383
f 10383 10455 10387
f 10383 10387 10356
f 10593 10566 10571
f 10571 10566 10563
f 10571 10563 10513
f 10513 10563 10533
f 10513 10533 10514
f 10636 10616 10603
f 10603 10616 10604
f 10603 10604 10600
f 10643 10637 10650
f 10650 10637 10652
f 10650 10652 10665
f 10665 10652 10668
f 10700 10693 10696
f 10696 10693 10673
f 10696 10673 10668
f 10668 10673 10666
f 10668 10666 10665
f 10700 10696 10705
f 10705 10696 10706
f 10705 10706 10711
f 10711 10706 10715
f 10711 10715 10714
f 10714 10715 10723
f 10714 10723 10724
f 10691 10697 10715
f 10715 10697 10710
f 10715 10710 10722
f 10159 10199 10187
f 10187 10199 10234
f 10187 10234 10263
f 10263 10234 10258
f 10263 10258 10271
f 10271 10313 10263
f 10263 10313 10340
f 10263 10340 10383
f 10383 10340 10414
f 10383 10414 10498
f 10498 10414 10488
f 10498 10488 10519
f 10570 10571 10544
f 10544 10571 10513
f 10544 10513 10531
f 10531 10513 10520
f 10570 10576 10571
f 10571 10576 10603
f 10571 10603 10593
f 10593 10603 10600
f 10576 10595 10603
f 10603 10595 10605
f 10603 10605 10610
f 10610 10615 10603
f 10603 10615 10637
f 10603 10637 10636
f 10636 10637 10643
f 10615 10633 10637
f 10637 10633 10635
f 10637 10635 10652
f 10652 10635 10653
f 10652 10653 10668
f 10668 10653 10656
f 10668 10656 10696
f 10656 10671 10696
f 10696 10671 10679
f 10696 10679 10706
f 10706 10679 10686
f 10706 10686 10715
f 10715 10686 10690
f 10715 10690 10691
f 9864 9880 9889
f 9975 9906 9902
f 9987 9915 9984
f 9984 9915 9910
f 9984 9910 9981
f 9981 9910 9977
f 9962 9965 9897
f 9897 9965 9967
f 9897 9967 9902
f 9902 9967 9969
f 9902 9969 9975
f 9889 9955 9962
f 9955 9889 9953
f 9953 9889 9880
f 9953 9880 9951
f 9962 9897 9889
f 9889 9897 9729
f 9889 9729 9864
f 9864 9729 9721
f 9864 9721 9680
f 9802 9798 9906
f 9906 9798 9782
f 9906 9782 9902
f 9902 9782 9768
f 9902 9768 9897
f 9897 9768 9750
f 9897 9750 9729
f 9824 9802 9910
f 9910 9802 9906
f 9910 9906 9977
f 9977 9906 9975
f 9987 9988 9915
f 9915 9988 9916
f 9915 9916 9894
f 9824 9910 9834
f 9834 9910 9915
f 9834 9915 9836
f 9836 9915 9894
f 9836 9894 9838
f 9723 9708 9716
f 9431 9373 9470
f 9411 9371 9350
f 9773 9820 9774
f 9774 9820 9821
f 9774 9821 9776
f 9776 9821 9827
f 9776 9827 9828
f 9770 9809 9773
f 9773 9809 9819
f 9773 9819 9820
f 9765 9804 9806
f 9740 9784 9745
f 9745 9784 9789
f 9745 9789 9752
f 9752 9789 9793
f 9752 9793 9756
f 9756 9793 9795
f 9747 9731 9739
f 9739 9731 9736
f 9736 9731 9710
f 9710 9731 9695
f 9710 9695 9709
f 9668 9680 9695
f 9695 9680 9700
f 9695 9700 9709
f 9677 9647 9668
f 9643 9657 9632
f 9632 9657 9628
f 9632 9628 9610
f 9610 9628 9596
f 9610 9596 9587
f 9542 9558 9568
f 9568 9558 9562
f 9568 9562 9596
f 9596 9562 9584
f 9596 9584 9587
f 9518 9500 9520
f 9507 9494 9500
f 9494 9507 9483
f 9483 9507 9491
f 9483 9491 9477
f 9477 9491 9476
f 9477 9476 9461
f 9461 9476 9462
f 9461 9462 9450
f 9459 9466 9476
f 9476 9466 9467
f 9476 9467 9462
f 9445 9448 9455
f 9455 9448 9449
f 9432 9419 9424
f 9371 9411 9373
f 9373 9411 9487
f 9373 9487 9470
f 9541 9499 9470
f 9470 9499 9456
f 9470 9456 9431
f 9549 9530 9535
f 9567 9607 9602
f 9602 9607 9666
f 9602 9666 9660
f 9666 9720 9716
f 9716 9708 9666
f 9666 9708 9684
f 9666 9684 9660
f 9506 9446 9455
f 9455 9446 9426
f 9455 9426 9445
f 9541 9470 9551
f 9551 9470 9487
f 9551 9487 9496
f 9496 9487 9411
f 9496 9411 9432
f 9432 9411 9350
f 9432 9350 9419
f 9554 9534 9532
f 9554 9532 9552
f 9552 9532 9518
f 9552 9518 9539
f 9539 9518 9520
f 9539 9520 9531
f 9530 9499 9535
f 9535 9499 9541
f 9535 9541 9579
f 9579 9541 9551
f 9579 9551 9589
f 9588 9616 9618
f 9588 9618 9589
f 9616 9588 9605
f 9605 9588 9572
f 9605 9572 9599
f 9599 9572 9591
f 9591 9572 9559
f 9591 9559 9586
f 9672 9619 9671
f 9671 9619 9622
f 9671 9622 9665
f 9665 9622 9623
f 9665 9623 9659
f 9715 9672 9705
f 9705 9672 9671
f 9705 9671 9699
f 9699 9671 9665
f 9699 9665 9696
f 9696 9665 9659
f 9696 9659 9692
f 9609 9637 9625
f 9625 9637 9652
f 9625 9652 9635
f 9635 9652 9669
f 9635 9669 9645
f 9645 9669 9678
f 9645 9678 9651
f 9720 9770 9716
f 9716 9770 9773
f 9716 9773 9723
f 9723 9773 9774
f 9723 9774 9772
f 9772 9774 9776
f 9726 9685 9701
f 9701 9685 9657
f 9701 9657 9677
f 9677 9657 9643
f 9677 9643 9647
f 9668 9695 9677
f 9677 9695 9731
f 9677 9731 9701
f 9701 9731 9747
f 9701 9747 9726
f 9726 9747 9757
f 9726 9757 9733
f 9733 9757 9760
f 9733 9760 9740
f 9740 9760 9771
f 9740 9771 9784
f 9510 9508 9495
f 9495 9508 9489
f 9495 9489 9475
f 9458 9459 9475
f 9475 9459 9476
f 9475 9476 9495
f 9495 9476 9491
f 9495 9491 9510
f 9510 9491 9507
f 9554 9553 9534
f 9534 9553 9523
f 9534 9523 9506
f 9500 9518 9507
f 9507 9518 9532
f 9507 9532 9510
f 9510 9532 9534
f 9510 9534 9508
f 9508 9534 9506
f 9508 9506 9489
f 9489 9506 9455
f 9489 9455 9475
f 9475 9455 9449
f 9475 9449 9458
f 9531 9559 9539
f 9539 9559 9572
f 9539 9572 9552
f 9552 9572 9588
f 9552 9588 9554
f 9554 9588 9589
f 9554 9589 9553
f 9553 9589 9551
f 9553 9551 9523
f 9523 9551 9496
f 9523 9496 9506
f 9506 9496 9432
f 9506 9432 9446
f 9446 9432 9424
f 9446 9424 9426
f 9586 9609 9591
f 9591 9609 9625
f 9591 9625 9599
f 9599 9625 9635
f 9599 9635 9605
f 9605 9635 9645
f 9605 9645 9616
f 9616 9645 9651
f 9616 9651 9618
f 9549 9535 9563
f 9563 9535 9579
f 9563 9579 9567
f 9567 9579 9617
f 9567 9617 9607
f 9607 9617 9670
f 9607 9670 9666
f 9666 9670 9719
f 9666 9719 9720
f 9720 9719 9765
f 9720 9765 9770
f 9770 9765 9806
f 9770 9806 9809
f 9756 9715 9752
f 9752 9715 9705
f 9752 9705 9745
f 9745 9705 9699
f 9745 9699 9740
f 9740 9699 9696
f 9740 9696 9733
f 9733 9696 9692
f 9733 9692 9726
f 9531 9542 9559
f 9559 9542 9568
f 9559 9568 9586
f 9586 9568 9596
f 9586 9596 9609
f 9609 9596 9628
f 9609 9628 9637
f 9637 9628 9657
f 9637 9657 9652
f 9652 9657 9685
f 9652 9685 9669
f 9669 9685 9726
f 9669 9726 9678
f 9678 9726 9692
f 9678 9692 9651
f 9651 9692 9659
f 9651 9659 9618
f 9618 9659 9623
f 9618 9623 9589
f 9589 9623 9622
f 9589 9622 9579
f 9579 9622 9619
f 9579 9619 9617
f 9617 9619 9672
f 9617 9672 9670
f 9670 9672 9715
f 9670 9715 9719
f 9719 9715 9756
f 9719 9756 9765
f 9765 9756 9795
f 9765 9795 9804
f 9722 9730 9890
f 9837 9917 9835
f 9835 9917 9911
f 9835 9911 9825
f 9825 9911 9803
f 9803 9911 9907
f 9803 9907 9799
f 9783 9903 9769
f 9769 9903 9899
f 9769 9899 9751
f 9959 9956 9890
f 9890 9956 9954
f 9681 9722 9881
f 9881 9722 9890
f 9881 9890 9921
f 9921 9890 9954
f 9921 9954 9952
f 9963 9959 9899
f 9899 9959 9890
f 9899 9890 9751
f 9751 9890 9730
f 9970 9968 9903
f 9903 9968 9966
f 9903 9966 9899
f 9899 9966 9964
f 9899 9964 9963
f 9974 9970 9907
f 9907 9970 9903
f 9907 9903 9799
f 9799 9903 9783
f 9974 9907 9978
f 9978 9907 9911
f 9978 9911 9979
f 9986 9985 9917
f 9917 9985 9983
f 9917 9983 9911
f 9911 9983 9980
f 9911 9980 9979
f 9989 9986 9918
f 9918 9986 9917
f 9918 9917 9893
f 9893 9917 9837
f 9893 9837 9839
f 10100 10113 10177
f 10719 10720 10721
f 10720 10724 10723
f 10719 10721 10708
f 10699 10702 10709
f 10699 10701 10687
f 10687 10701 10680
f 10655 10672 10680
f 10680 10672 10675
f 10680 10675 10687
f 10625 10632 10655
f 10655 10632 10654
f 10655 10654 10672
f 10588 10606 10589
f 10589 10606 10609
f 10589 10609 10625
f 10625 10609 10619
f 10625 10619 10632
f 10556 10559 10589
f 10589 10559 10584
f 10589 10584 10588
f 10458 10512 10482
f 10482 10512 10515
f 10482 10515 10556
f 10556 10515 10545
f 10556 10545 10559
f 10378 10351 10366
f 10378 10366 10482
f 10482 10366 10429
f 10482 10429 10458
f 10259 10277 10378
f 10378 10277 10303
f 10378 10303 10351
f 10113 10141 10177
f 10177 10141 10238
f 10177 10238 10259
f 10259 10238 10243
f 10259 10243 10277
f 10100 10177 10062
f 10062 10177 10097
f 10062 10097 10038
f 9989 10038 10028
f 10028 10038 10039
f 10105 10103 10097
f 10097 10103 10079
f 10097 10079 10038
f 10038 10079 10074
f 10038 10074 10039
f 10248 10221 10177
f 10177 10221 10179
f 10179 10158 10177
f 10177 10158 10157
f 10177 10157 10097
f 10097 10157 10117
f 10097 10117 10105
f 10248 10177 10270
f 10270 10177 10259
f 10270 10259 10308
f 10378 10411 10390
f 10378 10390 10259
f 10259 10390 10323
f 10259 10323 10308
f 10411 10378 10467
f 10467 10378 10482
f 10467 10482 10509
f 10556 10560 10540
f 10556 10540 10482
f 10482 10540 10518
f 10482 10518 10509
f 10589 10594 10590
f 10589 10590 10556
f 10556 10590 10569
f 10556 10569 10560
f 10594 10589 10611
f 10611 10589 10625
f 10611 10625 10614
f 10651 10644 10655
f 10655 10644 10634
f 10655 10634 10625
f 10625 10634 10620
f 10625 10620 10614
f 10651 10655 10659
f 10659 10655 10680
f 10659 10680 10667
f 10667 10680 10701
f 10667 10701 10674
f 10699 10709 10701
f 10701 10709 10678
f 10701 10678 10674
f 10692 10689 10709
f 10709 10689 10688
f 10709 10688 10678
f 10720 10723 10721
f 10721 10723 10722
f 10721 10722 10710
f 10702 10708 10709
f 10709 10708 10721
f 10709 10721 10692
f 10692 10721 10710
f 10692 10710 10697
f 565 580 558
f 558 580 559
f 356 355 363
f 967 907 886
f 988 980 898
f 898 980 967
f 971 991 898
f 898 991 998
f 1091 1105 1088
f 1088 1085 1091
f 1091 1085 1079
f 1091 1079 1081
f 1081 1079 1038
f 1081 1038 998
f 998 1038 1015
f 998 1015 898
f 898 1015 1006
f 898 1006 988
f 770 829 813
f 813 829 831
f 813 831 898
f 898 831 905
f 898 905 971
f 770 813 760
f 760 813 693
f 760 693 720
f 564 585 565
f 565 585 610
f 565 610 580
f 580 610 623
f 580 623 693
f 693 623 689
f 693 689 720
f 485 512 507
f 507 512 515
f 507 515 565
f 565 515 545
f 565 545 564
f 442 462 475
f 475 462 474
f 475 474 478
f 435 441 428
f 428 441 426
f 428 426 413
f 413 426 410
f 378 385 382
f 382 385 405
f 382 405 410
f 410 405 412
f 410 412 413
f 378 382 373
f 373 382 372
f 373 372 367
f 367 372 363
f 367 363 364
f 364 363 355
f 364 355 353
f 387 381 363
f 363 381 368
f 363 368 356
f 967 886 898
f 898 886 842
f 898 842 813
f 813 842 818
f 813 818 805
f 805 763 813
f 813 763 736
f 813 736 693
f 693 736 662
f 693 662 580
f 580 662 590
f 580 590 559
f 508 507 534
f 534 507 565
f 534 565 547
f 547 565 558
f 508 502 507
f 507 502 475
f 507 475 485
f 485 475 478
f 502 483 475
f 475 483 473
f 475 473 468
f 468 463 475
f 475 463 441
f 475 441 442
f 442 441 435
f 463 445 441
f 441 445 443
f 441 443 426
f 426 443 425
f 426 425 410
f 410 425 422
f 410 422 382
f 422 407 382
f 382 407 399
f 382 399 372
f 372 399 392
f 372 392 363
f 363 392 388
f 363 388 387
f 1233 1217 1208
f 1117 1114 1187
f 1187 1114 1111
f 1187 1111 1182
f 1182 1111 1107
f 1182 1107 1106
f 1120 1191 1125
f 1125 1191 1195
f 1135 1132 1200
f 1200 1132 1130
f 1200 1130 1195
f 1195 1130 1126
f 1195 1126 1125
f 1208 1142 1135
f 1142 1208 1144
f 1144 1208 1217
f 1144 1217 1146
f 1135 1200 1208
f 1208 1200 1366
f 1208 1366 1233
f 1233 1366 1374
f 1233 1374 1415
f 1294 1298 1191
f 1191 1298 1313
f 1191 1313 1195
f 1195 1313 1327
f 1195 1327 1200
f 1200 1327 1345
f 1200 1345 1366
f 1273 1294 1187
f 1187 1294 1191
f 1187 1191 1117
f 1117 1191 1120
f 1203 1182 1181
f 1181 1182 1106
f 1181 1106 1105
f 1273 1187 1263
f 1263 1187 1182
f 1263 1182 1261
f 1261 1182 1203
f 1261 1203 1259
f 1372 1387 1379
f 1665 1721 1625
f 1683 1723 1745
f 1322 1277 1321
f 1321 1277 1276
f 1321 1276 1319
f 1319 1276 1270
f 1319 1270 1269
f 1325 1287 1322
f 1322 1287 1278
f 1322 1278 1277
f 1330 1292 1290
f 1355 1311 1350
f 1350 1311 1307
f 1350 1307 1343
f 1343 1307 1303
f 1343 1303 1339
f 1339 1303 1301
f 1348 1364 1356
f 1356 1364 1359
f 1359 1364 1385
f 1385 1364 1400
f 1385 1400 1386
f 1427 1415 1400
f 1400 1415 1395
f 1400 1395 1386
f 1418 1448 1427
f 1454 1438 1463
f 1463 1438 1467
f 1463 1467 1485
f 1485 1467 1499
f 1485 1499 1508
f 1553 1537 1527
f 1527 1537 1533
f 1527 1533 1499
f 1499 1533 1512
f 1499 1512 1508
f 1577 1595 1575
f 1588 1601 1595
f 1601 1588 1613
f 1613 1588 1604
f 1613 1604 1618
f 1618 1604 1619
f 1618 1619 1634
f 1634 1619 1633
f 1634 1633 1644
f 1635 1629 1619
f 1619 1629 1628
f 1619 1628 1633
f 1640 1639 1645
f 1645 1639 1648
f 1662 1675 1671
f 1723 1683 1721
f 1721 1683 1608
f 1721 1608 1625
f 1554 1596 1625
f 1625 1596 1638
f 1625 1638 1665
f 1546 1566 1560
f 1528 1488 1493
f 1493 1488 1429
f 1493 1429 1435
f 1429 1375 1379
f 1379 1387 1429
f 1429 1387 1411
f 1429 1411 1435
f 1589 1647 1639
f 1639 1647 1664
f 1639 1664 1648
f 1554 1625 1544
f 1544 1625 1608
f 1544 1608 1599
f 1599 1608 1683
f 1599 1683 1662
f 1662 1683 1745
f 1662 1745 1675
f 1541 1561 1563
f 1541 1563 1543
f 1543 1563 1577
f 1543 1577 1556
f 1556 1577 1575
f 1556 1575 1567
f 1566 1596 1560
f 1560 1596 1554
f 1560 1554 1516
f 1516 1554 1544
f 1516 1544 1506
f 1507 1479 1477
f 1507 1477 1506
f 1479 1507 1490
f 1490 1507 1523
f 1490 1523 1496
f 1496 1523 1504
f 1504 1523 1536
f 1504 1536 1509
f 1423 1476 1424
f 1424 1476 1473
f 1424 1473 1430
f 1430 1473 1472
f 1430 1472 1436
f 1380 1423 1389
f 1389 1423 1424
f 1389 1424 1396
f 1396 1424 1430
f 1396 1430 1399
f 1399 1430 1436
f 1399 1436 1403
f 1486 1458 1470
f 1470 1458 1443
f 1470 1443 1460
f 1460 1443 1426
f 1460 1426 1450
f 1450 1426 1417
f 1450 1417 1444
f 1375 1325 1379
f 1379 1325 1322
f 1379 1322 1372
f 1372 1322 1321
f 1372 1321 1323
f 1323 1321 1319
f 1369 1410 1394
f 1394 1410 1438
f 1394 1438 1418
f 1418 1438 1454
f 1418 1454 1448
f 1427 1400 1418
f 1418 1400 1364
f 1418 1364 1394
f 1394 1364 1348
f 1394 1348 1369
f 1369 1348 1338
f 1369 1338 1362
f 1362 1338 1335
f 1362 1335 1355
f 1355 1335 1324
f 1355 1324 1311
f 1585 1587 1600
f 1600 1587 1606
f 1600 1606 1620
f 1636 1635 1620
f 1620 1635 1619
f 1620 1619 1600
f 1600 1619 1604
f 1600 1604 1585
f 1585 1604 1588
f 1541 1542 1561
f 1561 1542 1572
f 1561 1572 1589
f 1595 1577 1588
f 1588 1577 1563
f 1588 1563 1585
f 1585 1563 1561
f 1585 1561 1587
f 1587 1561 1589
f 1587 1589 1606
f 1606 1589 1639
f 1606 1639 1620
f 1620 1639 1640
f 1620 1640 1636
f 1567 1536 1556
f 1556 1536 1523
f 1556 1523 1543
f 1543 1523 1507
f 1543 1507 1541
f 1541 1507 1506
f 1541 1506 1542
f 1542 1506 1544
f 1542 1544 1572
f 1572 1544 1599
f 1572 1599 1589
f 1589 1599 1662
f 1589 1662 1647
f 1647 1662 1671
f 1647 1671 1664
f 1509 1486 1504
f 1504 1486 1470
f 1504 1470 1496
f 1496 1470 1460
f 1496 1460 1490
f 1490 1460 1450
f 1490 1450 1479
f 1479 1450 1444
f 1479 1444 1477
f 1546 1560 1532
f 1532 1560 1516
f 1532 1516 1528
f 1528 1516 1478
f 1528 1478 1488
f 1488 1478 1425
f 1488 1425 1429
f 1429 1425 1376
f 1429 1376 1375
f 1375 1376 1330
f 1375 1330 1325
f 1325 1330 1290
f 1325 1290 1287
f 1339 1380 1343
f 1343 1380 1389
f 1343 1389 1350
f 1350 1389 1396
f 1350 1396 1355
f 1355 1396 1399
f 1355 1399 1362
f 1362 1399 1403
f 1362 1403 1369
f 1567 1553 1536
f 1536 1553 1527
f 1536 1527 1509
f 1509 1527 1499
f 1509 1499 1486
f 1486 1499 1467
f 1486 1467 1458
f 1458 1467 1438
f 1458 1438 1443
f 1443 1438 1410
f 1443 1410 1426
f 1426 1410 1369
f 1426 1369 1417
f 1417 1369 1403
f 1417 1403 1444
f 1444 1403 1436
f 1444 1436 1477
f 1477 1436 1472
f 1477 1472 1506
f 1506 1472 1473
f 1506 1473 1516
f 1516 1473 1476
f 1516 1476 1478
f 1478 1476 1423
f 1478 1423 1425
f 1425 1423 1380
f 1425 1380 1376
f 1376 1380 1339
f 1376 1339 1330
f 1330 1339 1301
f 1330 1301 1292
f 1842 1827 1824
f 1758 1759 1767
f 1633 1628 1679
f 1679 1628 1629
f 1679 1629 1635
f 1635 1735 1711
f 1711 1688 1635
f 1635 1688 1687
f 1635 1687 1679
f 1679 1687 1681
f 1679 1681 1633
f 1633 1681 1659
f 1633 1659 1644
f 1735 1635 1739
f 1739 1635 1636
f 1739 1636 1748
f 1748 1636 1640
f 1748 1640 1645
f 1767 1759 1770
f 1770 1759 1789
f 1770 1789 1803
f 1827 1826 1824
f 1824 1826 1819
f 1824 1819 1789
f 1789 1819 1804
f 1789 1804 1803
f 1861 1878 1857
f 1664 1671 1789
f 1789 1671 1675
f 1857 1842 1861
f 1861 1842 1824
f 1861 1824 1859
f 1859 1824 1789
f 1859 1789 1836
f 1836 1789 1675
f 1836 1675 1745
f 1664 1789 1648
f 1648 1789 1759
f 1648 1759 1645
f 1645 1759 1758
f 1645 1758 1748
f 1895 1879 1867
f 1895 1867 1887
f 1887 1867 1858
f 1887 1858 1878
f 1808 1823 1817
f 1817 1823 1829
f 1817 1829 1867
f 1867 1829 1855
f 1867 1855 1858
f 1808 1817 1806
f 1806 1817 1774
f 1806 1774 1762
f 1729 1741 1774
f 1774 1741 1755
f 1774 1755 1762
f 1709 1710 1729
f 1729 1710 1715
f 1715 1716 1729
f 1729 1716 1733
f 1729 1733 1741
f 1708 1709 1718
f 1718 1709 1729
f 1718 1729 1724
f 1724 1729 1740
f 1740 1729 1754
f 1754 1729 1774
f 1754 1774 1780
f 1780 1774 1817
f 1780 1817 1832
f 1879 1869 1867
f 1867 1869 1852
f 1867 1852 1817
f 1817 1852 1838
f 1817 1838 1832
f 2780 2779 2599
f 2761 2760 2584
f 2755 2754 2576
f 2642 2578 2575
f 1873 1825 1818
f 1708 1718 1771
f 1771 1718 1818
f 1771 1818 1813
f 1813 1818 1825
f 1927 1928 1940
f 1940 1928 1975
f 2046 2049 2033
f 2153 2155 2132
f 2049 2046 2116
f 2155 2153 2177
f 2177 2153 2259
f 2177 2259 2261
f 2443 2374 2326
f 2443 2326 2259
f 2259 2326 2262
f 2259 2262 2261
f 2578 2511 2575
f 2575 2511 2503
f 2575 2503 2442
f 2442 2503 2446
f 2442 2446 2395
f 2746 2642 2749
f 2749 2642 2575
f 2749 2575 2750
f 2750 2575 2752
f 2761 2584 2774
f 2609 2787 2785
f 2802 2801 2621
f 2621 2801 2790
f 2646 2822 2811
f 2395 2374 2442
f 2442 2374 2443
f 2442 2443 2575
f 2575 2443 2576
f 2575 2576 2752
f 2752 2576 2754
f 2153 2156 2259
f 2259 2156 2263
f 2259 2263 2443
f 2443 2263 2447
f 2443 2447 2576
f 2576 2447 2584
f 2576 2584 2755
f 2755 2584 2760
f 2779 2774 2599
f 2599 2774 2584
f 2599 2584 2449
f 2449 2584 2447
f 2449 2447 2272
f 2272 2447 2263
f 2272 2263 2161
f 2161 2263 2156
f 2343 2345 2229
f 2229 2345 2189
f 2229 2189 2167
f 2589 2646 2480
f 2853 2823 2812
f 2812 2823 2822
f 2812 2822 2678
f 2678 2822 2646
f 2678 2646 2594
f 2594 2646 2589
f 2343 2364 2345
f 2345 2364 2495
f 2345 2495 2480
f 2480 2495 2505
f 2480 2505 2589
f 1891 1838 1852
f 1895 1934 1879
f 1879 1934 1907
f 1879 1907 1869
f 1998 2112 2100
f 2100 2112 2179
f 2100 2179 2166
f 2166 2179 2329
f 2166 2329 2289
f 2289 2329 2466
f 2289 2466 2453
f 2453 2466 2621
f 2453 2621 2609
f 2609 2621 2790
f 2609 2790 2787
f 1934 1944 1907
f 1907 1944 1998
f 1907 1998 1988
f 1988 1998 2100
f 1988 2100 2090
f 2090 2100 2166
f 2090 2166 2161
f 2161 2166 2289
f 2161 2289 2272
f 2272 2289 2453
f 2272 2453 2449
f 2449 2453 2609
f 2449 2609 2599
f 2599 2609 2785
f 2599 2785 2780
f 1718 1724 1818
f 1818 1724 1740
f 1818 1740 1847
f 1847 1740 1754
f 1847 1754 1780
f 2033 1985 2046
f 2046 1985 1975
f 2046 1975 2050
f 2050 1975 1928
f 2050 1928 2083
f 2083 1928 1937
f 2083 1937 1953
f 1953 1937 1868
f 1953 1868 1891
f 1891 1868 1832
f 1891 1832 1838
f 1927 1873 1928
f 1928 1873 1818
f 1928 1818 1937
f 1937 1818 1847
f 1937 1847 1868
f 1868 1847 1780
f 1868 1780 1832
f 1944 2032 1998
f 1998 2032 2082
f 1998 2082 2112
f 2112 2082 2129
f 2112 2129 2144
f 2144 2167 2112
f 2112 2167 2189
f 2112 2189 2179
f 2179 2189 2345
f 2179 2345 2329
f 2329 2345 2480
f 2329 2480 2466
f 2466 2480 2646
f 2466 2646 2621
f 2621 2646 2811
f 2621 2811 2802
f 2132 2116 2153
f 2153 2116 2046
f 2153 2046 2156
f 2156 2046 2050
f 2156 2050 2161
f 2161 2050 2083
f 2161 2083 2090
f 2090 2083 1953
f 2090 1953 1988
f 1988 1953 1891
f 1988 1891 1907
f 1907 1891 1852
f 1907 1852 1869
f 5187 5180 4969
f 3075 3071 3153
f 5015 5036 5064
f 5064 5233 5218
f 5036 5015 4924
f 4924 5015 4736
f 4924 4736 4766
f 4201 4255 4736
f 4736 4255 4676
f 4736 4676 4766
f 3394 3536 3520
f 3520 3536 3616
f 3520 3616 4201
f 4201 3616 3789
f 4201 3789 4255
f 3197 3239 3484
f 3484 3239 3386
f 3484 3386 3394
f 2853 3120 3197
f 3197 3120 3162
f 3197 3162 3239
f 3005 2937 3197
f 3197 2937 2891
f 3197 2891 2853
f 3075 3153 3099
f 3253 3229 3409
f 3409 3229 3459
f 3409 3459 3443
f 3443 3459 3464
f 3229 3199 3459
f 3459 3199 3150
f 3459 3150 3153
f 3153 3150 3139
f 3153 3139 3099
f 3464 3459 3851
f 3851 3459 4027
f 3851 4027 3957
f 4708 4667 4698
f 4698 4667 4450
f 4698 4450 4027
f 4027 4450 3967
f 4027 3967 3957
f 4708 4698 4813
f 4813 4698 4969
f 4813 4969 4954
f 4954 4969 5180
f 4954 5180 5171
f 5064 5218 5015
f 5015 5218 5216
f 5015 5216 5198
f 5187 4969 5005
f 5005 4969 4698
f 5005 4698 4717
f 4717 4698 4027
f 4717 4027 4110
f 4110 4027 3459
f 4110 3459 3484
f 3484 3459 3153
f 3484 3153 3197
f 3197 3153 3071
f 3197 3071 3005
f 3394 3520 3484
f 3484 3520 4201
f 3484 4201 4110
f 4110 4201 4736
f 4110 4736 4717
f 4717 4736 5015
f 4717 5015 5005
f 5005 5015 5198
f 5005 5198 5187
f 4502 4541 4539
f 6612 6581 6579
f 5739 5718 5722
f 5953 5874 5722
f 5722 5874 5792
f 5722 5792 5739
f 6226 6197 6233
f 6233 6197 6057
f 6233 6057 5953
f 5953 6057 5947
f 5953 5947 5874
f 6579 6581 6422
f 6581 6504 6422
f 6422 6504 6424
f 6422 6424 6233
f 6233 6424 6344
f 6233 6344 6226
f 6612 6579 6626
f 6626 6579 6625
f 6626 6625 6614
f 6614 6625 6580
f 6614 6580 6582
f 6582 6580 6502
f 6502 6580 6423
f 6502 6423 6425
f 6425 6423 6341
f 6341 6423 6234
f 6341 6234 6235
f 5954 6056 6234
f 6234 6056 6196
f 6234 6196 6235
f 5723 5845 5954
f 5954 5845 5955
f 5954 5955 6056
f 5581 5638 5723
f 5723 5638 5724
f 5723 5724 5845
f 5387 5468 5581
f 5581 5468 5586
f 5581 5586 5638
f 5153 5261 5387
f 5387 5261 5388
f 5387 5388 5468
f 4890 4917 4886
f 4886 4917 5051
f 4886 5051 5153
f 5153 5051 5155
f 5153 5155 5261
f 4539 4541 4693
f 4541 4612 4693
f 4693 4612 4695
f 4693 4695 4886
f 4886 4695 4774
f 4886 4774 4890
f 4502 4539 4493
f 4493 4539 4492
f 4493 4492 4504
f 4504 4492 4538
f 4504 4538 4540
f 4540 4538 4610
f 4610 4538 4692
f 4610 4692 4694
f 4694 4692 4771
f 4771 4692 4885
f 4771 4885 4887
f 5233 5154 5152
f 5152 5154 5050
f 5152 5050 4885
f 4885 5050 4920
f 4885 4920 4887
f 5233 5152 5326
f 5326 5152 5386
f 5326 5386 5327
f 5585 5476 5580
f 5580 5476 5446
f 5580 5446 5386
f 5386 5446 5390
f 5386 5390 5327
f 5718 5711 5722
f 5722 5711 5643
f 5722 5643 5580
f 5580 5643 5623
f 5580 5623 5585
f 7699 7628 7607
f 7943 7938 7607
f 7607 7938 7907
f 7907 7883 7607
f 7607 7883 7794
f 7607 7794 7699
f 8064 8059 7917
f 7917 8059 8037
f 7917 8037 7990
f 8064 7917 8131
f 8131 7917 7879
f 8131 7879 8137
f 8137 8111 8191
f 8191 8111 8243
f 8283 8243 8244
f 8244 8243 8111
f 8244 8111 8074
f 8074 8111 8014
f 8137 7879 8111
f 8111 7879 7941
f 8111 7941 8014
f 7526 7676 7535
f 7535 7676 7714
f 7535 7714 7879
f 7879 7714 7830
f 7879 7830 7941
f 6690 6749 6785
f 6785 6749 7308
f 6785 7308 7535
f 7535 7308 7322
f 7535 7322 7526
f 6690 6785 6486
f 6486 6785 6530
f 6486 6530 6296
f 6296 6530 6289
f 6296 6289 6242
f 6242 6289 6193
f 6193 6289 5889
f 6193 5889 5874
f 6314 5908 5903
f 6326 5927 5908
f 6326 6337 6303
f 5927 6326 5929
f 5929 6326 6303
f 5929 6303 5935
f 6337 6326 6407
f 6407 6326 6607
f 6407 6607 6635
f 6635 6607 6642
f 6642 6607 6929
f 6642 6929 6981
f 7628 7592 7607
f 7607 7592 7173
f 7607 7173 6929
f 6929 7173 7155
f 6929 7155 6981
f 5908 6314 6326
f 6326 6314 6574
f 6326 6574 6607
f 6607 6574 6867
f 6607 6867 6929
f 6929 6867 7572
f 6929 7572 7607
f 7990 7943 7917
f 7917 7943 7607
f 7917 7607 7879
f 7879 7607 7572
f 7879 7572 7535
f 7535 7572 6867
f 7535 6867 6785
f 6785 6867 6574
f 6785 6574 6530
f 6530 6574 6314
f 6530 6314 6289
f 6289 6314 5903
f 6289 5903 5889
f 8532 8629 8649
f 8968 8951 8952
f 8849 8844 8845
f 8482 8313 8311
f 8333 8331 8508
f 8508 8331 8328
f 8518 8346 8343
f 8528 8351 8348
f 8371 8367 8543
f 8543 8367 8358
f 8543 8358 8528
f 8528 8358 8353
f 8528 8353 8351
f 8371 8543 8374
f 8374 8543 8553
f 8374 8553 8376
f 8376 8553 8378
f 8378 8553 8555
f 8378 8555 8381
f 8381 8555 8380
f 8380 8555 8514
f 8380 8514 8383
f 8640 8611 8555
f 8555 8611 8552
f 8555 8552 8514
f 8747 8686 8688
f 8747 8688 8752
f 8752 8688 8687
f 8752 8687 8801
f 8849 8845 8926
f 8968 8952 8984
f 8984 8952 9055
f 8984 9055 9054
f 9123 9114 9055
f 9055 9114 9062
f 9055 9062 9054
f 9175 9176 9214
f 9214 9176 9283
f 9313 9286 9283
f 9283 9286 9282
f 9283 9282 9214
f 9368 9390 9382
f 9342 9353 9283
f 9382 9313 9368
f 9368 9313 9283
f 9368 9283 9358
f 9358 9283 9353
f 9233 9310 9316
f 9246 9264 9210
f 9210 9264 9267
f 9228 9194 9218
f 9218 9194 9192
f 9218 9192 9204
f 8952 8947 9055
f 9055 8947 9053
f 9055 9053 9123
f 9123 9053 9176
f 9123 9176 9153
f 9153 9176 9175
f 8947 8941 9053
f 9053 8941 9047
f 9053 9047 9176
f 9176 9047 9168
f 9176 9168 9283
f 9283 9168 9257
f 9283 9257 9342
f 8956 8988 8922
f 8922 8988 8913
f 8922 8913 8873
f 8873 8913 8766
f 9102 9101 9194
f 9194 9101 9163
f 9194 9163 9192
f 8956 8975 8988
f 8988 8975 8980
f 8988 8980 9102
f 9102 8980 9076
f 9102 9076 9101
f 8629 8719 8649
f 8649 8719 8781
f 8649 8781 8799
f 8799 8781 8925
f 8799 8925 8934
f 8934 8925 9000
f 8934 9000 9013
f 9013 9000 9129
f 9013 9129 9147
f 9147 9129 9210
f 9147 9210 9233
f 9233 9210 9267
f 9233 9267 9310
f 8517 8482 8451
f 8451 8482 8311
f 8451 8311 8283
f 8517 8532 8482
f 8482 8532 8649
f 8482 8649 8662
f 8662 8649 8799
f 8662 8799 8813
f 8813 8799 8934
f 8813 8934 8941
f 8941 8934 9013
f 8941 9013 9047
f 9047 9013 9147
f 9047 9147 9168
f 9168 9147 9233
f 9168 9233 9257
f 9257 9233 9316
f 9257 9316 9342
f 8844 8801 8845
f 8845 8801 8687
f 8845 8687 8840
f 8840 8687 8680
f 8840 8680 8831
f 8831 8680 8678
f 8831 8678 8674
f 8674 8678 8518
f 8674 8518 8508
f 8508 8518 8343
f 8508 8343 8333
f 8686 8640 8688
f 8688 8640 8555
f 8688 8555 8687
f 8687 8555 8553
f 8687 8553 8680
f 8680 8553 8543
f 8680 8543 8678
f 8678 8543 8528
f 8678 8528 8518
f 8518 8528 8348
f 8518 8348 8346
f 8719 8766 8781
f 8781 8766 8913
f 8781 8913 8925
f 8925 8913 8988
f 8925 8988 9000
f 9000 8988 9102
f 9000 9102 9129
f 9129 9102 9194
f 9129 9194 9210
f 9210 9194 9228
f 9210 9228 9246
f 8951 8926 8952
f 8952 8926 8845
f 8952 8845 8947
f 8947 8845 8840
f 8947 8840 8941
f 8941 8840 8831
f 8941 8831 8813
f 8813 8831 8674
f 8813 8674 8662
f 8662 8674 8508
f 8662 8508 8482
f 8482 8508 8328
f 8482 8328 8313
f 9266 9287 9281
f 9368 9358 9367
f 9391 9390 9368
f 9368 9367 9391
f 9391 9367 9374
f 9391 9374 9392
f 9327 9338 9321
f 9321 9338 9357
f 9321 9357 9367
f 9367 9357 9364
f 9367 9364 9374
f 9287 9290 9281
f 9281 9290 9311
f 9281 9311 9321
f 9321 9311 9317
f 9321 9317 9327
f 9266 9281 9247
f 9247 9281 9230
f 9247 9230 9242
f 9242 9230 9240
f 9240 9230 9212
f 9240 9212 9220
f 9204 9212 9218
f 9218 9212 9230
f 9218 9230 9228
f 9228 9230 9246
f 9321 9310 9281
f 9281 9310 9267
f 9281 9267 9230
f 9230 9267 9264
f 9230 9264 9246
f 9358 9353 9367
f 9367 9353 9342
f 9367 9342 9321
f 9321 9342 9316
f 9321 9316 9310
f 9439 9420 9421
f 9220 9265 9236
f 9236 9265 9270
f 9303 9294 9307
f 9307 9294 9293
f 9307 9293 9272
f 9352 9335 9333
f 9333 9335 9326
f 9333 9326 9307
f 9307 9326 9320
f 9307 9320 9303
f 9452 9453 9360
f 9360 9453 9457
f 9360 9421 9406
f 9406 9421 9413
f 9420 9417 9421
f 9421 9417 9416
f 9421 9416 9413
f 9457 9460 9360
f 9360 9460 9469
f 9360 9469 9421
f 9421 9469 9468
f 9421 9468 9439
f 9439 9468 9463
f 9439 9463 9451
f 9360 9352 9452
f 9452 9352 9333
f 9452 9333 9444
f 9444 9333 9307
f 9444 9307 9434
f 9418 9425 9307
f 9307 9425 9428
f 9307 9428 9434
f 9351 9418 9301
f 9301 9418 9307
f 9301 9307 9265
f 9265 9307 9272
f 9265 9272 9270
f 9577 9574 9550
f 9601 9597 9656
f 9764 9763 9812
f 9814 9813 9779
f 9780 9759 9754
f 9727 9714 9704
f 9713 9681 9679
f 9447 9465 9381
f 9381 9465 9351
f 9428 9425 9479
f 9479 9425 9418
f 9479 9418 9351
f 9428 9479 9434
f 9434 9479 9492
f 9434 9492 9473
f 9457 9453 9473
f 9453 9452 9473
f 9473 9452 9444
f 9473 9444 9434
f 9482 9463 9468
f 9469 9460 9486
f 9727 9704 9737
f 9758 9748 9746
f 9791 9786 9781
f 9807 9796 9792
f 9822 9811 9805
f 9829 9826 9812
f 9812 9826 9823
f 9814 9829 9813
f 9813 9829 9812
f 9813 9812 9779
f 9779 9812 9763
f 9779 9763 9762
f 9762 9763 9743
f 9597 9569 9594
f 9597 9601 9569
f 9569 9601 9565
f 9569 9565 9557
f 9442 9490 9527
f 9527 9490 9504
f 9527 9504 9517
f 9724 9698 9682
f 9728 9746 9734
f 9734 9746 9748
f 9734 9748 9738
f 9603 9649 9636
f 9636 9649 9682
f 9631 9655 9642
f 9642 9655 9673
f 9714 9713 9704
f 9704 9713 9679
f 9704 9679 9693
f 9693 9679 9662
f 9693 9662 9673
f 9673 9662 9644
f 9673 9644 9642
f 9594 9595 9597
f 9597 9595 9646
f 9597 9646 9656
f 9656 9646 9653
f 9656 9653 9706
f 9706 9653 9703
f 9706 9703 9725
f 9615 9614 9663
f 9663 9614 9664
f 9663 9664 9707
f 9707 9664 9712
f 9707 9712 9755
f 9755 9712 9761
f 9755 9761 9805
f 9805 9761 9808
f 9805 9808 9822
f 9606 9583 9627
f 9627 9583 9592
f 9578 9590 9620
f 9620 9590 9633
f 9620 9633 9667
f 9667 9633 9676
f 9504 9516 9517
f 9517 9516 9557
f 9517 9557 9527
f 9527 9557 9565
f 9527 9565 9537
f 9537 9565 9543
f 9577 9550 9573
f 9381 9442 9447
f 9447 9442 9527
f 9447 9527 9465
f 9465 9527 9537
f 9465 9537 9513
f 9513 9537 9543
f 9351 9465 9479
f 9479 9465 9513
f 9479 9513 9492
f 9492 9513 9497
f 9492 9497 9473
f 9583 9571 9592
f 9592 9571 9556
f 9592 9556 9564
f 9564 9556 9538
f 9564 9538 9555
f 9555 9538 9533
f 9555 9533 9536
f 9536 9533 9515
f 9536 9515 9514
f 9514 9515 9501
f 9514 9501 9498
f 9451 9463 9471
f 9471 9463 9482
f 9471 9482 9484
f 9484 9482 9498
f 9484 9498 9488
f 9488 9498 9501
f 9613 9615 9658
f 9658 9615 9663
f 9658 9663 9702
f 9702 9663 9707
f 9702 9707 9753
f 9753 9707 9755
f 9753 9755 9797
f 9797 9755 9805
f 9759 9758 9754
f 9754 9758 9746
f 9754 9746 9724
f 9724 9746 9728
f 9724 9728 9698
f 9738 9737 9734
f 9734 9737 9704
f 9734 9704 9728
f 9728 9704 9693
f 9728 9693 9698
f 9698 9693 9673
f 9698 9673 9682
f 9682 9673 9655
f 9682 9655 9636
f 9785 9780 9775
f 9775 9780 9754
f 9775 9754 9732
f 9732 9754 9724
f 9732 9724 9676
f 9676 9724 9682
f 9676 9682 9667
f 9667 9682 9649
f 9667 9649 9620
f 9620 9649 9603
f 9620 9603 9578
f 9823 9822 9812
f 9812 9822 9808
f 9812 9808 9764
f 9764 9808 9761
f 9764 9761 9711
f 9711 9761 9712
f 9711 9712 9661
f 9661 9712 9664
f 9661 9664 9608
f 9608 9664 9614
f 9608 9614 9573
f 9573 9614 9615
f 9573 9615 9577
f 9577 9615 9613
f 9577 9613 9574
f 9796 9794 9792
f 9792 9794 9790
f 9792 9790 9749
f 9749 9790 9744
f 9749 9744 9697
f 9697 9744 9694
f 9697 9694 9654
f 9654 9694 9648
f 9654 9648 9604
f 9604 9648 9600
f 9604 9600 9566
f 9631 9606 9655
f 9655 9606 9627
f 9655 9627 9636
f 9636 9627 9592
f 9636 9592 9603
f 9603 9592 9564
f 9603 9564 9578
f 9578 9564 9555
f 9578 9555 9590
f 9590 9555 9593
f 9590 9593 9633
f 9633 9593 9638
f 9633 9638 9676
f 9676 9638 9683
f 9676 9683 9732
f 9732 9683 9735
f 9732 9735 9775
f 9775 9735 9781
f 9775 9781 9785
f 9785 9781 9786
f 9743 9763 9725
f 9725 9763 9764
f 9725 9764 9706
f 9706 9764 9711
f 9706 9711 9656
f 9656 9711 9661
f 9656 9661 9601
f 9601 9661 9608
f 9601 9608 9565
f 9565 9608 9573
f 9565 9573 9543
f 9543 9573 9550
f 9543 9550 9513
f 9513 9550 9519
f 9513 9519 9497
f 9811 9810 9805
f 9805 9810 9807
f 9805 9807 9797
f 9797 9807 9792
f 9797 9792 9753
f 9753 9792 9749
f 9753 9749 9702
f 9702 9749 9697
f 9702 9697 9658
f 9658 9697 9654
f 9658 9654 9613
f 9613 9654 9604
f 9613 9604 9574
f 9574 9604 9566
f 9574 9566 9550
f 9550 9566 9548
f 9550 9548 9519
f 9519 9548 9521
f 9519 9521 9497
f 9497 9521 9505
f 9497 9505 9473
f 9473 9505 9486
f 9473 9486 9457
f 9457 9486 9460
f 9794 9791 9790
f 9790 9791 9781
f 9790 9781 9744
f 9744 9781 9735
f 9744 9735 9694
f 9694 9735 9683
f 9694 9683 9648
f 9648 9683 9638
f 9648 9638 9600
f 9600 9638 9593
f 9600 9593 9566
f 9566 9593 9555
f 9566 9555 9548
f 9548 9555 9536
f 9548 9536 9521
f 9521 9536 9514
f 9521 9514 9505
f 9505 9514 9498
f 9505 9498 9486
f 9486 9498 9482
f 9486 9482 9469
f 9469 9482 9468
f 6125 6127 6118
f 6118 6127 6105
f 6118 6105 6104
f 6104 6105 6066
f 6104 6066 6065
f 6065 6066 6033
f 6065 6033 5983
f 5983 6033 6001
f 5933 5864 5973
f 5973 5864 5983
f 5973 5983 5979
f 5979 5983 6001
f 5933 5894 5864
f 5864 5894 5863
f 5864 5863 5749
f 5749 5863 5859
f 5859 5833 5749
f 5749 5833 5791
f 5749 5791 5771
f 5771 5746 5749
f 5749 5746 5744
f 5749 5744 5634
f 5634 5744 5690
f 5634 5690 5680
f 5680 5642 5634
f 5634 5642 5633
f 5634 5633 5618
f 5618 5633 5630
f 5618 5630 5619
f 6124 6126 6125
f 6125 6126 6127
f 7202 7137 7134
f 9992 9961 9958
f 10460 10470 10463
f 6355 6342 7042
f 6152 6147 6368
f 6138 6124 6370
f 6368 6147 6370
f 6370 6147 6141
f 6370 6141 6138
f 6362 6220 6365
f 6365 6220 6218
f 6365 6218 6202
f 6202 6178 6365
f 6365 6178 6174
f 6365 6174 6368
f 6368 6174 6161
f 6368 6161 6152
f 6359 6350 6307
f 6307 6282 6359
f 6359 6282 6256
f 6359 6256 6362
f 6362 6256 6254
f 6362 6254 6220
f 6333 6332 6350
f 6350 6332 6313
f 6350 6313 6307
f 7042 6342 7064
f 6384 6355 6786
f 6786 6355 7042
f 6786 7042 7018
f 7018 7042 7482
f 6387 6606 6357
f 6357 6606 6345
f 6309 6319 6351
f 6351 6319 6334
f 6351 6334 6345
f 6309 6351 6305
f 6305 6351 6360
f 6305 6360 6251
f 6251 6360 6250
f 6250 6360 6363
f 6250 6363 6225
f 6225 6363 6201
f 6201 6363 6366
f 6201 6366 6199
f 6146 6158 6369
f 6369 6158 6165
f 6369 6165 6366
f 6366 6165 6175
f 6366 6175 6199
f 6130 6134 6371
f 6371 6134 6143
f 6371 6143 6369
f 6369 6143 6145
f 6369 6145 6146
f 7831 7732 7672
f 7672 7732 7664
f 7672 7664 7482
f 8055 7999 8079
f 8079 7999 7831
f 8577 8478 8408
f 8408 8478 8405
f 8408 8405 8294
f 8668 8661 8675
f 8675 8661 8577
f 8998 8929 8939
f 8939 8929 8848
f 9856 9529 9575
f 9575 9529 9493
f 9575 9493 8998
f 9948 9919 9927
f 9927 9919 9876
f 9927 9876 9856
f 10034 10020 10030
f 10030 10020 9948
f 10119 10107 10133
f 10133 10107 10093
f 10240 10232 10186
f 10295 10262 10242
f 10319 10269 10295
f 10295 10269 10267
f 10295 10267 10262
f 10348 10344 10354
f 10354 10344 10331
f 10354 10331 10319
f 10360 10359 10381
f 10381 10359 10348
f 10357 10358 10382
f 10382 10358 10362
f 10355 10347 10357
f 10311 10330 10355
f 10355 10330 10333
f 10355 10333 10347
f 10266 10268 10296
f 10296 10268 10293
f 10296 10293 10311
f 10137 10215 10241
f 10241 10215 10233
f 10241 10233 10253
f 10004 10019 10031
f 10031 10019 10070
f 10070 10092 10134
f 10134 10092 10120
f 10134 10120 10137
f 9920 9929 9928
f 9928 9929 10004
f 9157 9485 9576
f 9576 9485 9842
f 8755 8931 8940
f 8940 8931 9157
f 8604 8667 8676
f 8676 8667 8755
f 7874 8054 8080
f 8080 8054 8169
f 8169 8384 8409
f 8409 8384 8406
f 8409 8406 8567
f 7673 7854 7874
f 7178 7621 7673
f 7673 7621 7665
f 7673 7665 7854
f 6606 7019 7043
f 7043 7019 7178
f 10260 10338 10255
f 10255 10338 10325
f 10255 10325 10251
f 10251 10325 10295
f 10251 10295 10240
f 10240 10295 10242
f 10240 10242 10232
f 10200 10260 10193
f 10193 10260 10255
f 10193 10255 10184
f 10184 10255 10251
f 10184 10251 10164
f 10164 10251 10240
f 10164 10240 10133
f 10133 10240 10186
f 10133 10186 10119
f 10087 10200 10080
f 10080 10200 10193
f 10080 10193 10068
f 10068 10193 10184
f 10068 10184 10060
f 10060 10184 10164
f 10060 10164 10043
f 10043 10164 10133
f 10043 10133 10030
f 10030 10133 10093
f 10030 10093 10034
f 10273 10363 10352
f 7482 7042 7672
f 7672 7042 7064
f 7672 7064 7681
f 7681 7064 7094
f 7681 7094 7693
f 7693 7094 7104
f 7693 7104 7704
f 7704 7104 7118
f 7704 7118 7712
f 7712 7118 7132
f 7712 7132 7718
f 8577 8408 8675
f 8675 8408 8416
f 8675 8416 8682
f 8682 8416 8429
f 8682 8429 8713
f 8713 8429 8440
f 8713 8440 8726
f 8726 8440 8456
f 8726 8456 8738
f 8738 8456 8466
f 8738 8466 8745
f 8998 8939 9575
f 9575 8939 8963
f 9575 8963 9690
f 9690 8963 8971
f 9690 8971 9777
f 9777 8971 8981
f 9777 8981 9817
f 9817 8981 8990
f 9817 8990 9840
f 9840 8990 8993
f 9840 8993 9847
f 9856 9575 9927
f 9927 9575 9690
f 9927 9690 9932
f 9932 9690 9777
f 9932 9777 9942
f 9942 9777 9817
f 9942 9817 9946
f 9946 9817 9840
f 9946 9840 9949
f 9949 9840 9847
f 9949 9847 9957
f 10369 10363 10283
f 10283 10363 10273
f 10283 10273 10207
f 10357 10382 10355
f 10355 10382 10404
f 10355 10404 10371
f 10371 10404 10420
f 10371 10420 10394
f 10394 10420 10432
f 10394 10432 10410
f 10410 10432 10451
f 10410 10451 10418
f 10418 10451 10464
f 10418 10464 10425
f 10137 10241 10134
f 10134 10241 10252
f 10134 10252 10165
f 10165 10252 10256
f 10165 10256 10185
f 10185 10256 10261
f 10185 10261 10194
f 10194 10261 10274
f 10194 10274 10201
f 10201 10274 10284
f 10201 10284 10208
f 9157 9576 8940
f 8940 9576 9691
f 8940 9691 8964
f 8964 9691 9778
f 8964 9778 8972
f 8972 9778 9818
f 8972 9818 8982
f 8982 9818 9841
f 8982 9841 8991
f 8991 9841 9848
f 8991 9848 8994
f 8169 8409 8080
f 8080 8409 8417
f 8080 8417 8098
f 8098 8417 8430
f 8098 8430 8117
f 8117 8430 8441
f 8117 8441 8127
f 8127 8441 8457
f 8127 8457 8133
f 8133 8457 8467
f 8133 8467 8139
f 6370 7132 6368
f 6368 7132 7118
f 6368 7118 6365
f 6365 7118 7104
f 6365 7104 6362
f 6362 7104 7094
f 6362 7094 6359
f 6359 7094 7064
f 6359 7064 6350
f 6350 7064 6342
f 6350 6342 6333
f 6370 7136 7132
f 7132 7136 7201
f 7132 7201 7718
f 7718 7201 7720
f 7718 7720 7898
f 7831 7672 8079
f 8079 7672 7681
f 8079 7681 8097
f 8097 7681 7693
f 8097 7693 8116
f 8116 7693 7704
f 8116 7704 8126
f 8126 7704 7712
f 8126 7712 8132
f 8132 7712 7718
f 8132 7718 8138
f 8138 7718 7898
f 8138 7898 8144
f 8144 8466 8138
f 8138 8466 8456
f 8138 8456 8132
f 8132 8456 8440
f 8132 8440 8126
f 8126 8440 8429
f 8126 8429 8116
f 8116 8429 8416
f 8116 8416 8097
f 8097 8416 8408
f 8097 8408 8079
f 8079 8408 8294
f 8079 8294 8055
f 8144 8425 8466
f 8466 8425 8468
f 8466 8468 8745
f 8745 8468 8750
f 8745 8750 8832
f 8832 8993 8745
f 8745 8993 8990
f 8745 8990 8738
f 8738 8990 8981
f 8738 8981 8726
f 8726 8981 8971
f 8726 8971 8713
f 8713 8971 8963
f 8713 8963 8682
f 8682 8963 8939
f 8682 8939 8675
f 8675 8939 8848
f 8675 8848 8668
f 8832 8996 8993
f 8993 8996 9629
f 8993 9629 9847
f 9847 9629 9849
f 9847 9849 9957
f 9957 9849 9960
f 9957 9960 9991
f 9948 9927 10030
f 10030 9927 9932
f 10030 9932 10043
f 10043 9932 9942
f 10043 9942 10060
f 10060 9942 9946
f 10060 9946 10068
f 10068 9946 9949
f 10068 9949 10080
f 10080 9949 9957
f 10080 9957 10087
f 10087 9957 9991
f 10087 9991 10090
f 10090 10151 10087
f 10087 10151 10207
f 10087 10207 10200
f 10200 10207 10273
f 10200 10273 10260
f 10260 10273 10352
f 10260 10352 10338
f 10151 10213 10207
f 10207 10213 10281
f 10207 10281 10283
f 10283 10281 10287
f 10283 10287 10369
f 10369 10287 10373
f 10369 10373 10398
f 10319 10295 10354
f 10354 10295 10325
f 10354 10325 10370
f 10370 10325 10338
f 10370 10338 10393
f 10393 10338 10352
f 10393 10352 10409
f 10409 10352 10363
f 10409 10363 10417
f 10417 10363 10369
f 10417 10369 10424
f 10424 10369 10398
f 10424 10398 10427
f 10348 10354 10381
f 10381 10354 10370
f 10381 10370 10403
f 10403 10370 10393
f 10403 10393 10419
f 10419 10393 10409
f 10419 10409 10431
f 10431 10409 10417
f 10431 10417 10450
f 10450 10417 10424
f 10450 10424 10463
f 10463 10424 10427
f 10463 10427 10460
f 10470 10464 10463
f 10463 10464 10451
f 10463 10451 10450
f 10450 10451 10432
f 10450 10432 10431
f 10431 10432 10420
f 10431 10420 10419
f 10419 10420 10404
f 10419 10404 10403
f 10403 10404 10382
f 10403 10382 10381
f 10381 10382 10362
f 10381 10362 10360
f 10311 10355 10296
f 10296 10355 10371
f 10296 10371 10326
f 10326 10371 10394
f 10326 10394 10339
f 10339 10394 10410
f 10339 10410 10353
f 10353 10410 10418
f 10353 10418 10364
f 10364 10418 10425
f 10364 10425 10372
f 10372 10425 10399
f 10372 10399 10374
f 10470 10471 10464
f 10464 10471 10461
f 10464 10461 10425
f 10425 10461 10428
f 10425 10428 10399
f 10374 10284 10372
f 10372 10284 10274
f 10372 10274 10364
f 10364 10274 10261
f 10364 10261 10353
f 10353 10261 10256
f 10353 10256 10339
f 10339 10256 10252
f 10339 10252 10326
f 10326 10252 10241
f 10326 10241 10296
f 10296 10241 10253
f 10296 10253 10266
f 10374 10288 10284
f 10284 10288 10282
f 10284 10282 10208
f 10208 10282 10214
f 10208 10214 10152
f 10070 10134 10031
f 10031 10134 10165
f 10031 10165 10044
f 10044 10165 10185
f 10044 10185 10061
f 10061 10185 10194
f 10061 10194 10069
f 10069 10194 10201
f 10069 10201 10081
f 10081 10201 10208
f 10081 10208 10088
f 10088 10208 10152
f 10088 10152 10091
f 10004 10031 9928
f 9928 10031 10044
f 9928 10044 9933
f 9933 10044 10061
f 9933 10061 9943
f 9943 10061 10069
f 9943 10069 9947
f 9947 10069 10081
f 9947 10081 9950
f 9950 10081 10088
f 9950 10088 9958
f 9958 10088 10091
f 9958 10091 9992
f 9961 9848 9958
f 9958 9848 9841
f 9958 9841 9950
f 9950 9841 9818
f 9950 9818 9947
f 9947 9818 9778
f 9947 9778 9943
f 9943 9778 9691
f 9943 9691 9933
f 9933 9691 9576
f 9933 9576 9928
f 9928 9576 9842
f 9928 9842 9920
f 8755 8940 8676
f 8676 8940 8964
f 8676 8964 8683
f 8683 8964 8972
f 8683 8972 8714
f 8714 8972 8982
f 8714 8982 8727
f 8727 8982 8991
f 8727 8991 8739
f 8739 8991 8994
f 8739 8994 8746
f 8746 8994 8833
f 8746 8833 8751
f 9961 9850 9848
f 9848 9850 9630
f 9848 9630 8994
f 8994 9630 8997
f 8994 8997 8833
f 8751 8467 8746
f 8746 8467 8457
f 8746 8457 8739
f 8739 8457 8441
f 8739 8441 8727
f 8727 8441 8430
f 8727 8430 8714
f 8714 8430 8417
f 8714 8417 8683
f 8683 8417 8409
f 8683 8409 8676
f 8676 8409 8567
f 8676 8567 8604
f 7874 8080 7673
f 7673 8080 8098
f 7673 8098 7682
f 7682 8098 8117
f 7682 8117 7694
f 7694 8117 8127
f 7694 8127 7705
f 7705 8127 8133
f 7705 8133 7713
f 7713 8133 8139
f 7713 8139 7719
f 7719 8139 7899
f 7719 7899 7721
f 8751 8469 8467
f 8467 8469 8426
f 8467 8426 8139
f 8139 8426 8145
f 8139 8145 7899
f 7178 7673 7043
f 7043 7673 7682
f 7043 7682 7065
f 7065 7682 7694
f 7065 7694 7095
f 7095 7694 7705
f 7095 7705 7105
f 7105 7705 7713
f 7105 7713 7119
f 7119 7713 7719
f 7119 7719 7134
f 7134 7719 7721
f 7134 7721 7202
f 6606 7043 6345
f 6345 7043 7065
f 6345 7065 6351
f 6351 7065 7095
f 6351 7095 6360
f 6360 7095 7105
f 6360 7105 6363
f 6363 7105 7119
f 6363 7119 6366
f 6366 7119 7134
f 6366 7134 6369
f 6369 7134 7137
f 6369 7137 6371
f 6128 6130 6129
f 6129 6130 6131
f 5629 5635 5628
f 5628 5635 5621
f 5628 5621 5620
f 5629 5632 5635
f 5635 5632 5676
f 5635 5676 5750
f 5750 5676 5682
f 5750 5682 5743
f 5743 5747 5750
f 5750 5747 5759
f 5750 5759 5774
f 5774 5834 5750
f 5750 5834 5836
f 5750 5836 5865
f 5836 5860 5865
f 5865 5860 5895
f 5865 5895 5899
f 5899 5974 5865
f 5865 5974 5978
f 5865 5978 5984
f 5984 5978 5980
f 5984 5980 6068
f 6068 5980 6034
f 6034 6067 6068
f 6068 6067 6106
f 6068 6106 6107
f 6107 6106 6119
f 6119 6106 6129
f 6119 6129 6131
f 4986 4984 4992
f 4992 4984 5003
f 4992 5003 5004
f 5004 5003 5042
f 5004 5042 5043
f 5043 5042 5072
f 5043 5072 5119
f 5119 5072 5102
f 5172 5242 5130
f 5130 5242 5119
f 5130 5119 5124
f 5124 5119 5102
f 5172 5213 5242
f 5242 5213 5243
f 5242 5243 5358
f 5358 5243 5247
f 5247 5270 5358
f 5358 5270 5315
f 5358 5315 5335
f 5335 5361 5358
f 5358 5361 5363
f 5358 5363 5473
f 5473 5363 5417
f 5473 5417 5427
f 5427 5465 5473
f 5473 5465 5474
f 5473 5474 5489
f 5489 5474 5477
f 5489 5477 5488
f 4985 4983 4986
f 4986 4983 4984
f 3909 3976 3978
f 1101 1136 1139
f 618 608 615
f 4760 4772 4070
f 4959 4964 4746
f 4973 4985 4744
f 4746 4964 4744
f 4744 4964 4971
f 4744 4971 4973
f 4753 4895 4749
f 4749 4895 4897
f 4749 4897 4912
f 4912 4935 4749
f 4749 4935 4939
f 4749 4939 4746
f 4746 4939 4950
f 4746 4950 4959
f 4756 4764 4808
f 4808 4833 4756
f 4756 4833 4859
f 4756 4859 4753
f 4753 4859 4861
f 4753 4861 4895
f 4781 4782 4764
f 4764 4782 4802
f 4764 4802 4808
f 4070 4772 4047
f 4730 4760 4325
f 4325 4760 4070
f 4325 4070 4091
f 4091 4070 3628
f 4727 4511 4758
f 4758 4511 4769
f 4806 4798 4763
f 4763 4798 4780
f 4763 4780 4769
f 4806 4763 4810
f 4810 4763 4755
f 4810 4755 4864
f 4864 4755 4865
f 4865 4755 4752
f 4865 4752 4891
f 4891 4752 4913
f 4913 4752 4748
f 4913 4748 4916
f 4965 4953 4745
f 4745 4953 4946
f 4745 4946 4748
f 4748 4946 4938
f 4748 4938 4916
f 4979 4976 4743
f 4743 4976 4968
f 4743 4968 4745
f 4745 4968 4966
f 4745 4966 4965
f 3377 3445 3437
f 3437 3445 3628
f 3080 3136 3056
f 3056 3136 3377
f 2549 2648 2718
f 2718 2648 2723
f 2718 2723 2841
f 2323 2458 2451
f 2451 2458 2465
f 2451 2465 2549
f 2101 2171 2160
f 2160 2171 2255
f 1149 1178 1170
f 1170 1178 1221
f 1221 1564 1520
f 1520 1564 1602
f 1520 1602 2101
f 1058 1072 1062
f 1062 1072 1149
f 951 973 960
f 960 973 985
f 960 985 999
f 836 844 899
f 781 814 834
f 757 765 781
f 765 807 781
f 781 807 809
f 781 809 814
f 728 732 722
f 722 732 745
f 722 745 757
f 716 717 695
f 695 717 728
f 719 718 694
f 694 718 714
f 721 729 719
f 783 746 721
f 721 746 743
f 721 743 729
f 783 780 808
f 808 780 810
f 945 861 835
f 835 861 843
f 835 843 823
f 959 956 945
f 1089 1074 1061
f 1061 1074 1023
f 1023 1000 959
f 959 1000 972
f 959 972 956
f 1241 1177 1169
f 1169 1177 1168
f 1169 1168 1089
f 1941 1610 1519
f 1519 1610 1255
f 2302 2169 2159
f 2159 2169 2168
f 2159 2168 1941
f 2522 2459 2450
f 2450 2459 2371
f 2450 2371 2302
f 3261 3081 3055
f 3055 3081 2966
f 2966 2744 2717
f 2717 2744 2722
f 2717 2722 2559
f 3930 3490 3436
f 3436 3490 3444
f 3436 3444 3261
f 4511 4090 4069
f 4069 4090 3930
f 816 738 821
f 821 738 751
f 821 751 825
f 825 751 781
f 825 781 836
f 836 781 834
f 836 834 844
f 885 816 892
f 892 816 821
f 892 821 901
f 901 821 825
f 901 825 921
f 921 825 836
f 921 836 960
f 960 836 899
f 960 899 951
f 1004 885 1013
f 1013 885 892
f 1013 892 1025
f 1025 892 901
f 1025 901 1033
f 1033 901 921
f 1033 921 1049
f 1049 921 960
f 1049 960 1062
f 1062 960 999
f 1062 999 1058
f 803 713 724
f 3628 4070 3437
f 3437 4070 4047
f 3437 4047 3428
f 3428 4047 4019
f 3428 4019 3416
f 3416 4019 4010
f 3416 4010 3405
f 3405 4010 3994
f 3405 3994 3398
f 3398 3994 3979
f 3398 3979 3391
f 2549 2718 2451
f 2451 2718 2710
f 2451 2710 2445
f 2445 2710 2697
f 2445 2697 2413
f 2413 2697 2686
f 2413 2686 2400
f 2400 2686 2671
f 2400 2671 2388
f 2388 2671 2660
f 2388 2660 2381
f 2101 2160 1520
f 1520 2160 2136
f 1520 2136 1405
f 1405 2136 2128
f 1405 2128 1318
f 1318 2128 2118
f 1318 2118 1280
f 1280 2118 2110
f 1280 2110 1257
f 1257 2110 2106
f 1257 2106 1250
f 1221 1520 1170
f 1170 1520 1405
f 1170 1405 1165
f 1165 1405 1318
f 1165 1318 1155
f 1155 1318 1280
f 1155 1280 1151
f 1151 1280 1257
f 1151 1257 1148
f 1148 1257 1250
f 1148 1250 1140
f 707 713 793
f 793 713 803
f 793 803 869
f 719 694 721
f 721 694 672
f 721 672 705
f 705 672 656
f 705 656 682
f 682 656 644
f 682 644 666
f 666 644 627
f 666 627 658
f 658 627 614
f 658 614 651
f 945 835 959
f 959 835 824
f 959 824 920
f 920 824 820
f 920 820 900
f 900 820 815
f 900 815 891
f 891 815 802
f 891 802 884
f 884 802 792
f 884 792 868
f 1941 1519 2159
f 2159 1519 1404
f 2159 1404 2135
f 2135 1404 1317
f 2135 1317 2127
f 2127 1317 1279
f 2127 1279 2117
f 2117 1279 1256
f 2117 1256 2109
f 2109 1256 1249
f 2109 1249 2105
f 2966 2717 3055
f 3055 2717 2709
f 3055 2709 3037
f 3037 2709 2696
f 3037 2696 3018
f 3018 2696 2685
f 3018 2685 3008
f 3008 2685 2670
f 3008 2670 3002
f 3002 2670 2659
f 3002 2659 2996
f 4744 3979 4746
f 4746 3979 3994
f 4746 3994 4749
f 4749 3994 4010
f 4749 4010 4753
f 4753 4010 4019
f 4753 4019 4756
f 4756 4019 4047
f 4756 4047 4764
f 4764 4047 4772
f 4764 4772 4781
f 4744 3977 3979
f 3979 3977 3910
f 3979 3910 3391
f 3391 3910 3389
f 3391 3389 3237
f 3377 3437 3056
f 3056 3437 3428
f 3056 3428 3038
f 3038 3428 3416
f 3038 3416 3019
f 3019 3416 3405
f 3019 3405 3009
f 3009 3405 3398
f 3009 3398 3003
f 3003 3398 3391
f 3003 3391 2997
f 2997 3391 3237
f 2997 3237 2991
f 2991 2660 2997
f 2997 2660 2671
f 2997 2671 3003
f 3003 2671 2686
f 3003 2686 3009
f 3009 2686 2697
f 3009 2697 3019
f 3019 2697 2710
f 3019 2710 3038
f 3038 2710 2718
f 3038 2718 3056
f 3056 2718 2841
f 3056 2841 3080
f 2991 2701 2660
f 2660 2701 2658
f 2660 2658 2381
f 2381 2658 2376
f 2381 2376 2270
f 2270 2106 2381
f 2381 2106 2110
f 2381 2110 2388
f 2388 2110 2118
f 2388 2118 2400
f 2400 2118 2128
f 2400 2128 2413
f 2413 2128 2136
f 2413 2136 2445
f 2445 2136 2160
f 2445 2160 2451
f 2451 2160 2255
f 2451 2255 2323
f 2270 2103 2106
f 2106 2103 1466
f 2106 1466 1250
f 1250 1466 1248
f 1250 1248 1140
f 1140 1248 1137
f 1140 1137 1102
f 1149 1170 1062
f 1062 1170 1165
f 1062 1165 1049
f 1049 1165 1155
f 1049 1155 1033
f 1033 1155 1151
f 1033 1151 1025
f 1025 1151 1148
f 1025 1148 1013
f 1013 1148 1140
f 1013 1140 1004
f 1004 1140 1102
f 1004 1102 1002
f 1002 934 1004
f 1004 934 869
f 1004 869 885
f 885 869 803
f 885 803 816
f 816 803 724
f 816 724 738
f 934 863 869
f 869 863 795
f 869 795 793
f 793 795 789
f 793 789 707
f 707 789 703
f 707 703 678
f 757 781 722
f 722 781 751
f 722 751 706
f 706 751 738
f 706 738 683
f 683 738 724
f 683 724 667
f 667 724 713
f 667 713 659
f 659 713 707
f 659 707 652
f 652 707 678
f 652 678 649
f 728 722 695
f 695 722 706
f 695 706 673
f 673 706 683
f 673 683 657
f 657 683 667
f 657 667 645
f 645 667 659
f 645 659 628
f 628 659 652
f 628 652 615
f 615 652 649
f 615 649 618
f 608 614 615
f 615 614 627
f 615 627 628
f 628 627 644
f 628 644 645
f 645 644 656
f 645 656 657
f 657 656 672
f 657 672 673
f 673 672 694
f 673 694 695
f 695 694 714
f 695 714 716
f 783 721 780
f 780 721 705
f 780 705 750
f 750 705 682
f 750 682 737
f 737 682 666
f 737 666 723
f 723 666 658
f 723 658 712
f 712 658 651
f 712 651 704
f 704 651 677
f 704 677 702
f 608 607 614
f 614 607 617
f 614 617 651
f 651 617 648
f 651 648 677
f 702 792 704
f 704 792 802
f 704 802 712
f 712 802 815
f 712 815 723
f 723 815 820
f 723 820 737
f 737 820 824
f 737 824 750
f 750 824 835
f 750 835 780
f 780 835 823
f 780 823 810
f 702 788 792
f 792 788 794
f 792 794 868
f 868 794 862
f 868 862 933
f 1023 959 1061
f 1061 959 920
f 1061 920 1048
f 1048 920 900
f 1048 900 1032
f 1032 900 891
f 1032 891 1024
f 1024 891 884
f 1024 884 1012
f 1012 884 868
f 1012 868 1003
f 1003 868 933
f 1003 933 1001
f 1089 1061 1169
f 1169 1061 1048
f 1169 1048 1164
f 1164 1048 1032
f 1164 1032 1154
f 1154 1032 1024
f 1154 1024 1150
f 1150 1024 1012
f 1150 1012 1147
f 1147 1012 1003
f 1147 1003 1139
f 1139 1003 1001
f 1139 1001 1101
f 1136 1249 1139
f 1139 1249 1256
f 1139 1256 1147
f 1147 1256 1279
f 1147 1279 1150
f 1150 1279 1317
f 1150 1317 1154
f 1154 1317 1404
f 1154 1404 1164
f 1164 1404 1519
f 1164 1519 1169
f 1169 1519 1255
f 1169 1255 1241
f 2302 2159 2450
f 2450 2159 2135
f 2450 2135 2444
f 2444 2135 2127
f 2444 2127 2412
f 2412 2127 2117
f 2412 2117 2399
f 2399 2117 2109
f 2399 2109 2387
f 2387 2109 2105
f 2387 2105 2380
f 2380 2105 2269
f 2380 2269 2375
f 1136 1247 1249
f 1249 1247 1465
f 1249 1465 2105
f 2105 1465 2102
f 2105 2102 2269
f 2375 2659 2380
f 2380 2659 2670
f 2380 2670 2387
f 2387 2670 2685
f 2387 2685 2399
f 2399 2685 2696
f 2399 2696 2412
f 2412 2696 2709
f 2412 2709 2444
f 2444 2709 2717
f 2444 2717 2450
f 2450 2717 2559
f 2450 2559 2522
f 3261 3055 3436
f 3436 3055 3037
f 3436 3037 3427
f 3427 3037 3018
f 3427 3018 3415
f 3415 3018 3008
f 3415 3008 3404
f 3404 3008 3002
f 3404 3002 3397
f 3397 3002 2996
f 3397 2996 3390
f 3390 2996 3236
f 3390 3236 3388
f 2375 2657 2659
f 2659 2657 2700
f 2659 2700 2996
f 2996 2700 2990
f 2996 2990 3236
f 3930 3436 4069
f 4069 3436 3427
f 4069 3427 4046
f 4046 3427 3415
f 4046 3415 4018
f 4018 3415 3404
f 4018 3404 4009
f 4009 3404 3397
f 4009 3397 3993
f 3993 3397 3390
f 3993 3390 3978
f 3978 3390 3388
f 3978 3388 3909
f 4511 4069 4769
f 4769 4069 4046
f 4769 4046 4763
f 4763 4046 4018
f 4763 4018 4755
f 4755 4018 4009
f 4755 4009 4752
f 4752 4009 3993
f 4752 3993 4748
f 4748 3993 3978
f 4748 3978 4745
f 4745 3978 3976
f 4745 3976 4743
f 4981 4979 4982
f 4982 4979 4980
f 5486 5487 5479
f 5486 5479 5472
f 5479 5478 5472
f 5472 5478 5475
f 5472 5475 5431
f 5431 5425 5472
f 5472 5425 5364
f 5472 5364 5357
f 5364 5360 5357
f 5357 5360 5347
f 5357 5347 5332
f 5332 5269 5357
f 5357 5269 5266
f 5357 5266 5241
f 5266 5246 5241
f 5241 5246 5212
f 5241 5212 5208
f 5208 5129 5241
f 5241 5129 5125
f 5241 5125 5118
f 5118 5125 5122
f 5118 5122 5040
f 5040 5122 5071
f 5071 5041 5040
f 5040 5041 5002
f 5040 5002 5001
f 5001 5002 4991
f 4991 5002 4982
f 4991 4982 4980
f 8873 8766 8806
f 5154 5233 5064
f 5949 5873 6041
f 9833 9829 9166
f 9166 9829 8954
f 8954 9829 9814
f 8954 9814 9779
f 9779 9762 8954
f 8954 9762 9743
f 8954 9743 9725
f 9725 9703 8954
f 8954 9703 9653
f 8954 9653 9646
f 9646 9595 8954
f 8954 9595 9594
f 8954 9594 9569
f 9569 9557 8954
f 8954 9557 9516
f 8954 9516 9504
f 9504 9490 8954
f 8954 9490 9442
f 8954 9442 9381
f 9381 9351 8954
f 8954 9351 9301
f 8954 9301 9265
f 9212 9204 9192
f 9192 9163 9212
f 9212 9163 8954
f 9212 8954 9220
f 9220 8954 9265
f 9163 9101 8954
f 8954 9101 9076
f 8954 9076 8980
f 10062 10038 9892
f 9892 10038 9989
f 9989 9918 9892
f 9892 9918 9893
f 9892 9893 9166
f 9166 9893 9839
f 9166 9839 9833
f 10099 10238 10141
f 9892 9913 10062
f 10062 9913 10054
f 10062 10054 10100
f 10100 10054 10099
f 10100 10099 10113
f 10113 10099 10141
f 10512 10458 10302
f 10302 10458 10429
f 10302 10429 10366
f 10366 10351 10302
f 10302 10351 10303
f 10302 10303 10223
f 10223 10303 10277
f 10223 10277 10099
f 10099 10277 10243
f 10099 10243 10238
f 10302 10350 10512
f 10512 10350 10504
f 10512 10504 10515
f 10515 10504 10511
f 10515 10511 10545
f 10545 10511 10559
f 10619 10609 10602
f 10602 10609 10606
f 10602 10606 10582
f 10582 10606 10588
f 10582 10588 10511
f 10511 10588 10584
f 10511 10584 10559
f 10720 10718 10725
f 10720 10719 10718
f 10718 10719 10708
f 10718 10708 10682
f 10682 10708 10702
f 10682 10702 10670
f 10670 10702 10699
f 10670 10699 10687
f 10687 10675 10670
f 10670 10675 10672
f 10670 10672 10629
f 10629 10672 10654
f 10629 10654 10602
f 10602 10654 10632
f 10602 10632 10619
f 10693 10700 10669
f 10669 10700 10705
f 10669 10705 10681
f 10681 10705 10711
f 10681 10711 10717
f 10717 10711 10714
f 10717 10714 10725
f 10725 10714 10724
f 10725 10724 10720
f 10636 10643 10601
f 10643 10650 10601
f 10601 10650 10665
f 10601 10665 10628
f 10628 10665 10666
f 10628 10666 10669
f 10669 10666 10673
f 10669 10673 10693
f 10514 10533 10510
f 10510 10533 10563
f 10510 10563 10566
f 10566 10593 10510
f 10510 10593 10600
f 10510 10600 10581
f 10581 10600 10604
f 10581 10604 10601
f 10601 10604 10616
f 10601 10616 10636
f 10356 10301 10316
f 10316 10301 10306
f 10356 10387 10301
f 10301 10387 10455
f 10301 10455 10349
f 10349 10455 10503
f 10503 10455 10468
f 10503 10468 10510
f 10510 10468 10493
f 10510 10493 10514
f 10121 10180 10098
f 10098 10180 10245
f 10098 10245 10222
f 10222 10245 10301
f 10301 10245 10247
f 10301 10247 10306
f 9988 10002 9916
f 9916 10002 9891
f 10053 10094 10098
f 10098 10094 10101
f 10098 10101 10121
f 10002 10012 9891
f 9891 10012 10094
f 9891 10094 9912
f 9912 10094 10053
f 9154 9164 9066
f 9066 9164 9203
f 9203 9211 9066
f 9066 9211 9219
f 9066 9219 8953
f 9219 9234 8953
f 8953 9234 9237
f 8953 9237 9260
f 9260 9263 8953
f 8953 9263 9350
f 8953 9350 9371
f 9371 9373 8953
f 8953 9373 9431
f 8953 9431 9456
f 9456 9499 8953
f 8953 9499 9530
f 8953 9530 9549
f 9549 9563 8953
f 8953 9563 9567
f 8953 9567 9602
f 9602 9660 8953
f 8953 9660 9684
f 8953 9684 9708
f 9708 9723 8953
f 8953 9723 9772
f 8953 9772 9776
f 9776 9828 8953
f 8953 9828 9832
f 8953 9832 9165
f 9165 9832 9838
f 9165 9838 9891
f 9891 9838 9894
f 9891 9894 9916
f 8538 8621 8530
f 8530 8621 8632
f 8530 8632 8762
f 8762 8783 8530
f 8530 8783 8872
f 8530 8872 8805
f 8872 8932 8805
f 8805 8932 8955
f 8805 8955 8953
f 8953 8955 8970
f 8953 8970 9066
f 9066 8970 9017
f 8509 8448 8530
f 8530 8448 8533
f 8530 8533 8538
f 8282 8322 8012
f 8012 8322 8448
f 8012 8448 8167
f 8167 8448 8509
f 7494 7575 7316
f 7723 7896 7708
f 7708 7896 7973
f 7708 7973 8012
f 8012 7973 8015
f 8012 8015 8282
f 7316 7575 7708
f 7708 7575 7711
f 7708 7711 7723
f 6503 6576 7316
f 6230 6340 7316
f 7316 6340 6419
f 7316 6419 6503
f 6191 6195 6294
f 6294 6195 6230
f 6294 6230 7016
f 7016 6230 7316
f 6576 6613 7316
f 7316 6613 7321
f 7316 7321 7494
f 6613 6623 7321
f 7321 6623 6611
f 7321 6611 6575
f 6575 6505 7321
f 7321 6505 6418
f 7321 6418 6849
f 6849 6418 6343
f 6849 6343 6438
f 6438 6343 6229
f 6438 6229 6348
f 6348 6229 6190
f 6190 6229 6194
f 6190 6194 6070
f 5949 6041 6070
f 6070 6041 6072
f 6070 6072 6190
f 5523 5639 5708
f 5708 5639 6191
f 6191 5639 5719
f 6191 5719 5844
f 5844 5950 6191
f 6191 5950 6071
f 6191 6071 6195
f 5260 4922 5149
f 5149 4922 5037
f 5260 5383 4922
f 4922 5383 5469
f 4922 5469 5398
f 5398 5469 5523
f 5398 5523 5525
f 5525 5523 5708
f 4611 4534 3788
f 3788 4534 4503
f 3788 4503 4490
f 4921 4918 4873
f 4873 4918 4881
f 4873 4881 4819
f 4770 4423 4881
f 4881 4423 4629
f 4881 4629 4819
f 4611 3788 4688
f 4688 3788 3802
f 4688 3802 4770
f 4770 3802 4362
f 4770 4362 4423
f 4501 4535 3793
f 3793 4535 4092
f 4092 4535 4820
f 4820 4535 4613
f 4820 4613 4922
f 4922 4613 4689
f 4922 4689 4773
f 4773 4882 4922
f 4922 4882 4919
f 4922 4919 5037
f 5232 5157 4921
f 4921 5157 5038
f 4921 5038 4918
f 4490 4501 3788
f 3788 4501 3793
f 3788 3793 3584
f 3584 3793 3433
f 3433 3793 3400
f 3433 3400 3396
f 3061 3121 3122
f 3122 3121 3194
f 3122 3194 3400
f 3400 3194 3279
f 3400 3279 3396
f 2668 2852 2890
f 2597 2595 2617
f 2617 2595 2610
f 2617 2610 2967
f 2967 2610 2668
f 2967 2668 3122
f 3122 2668 2890
f 3122 2890 3061
f 2296 2146 2143
f 2360 2407 2597
f 2597 2407 2491
f 2597 2491 2595
f 2143 2178 2296
f 2296 2178 2228
f 2296 2228 2597
f 2597 2228 2353
f 2597 2353 2360
f 1316 2146 1283
f 1283 2146 1932
f 1283 1932 1268
f 1268 1932 1264
f 1316 1333 2146
f 2146 1333 1352
f 2146 1352 1370
f 1370 1392 2146
f 2146 1392 1442
f 2146 1442 1449
f 1449 1500 2146
f 2146 1500 1502
f 2146 1502 1526
f 1526 1538 2146
f 2146 1538 1579
f 2146 1579 1591
f 1591 1605 2146
f 2146 1605 1651
f 2146 1651 1713
f 1713 1744 2146
f 2146 1744 1782
f 2146 1782 1793
f 1793 1834 2146
f 2146 1834 1877
f 2146 1877 1886
f 1894 1906 1886
f 1886 1906 1935
f 1886 1935 2146
f 2146 1935 1997
f 2146 1997 2020
f 2020 2119 2146
f 2146 2119 2124
f 2146 2124 2143
f 1031 1054 1205
f 1205 1054 1104
f 1104 1179 1205
f 1205 1179 1204
f 1205 1204 1932
f 1932 1204 1258
f 1932 1258 1264
f 993 838 944
f 1205 1184 1031
f 1031 1184 1039
f 1031 1039 992
f 992 1039 993
f 992 993 979
f 979 993 944
f 566 620 774
f 774 620 647
f 774 647 710
f 710 725 774
f 774 725 773
f 774 773 853
f 853 773 799
f 853 799 993
f 993 799 833
f 993 833 838
f 476 490 496
f 496 490 494
f 496 494 567
f 567 494 519
f 774 726 566
f 566 726 574
f 566 574 563
f 563 574 567
f 563 567 533
f 533 567 519
f 459 469 476
f 476 469 472
f 476 472 490
f 379 391 408
f 354 358 360
f 360 358 359
f 360 359 396
f 396 359 370
f 396 370 408
f 408 370 376
f 408 376 379
f 391 403 408
f 408 403 406
f 408 406 449
f 449 406 424
f 449 424 476
f 476 424 446
f 476 446 459
f 385 378 409
f 409 378 373
f 409 373 397
f 397 373 367
f 397 367 361
f 361 367 364
f 361 364 354
f 354 364 353
f 354 353 358
f 442 435 477
f 435 428 477
f 477 428 413
f 477 413 450
f 450 413 412
f 450 412 409
f 409 412 405
f 409 405 385
f 564 545 568
f 568 545 515
f 568 515 512
f 512 485 568
f 568 485 478
f 568 478 497
f 497 478 474
f 497 474 477
f 477 474 462
f 477 462 442
f 720 689 775
f 775 689 623
f 775 623 727
f 727 623 575
f 575 623 610
f 575 610 568
f 568 610 585
f 568 585 564
f 905 831 994
f 905 994 971
f 829 770 775
f 775 770 760
f 775 760 720
f 829 775 831
f 831 775 854
f 831 854 994
f 1105 1091 1181
f 1181 1091 1206
f 1040 998 994
f 994 998 991
f 994 991 971
f 1091 1081 1206
f 1206 1081 998
f 1206 998 1185
f 1185 998 1040
f 1944 1934 2032
f 2032 1934 1895
f 1895 1887 2032
f 2032 1887 1878
f 2032 1878 2147
f 2147 1878 1861
f 2147 1861 1859
f 1859 1836 2147
f 2147 1836 1745
f 2147 1745 1723
f 1723 1721 2147
f 2147 1721 1665
f 2147 1665 1638
f 1638 1596 2147
f 2147 1596 1566
f 2147 1566 1546
f 1546 1532 2147
f 2147 1532 1528
f 2147 1528 1493
f 1493 1435 2147
f 2147 1435 1411
f 2147 1411 1387
f 1387 1372 2147
f 2147 1372 1323
f 2147 1323 1319
f 1319 1269 2147
f 2147 1269 1265
f 2147 1265 1933
f 1933 1265 1259
f 1933 1259 1206
f 1206 1259 1203
f 1206 1203 1181
f 2589 2505 2598
f 2598 2505 2495
f 2598 2495 2364
f 2364 2343 2598
f 2598 2343 2229
f 2598 2229 2297
f 2229 2167 2297
f 2297 2167 2144
f 2297 2144 2147
f 2147 2144 2129
f 2147 2129 2032
f 2032 2129 2082
f 2618 2678 2598
f 2598 2678 2594
f 2598 2594 2589
f 2853 2812 3123
f 3123 2812 2678
f 3123 2678 2968
f 2968 2678 2618
f 3536 3394 3794
f 3536 3794 3616
f 3394 3386 3794
f 3794 3386 3239
f 3794 3239 3401
f 3401 3239 3162
f 3401 3162 3123
f 3123 3162 3120
f 3123 3120 2853
f 4612 4541 3794
f 4541 4502 3794
f 3794 4502 3789
f 3794 3789 3616
f 4502 4493 3789
f 3789 4493 4504
f 3789 4504 4540
f 4540 4610 3789
f 3789 4610 4694
f 3789 4694 4255
f 4255 4694 4771
f 4255 4771 4676
f 4676 4771 4887
f 4676 4887 4766
f 4766 4887 4924
f 4924 4887 4920
f 4924 4920 5050
f 5154 5064 5050
f 5050 5064 5036
f 5050 5036 4924
f 5468 4923 5399
f 5468 5399 5586
f 5468 5388 4923
f 4923 5388 5261
f 4923 5261 5155
f 5155 5051 4923
f 4923 5051 4917
f 4923 4917 4821
f 4821 4917 4890
f 4821 4890 4093
f 4093 4890 4774
f 4093 4774 3794
f 3794 4774 4695
f 3794 4695 4612
f 5845 6192 5955
f 5955 6192 6056
f 5845 5724 6192
f 6192 5724 5638
f 6192 5638 5709
f 5709 5638 5586
f 5709 5586 5584
f 5584 5586 5399
f 6226 6344 6486
f 6193 6197 6242
f 6242 6197 6226
f 6242 6226 6296
f 6296 6226 6486
f 6612 6626 7322
f 6424 6504 7322
f 7322 6504 6581
f 7322 6581 6612
f 7322 7308 6424
f 6424 7308 6749
f 6424 6749 6344
f 6344 6749 6690
f 6344 6690 6486
f 6614 6582 7317
f 7317 6582 6502
f 7317 6502 6425
f 6295 6235 6192
f 6192 6235 6196
f 6192 6196 6056
f 6425 6341 7317
f 7317 6341 6235
f 7317 6235 7017
f 7017 6235 6295
f 5874 5947 6193
f 6193 5947 6057
f 6193 6057 6197
f 6626 6614 7322
f 7322 6614 7317
f 7322 7317 7526
f 7526 7317 7676
f 8013 7941 7709
f 7709 7941 7830
f 7709 7830 7317
f 7317 7830 7714
f 7317 7714 7676
f 8244 8013 8168
f 8244 8074 8013
f 8013 8074 8014
f 8013 8014 7941
f 8283 8244 8451
f 8451 8244 8168
f 8451 8168 8517
f 8517 8168 8510
f 8517 8510 8532
f 8532 8510 8531
f 8532 8531 8629
f 8806 8766 8531
f 8531 8766 8719
f 8531 8719 8629
f 8980 8975 8954
f 8954 8975 8956
f 8954 8956 8806
f 8806 8956 8922
f 8806 8922 8873
f 4744 4985 4986
f 4992 3910 4986
f 4986 3910 3977
f 4986 3977 4744
f 4979 4743 4980
f 4980 4743 3976
f 4980 3976 3909
f 5118 5040 4993
f 5118 4993 5241
f 5618 5530 5587
f 5587 5530 5486
f 5587 5486 5221
f 5221 5486 5472
f 5221 5472 4993
f 4993 5472 5357
f 4993 5357 5241
f 6116 6118 6104
f 6104 6065 6116
f 6116 6065 5983
f 6116 5983 5864
f 5864 5749 6116
f 6116 5749 5634
f 6116 5634 5923
f 5923 5634 5618
f 5923 5618 5610
f 5610 5618 5587
f 6370 6124 6125
f 6116 6515 6118
f 6118 6515 7201
f 6118 7201 6125
f 6125 7201 7136
f 6125 7136 6370
f 6130 6371 6131
f 6131 6371 7137
f 6131 7137 7202
f 5984 6068 6117
f 5984 6117 5865
f 5489 5579 5522
f 5522 5579 5621
f 5522 5621 5885
f 5885 5621 5635
f 5885 5635 6117
f 6117 5635 5750
f 6117 5750 5865
f 5004 4994 4992
f 4992 4994 4600
f 4992 4600 3910
f 5004 5043 4994
f 4994 5043 5119
f 4994 5119 5242
f 5242 5358 4994
f 4994 5358 5473
f 4994 5473 5183
f 5183 5473 5489
f 5183 5489 5497
f 5497 5489 5522
f 6068 6107 6117
f 6117 6107 6119
f 6117 6119 6474
f 6474 6119 6131
f 6474 6131 7203
f 7203 6131 7202
f 7203 7202 7280
f 7280 7202 7721
f 7280 7721 7765
f 9992 9972 9961
f 9961 9972 9855
f 7765 7721 7900
f 7900 7721 7899
f 7900 7899 8224
f 8224 7899 8145
f 8224 8145 8424
f 8424 8145 8426
f 8424 8426 8512
f 8512 8426 8469
f 8512 8469 8775
f 8775 8469 8751
f 8775 8751 8834
f 8834 8751 8833
f 8834 8833 9051
f 9051 8833 8997
f 9051 8997 9626
f 9626 8997 9630
f 9626 9630 9855
f 9855 9630 9850
f 9855 9850 9961
f 6515 7200 7201
f 7201 7200 7331
f 7201 7331 7720
f 7720 7331 7791
f 7720 7791 7898
f 7898 7791 7901
f 7898 7901 8144
f 8144 7901 8235
f 8144 8235 8425
f 8425 8235 8423
f 8425 8423 8468
f 8468 8423 8519
f 8468 8519 8750
f 8750 8519 8787
f 8750 8787 8832
f 8832 8787 8835
f 8832 8835 8996
f 8996 8835 9070
f 8996 9070 9629
f 9629 9070 9624
f 9629 9624 9849
f 9849 9624 9858
f 9849 9858 9960
f 9960 9858 9990
f 9960 9990 9991
f 9991 9990 9995
f 9991 9995 10090
f 10090 9995 10102
f 10090 10102 10151
f 10151 10102 10154
f 10151 10154 10213
f 10213 10154 10230
f 10213 10230 10281
f 10281 10230 10278
f 10281 10278 10287
f 10287 10278 10300
f 10287 10300 10373
f 10373 10300 10385
f 10373 10385 10398
f 10398 10385 10401
f 10398 10401 10427
f 10427 10401 10433
f 10427 10433 10460
f 10460 10433 10459
f 10460 10459 10470
f 10470 10459 10472
f 10470 10472 10471
f 10471 10472 10469
f 10471 10469 10461
f 10461 10469 10462
f 10461 10462 10428
f 10428 10462 10426
f 10428 10426 10399
f 10399 10426 10400
f 10399 10400 10374
f 10374 10400 10377
f 10374 10377 10288
f 10288 10377 10294
f 10288 10294 10282
f 10282 10294 10280
f 10282 10280 10214
f 10214 10280 10224
f 10214 10224 10152
f 10152 10224 10153
f 10152 10153 10091
f 10091 10153 10095
f 10091 10095 9992
f 9992 10095 9993
f 9992 9993 9972
f 5040 5001 4993
f 4993 5001 4991
f 4993 4991 4640
f 4640 4991 4980
f 4640 4980 3908
f 3908 4980 3909
f 3908 3909 3830
f 3830 3909 3388
f 3830 3388 3344
f 1101 1124 1136
f 1136 1124 1242
f 3344 3388 3235
f 3235 3388 3236
f 3235 3236 2911
f 2911 3236 2990
f 2911 2990 2702
f 2702 2990 2700
f 2702 2700 2615
f 2615 2700 2657
f 2615 2657 2350
f 2350 2657 2375
f 2350 2375 2268
f 2268 2375 2269
f 2268 2269 2047
f 2047 2269 2102
f 2047 2102 1469
f 1469 2102 1465
f 1469 1465 1242
f 1242 1465 1247
f 1242 1247 1136
f 4600 3911 3910
f 3910 3911 3777
f 3910 3777 3389
f 3389 3777 3318
f 3389 3318 3237
f 3237 3318 3234
f 3237 3234 2991
f 2991 3234 2900
f 2991 2900 2701
f 2701 2900 2703
f 2701 2703 2658
f 2658 2703 2608
f 2658 2608 2376
f 2376 2608 2338
f 2376 2338 2270
f 2270 2338 2267
f 2270 2267 2103
f 2103 2267 2028
f 2103 2028 1466
f 1466 2028 1471
f 1466 1471 1248
f 1248 1471 1239
f 1248 1239 1137
f 1137 1239 1103
f 1137 1103 1102
f 1102 1103 1098
f 1102 1098 1002
f 1002 1098 990
f 1002 990 934
f 934 990 931
f 934 931 863
f 863 931 846
f 863 846 795
f 795 846 798
f 795 798 789
f 789 798 776
f 789 776 703
f 703 776 691
f 703 691 678
f 678 691 675
f 678 675 649
f 649 675 643
f 649 643 618
f 618 643 619
f 618 619 608
f 608 619 606
f 608 606 607
f 607 606 609
f 607 609 617
f 617 609 616
f 617 616 648
f 648 616 650
f 648 650 677
f 677 650 676
f 677 676 702
f 702 676 699
f 702 699 788
f 788 699 782
f 788 782 794
f 794 782 796
f 794 796 862
f 862 796 852
f 862 852 933
f 933 852 932
f 933 932 1001
f 1001 932 997
f 1001 997 1101
f 1101 997 1100
f 1101 1100 1124
f 401 365 360
f 730 576 574
f 2973 2619 2617
f 7012 6290 6294
f 10049 9908 9912
f 360 365 354
f 432 431 416
f 10660 10662 10647
f 10683 10685 10662
f 10694 10698 10685
f 10703 10707 10698
f 10712 10716 10707
f 10676 10681 10712
f 10712 10681 10717
f 10712 10717 10716
f 10716 10717 10725
f 10579 10601 10626
f 10626 10601 10628
f 10626 10628 10676
f 10676 10628 10669
f 10676 10669 10681
f 10501 10510 10579
f 10579 10510 10581
f 10579 10581 10601
f 10217 10301 10345
f 10345 10301 10349
f 10345 10349 10501
f 10501 10349 10503
f 10501 10503 10510
f 9912 10053 10049
f 10049 10053 10098
f 10049 10098 10217
f 10217 10098 10222
f 10217 10222 10301
f 8802 8953 9160
f 9160 8953 9165
f 9160 9165 9908
f 9908 9165 9891
f 9908 9891 9912
f 8506 8530 8802
f 8802 8530 8805
f 8802 8805 8953
f 7706 8012 8161
f 8161 8012 8167
f 8161 8167 8506
f 8506 8167 8509
f 8506 8509 8530
f 6294 7016 7012
f 7012 7016 7316
f 7012 7316 7706
f 7706 7316 7708
f 7706 7708 8012
f 5400 5525 5706
f 5706 5525 5708
f 5706 5708 6290
f 6290 5708 6191
f 6290 6191 6294
f 4824 4922 5400
f 5400 4922 5398
f 5400 5398 5525
f 3402 3793 4097
f 4097 3793 4092
f 4097 4092 4824
f 4824 4092 4820
f 4824 4820 4922
f 2617 2967 2973
f 2973 2967 3122
f 2973 3122 3402
f 3402 3122 3400
f 3402 3400 3793
f 1938 2146 2299
f 2299 2146 2296
f 2299 2296 2619
f 2619 2296 2597
f 2619 2597 2617
f 1188 1205 1938
f 1938 1205 1932
f 1938 1932 2146
f 858 993 1042
f 1042 993 1039
f 1042 1039 1188
f 1188 1039 1184
f 1188 1184 1205
f 574 726 730
f 730 726 774
f 730 774 858
f 858 774 853
f 858 853 993
f 451 476 498
f 498 476 496
f 498 496 576
f 576 496 567
f 576 567 574
f 360 396 401
f 401 396 408
f 401 408 451
f 451 408 449
f 451 449 476
f 10707 10703 10712
f 10712 10703 10663
f 10712 10663 10676
f 10676 10663 10623
f 10676 10623 10626
f 10626 10623 10577
f 10626 10577 10579
f 10579 10577 10486
f 10579 10486 10501
f 10501 10486 10341
f 10501 10341 10345
f 10345 10341 10211
f 10345 10211 10217
f 10217 10211 10046
f 10217 10046 10049
f 10049 10046 9904
f 10049 9904 9908
f 9908 9904 9151
f 9908 9151 9160
f 9160 9151 8796
f 9160 8796 8802
f 8802 8796 8503
f 8802 8503 8506
f 8506 8503 8155
f 8506 8155 8161
f 8161 8155 7701
f 8161 7701 7706
f 7706 7701 7001
f 7706 7001 7012
f 7012 7001 6287
f 7012 6287 6290
f 6290 6287 5704
f 6290 5704 5706
f 5706 5704 5402
f 5706 5402 5400
f 5400 5402 4827
f 5400 4827 4824
f 4824 4827 4107
f 4824 4107 4097
f 4097 4107 3407
f 4097 3407 3402
f 3402 3407 2979
f 3402 2979 2973
f 2973 2979 2622
f 2973 2622 2619
f 2619 2622 2330
f 2619 2330 2299
f 2299 2330 1946
f 2299 1946 1938
f 1938 1946 1192
f 1938 1192 1188
f 1188 1192 1045
f 1188 1045 1042
f 1042 1045 864
f 1042 864 858
f 858 864 734
f 858 734 730
f 730 734 591
f 730 591 576
f 576 591 500
f 576 500 498
f 498 500 454
f 498 454 451
f 451 454 414
f 451 414 401
f 401 414 374
f 401 374 365
f 365 374 362
f 365 362 354
f 10698 10694 10703
f 10703 10694 10657
f 10703 10657 10663
f 10663 10657 10617
f 10663 10617 10623
f 10623 10617 10574
f 10623 10574 10577
f 10577 10574 10477
f 10577 10477 10486
f 10486 10477 10334
f 10486 10334 10341
f 10341 10334 10204
f 10341 10204 10211
f 10211 10204 10040
f 10211 10040 10046
f 10046 10040 9900
f 10046 9900 9904
f 9904 9900 9139
f 9904 9139 9151
f 9151 9139 8789
f 9151 8789 8796
f 8796 8789 8501
f 8796 8501 8503
f 8503 8501 8153
f 8503 8153 8155
f 8155 8153 7695
f 8155 7695 7701
f 7701 7695 6995
f 7701 6995 7001
f 7001 6995 6285
f 7001 6285 6287
f 6287 6285 5700
f 6287 5700 5704
f 5704 5700 5406
f 5704 5406 5402
f 5402 5406 4829
f 5402 4829 4827
f 4827 4829 4115
f 4827 4115 4107
f 4107 4115 3413
f 4107 3413 3407
f 3407 3413 2981
f 3407 2981 2979
f 2979 2981 2624
f 2979 2624 2622
f 2622 2624 2335
f 2622 2335 2330
f 2330 2335 1958
f 2330 1958 1946
f 1946 1958 1196
f 1946 1196 1192
f 1192 1196 1051
f 1192 1051 1045
f 1045 1051 880
f 1045 880 864
f 864 880 741
f 864 741 734
f 734 741 600
f 734 600 591
f 591 600 503
f 591 503 500
f 500 503 460
f 500 460 454
f 454 460 420
f 454 420 414
f 414 420 383
f 414 383 374
f 374 383 371
f 374 371 362
f 10685 10683 10694
f 10694 10683 10648
f 10694 10648 10657
f 10657 10648 10612
f 10657 10612 10617
f 10617 10612 10567
f 10617 10567 10574
f 10574 10567 10465
f 10574 10465 10477
f 10477 10465 10328
f 10477 10328 10334
f 10334 10328 10197
f 10334 10197 10204
f 10204 10197 10036
f 10204 10036 10040
f 10040 10036 9895
f 10040 9895 9900
f 9900 9895 9112
f 9900 9112 9139
f 9139 9112 8784
f 9139 8784 8789
f 8789 8784 8493
f 8789 8493 8501
f 8501 8493 8146
f 8501 8146 8153
f 8153 8146 7687
f 8153 7687 7695
f 7695 7687 6985
f 7695 6985 6995
f 6995 6985 6278
f 6995 6278 6285
f 6285 6278 5698
f 6285 5698 5700
f 5700 5698 5408
f 5700 5408 5406
f 5406 5408 4836
f 5406 4836 4829
f 4829 4836 4123
f 4829 4123 4115
f 4115 4123 3421
f 4115 3421 3413
f 3413 3421 2988
f 3413 2988 2981
f 2981 2988 2632
f 2981 2632 2624
f 2624 2632 2341
f 2624 2341 2335
f 2335 2341 1986
f 2335 1986 1958
f 1958 1986 1201
f 1958 1201 1196
f 1196 1201 1055
f 1196 1055 1051
f 1051 1055 887
f 1051 887 880
f 880 887 747
f 880 747 741
f 741 747 612
f 741 612 600
f 600 612 510
f 600 510 503
f 503 510 465
f 503 465 460
f 460 465 429
f 460 429 420
f 420 429 394
f 420 394 383
f 383 394 380
f 383 380 371
f 10662 10660 10683
f 10683 10660 10640
f 10683 10640 10648
f 10648 10640 10607
f 10648 10607 10612
f 10612 10607 10561
f 10612 10561 10567
f 10567 10561 10447
f 10567 10447 10465
f 10465 10447 10321
f 10465 10321 10328
f 10328 10321 10191
f 10328 10191 10197
f 10197 10191 10032
f 10197 10032 10036
f 10036 10032 9886
f 10036 9886 9895
f 9895 9886 9103
f 9895 9103 9112
f 9112 9103 8778
f 9112 8778 8784
f 8784 8778 8483
f 8784 8483 8493
f 8493 8483 8134
f 8493 8134 8146
f 8146 8134 7683
f 8146 7683 7687
f 7687 7683 6971
f 7687 6971 6985
f 6985 6971 6268
f 6985 6268 6278
f 6278 6268 5696
f 6278 5696 5698
f 5698 5696 5410
f 5698 5410 5408
f 5408 5410 4845
f 5408 4845 4836
f 4836 4845 4140
f 4836 4140 4123
f 4123 4140 3425
f 4123 3425 3421
f 3421 3425 3000
f 3421 3000 2988
f 2988 3000 2643
f 2988 2643 2632
f 2632 2643 2346
f 2632 2346 2341
f 2341 2346 1995
f 2341 1995 1986
f 1986 1995 1210
f 1986 1210 1201
f 1201 1210 1059
f 1201 1059 1055
f 1055 1059 893
f 1055 893 887
f 887 893 754
f 887 754 747
f 747 754 630
f 747 630 612
f 612 630 516
f 612 516 510
f 510 516 470
f 510 470 465
f 465 470 437
f 465 437 429
f 429 437 417
f 429 417 394
f 394 417 393
f 394 393 380
f 10647 10645 10660
f 10660 10645 10630
f 10660 10630 10640
f 10640 10630 10596
f 10640 10596 10607
f 10607 10596 10557
f 10607 10557 10561
f 10561 10557 10434
f 10561 10434 10447
f 10447 10434 10304
f 10447 10304 10321
f 10321 10304 10182
f 10321 10182 10191
f 10191 10182 10024
f 10191 10024 10032
f 10032 10024 9878
f 10032 9878 9886
f 9886 9878 9090
f 9886 9090 9103
f 9103 9090 8773
f 9103 8773 8778
f 8778 8773 8473
f 8778 8473 8483
f 8483 8473 8128
f 8483 8128 8134
f 8134 8128 7677
f 8134 7677 7683
f 7683 7677 6959
f 7683 6959 6971
f 6971 6959 6264
f 6971 6264 6268
f 6268 6264 5694
f 6268 5694 5696
f 5696 5694 5412
f 5696 5412 5410
f 5410 5412 4850
f 5410 4850 4845
f 4845 4850 4151
f 4845 4151 4140
f 4140 4151 3431
f 4140 3431 3425
f 3425 3431 3006
f 3425 3006 3000
f 3000 3006 2652
f 3000 2652 2643
f 2643 2652 2351
f 2643 2351 2346
f 2346 2351 2007
f 2346 2007 1995
f 1995 2007 1218
f 1995 1218 1210
f 1210 1218 1068
f 1210 1068 1059
f 1059 1068 902
f 1059 902 893
f 893 902 771
f 893 771 754
f 754 771 641
f 754 641 630
f 630 641 520
f 630 520 516
f 516 520 481
f 516 481 470
f 470 481 447
f 470 447 437
f 437 447 432
f 437 432 417
f 417 432 416
f 417 416 393
f 436 431 439
f 439 431 432
f 439 432 456
f 456 432 447
f 456 447 486
f 486 447 481
f 486 481 527
f 527 481 520
f 527 520 654
f 654 520 641
f 654 641 784
f 784 641 771
f 784 771 910
f 910 771 902
f 910 902 1075
f 1075 902 1068
f 1075 1068 1224
f 1224 1068 1218
f 1224 1218 2030
f 2030 1218 2007
f 2030 2007 2361
f 2361 2007 2351
f 2361 2351 2654
f 2654 2351 2652
f 2654 2652 3010
f 3010 2652 3006
f 3010 3006 3434
f 3434 3006 3431
f 3434 3431 4163
f 4163 3431 4151
f 4163 4151 4856
f 4856 4151 4850
f 4856 4850 5414
f 5414 4850 5412
f 5414 5412 5692
f 5692 5412 5694
f 5692 5694 6258
f 6258 5694 6264
f 6258 6264 6946
f 6946 6264 6959
f 6946 6959 7674
f 7674 6959 7677
f 7674 7677 8124
f 8124 7677 8128
f 8124 8128 8471
f 8471 8128 8473
f 8471 8473 8764
f 8764 8473 8773
f 8764 8773 9067
f 9067 8773 9090
f 9067 9090 9872
f 9872 9090 9878
f 9872 9878 10017
f 10017 9878 10024
f 10017 10024 10174
f 10174 10024 10182
f 10174 10182 10291
f 10291 10182 10304
f 10291 10304 10421
f 10421 10304 10434
f 10421 10434 10550
f 10550 10434 10557
f 10550 10557 10591
f 10591 10557 10596
f 10591 10596 10621
f 10621 10596 10630
f 10621 10630 10638
f 10638 10630 10645
f 10638 10645 10642
f 10642 10645 10647
f 10677 10713 10718
f 10346 10502 10504
f 8162 8507 8510
f 4098 4825 4821
f 1043 1189 1185
f 10718 10713 10725
f 10646 10647 10662
f 418 416 431
f 395 393 416
f 384 380 393
f 375 371 380
f 366 362 371
f 402 397 366
f 366 397 361
f 366 361 362
f 362 361 354
f 499 477 452
f 452 477 450
f 452 450 402
f 402 450 409
f 402 409 397
f 577 568 499
f 499 568 497
f 499 497 477
f 859 775 731
f 731 775 727
f 731 727 577
f 577 727 575
f 577 575 568
f 1185 1040 1043
f 1043 1040 994
f 1043 994 859
f 859 994 854
f 859 854 775
f 2300 2147 1939
f 1939 2147 1933
f 1939 1933 1189
f 1189 1933 1206
f 1189 1206 1185
f 2620 2598 2300
f 2300 2598 2297
f 2300 2297 2147
f 3403 3123 2974
f 2974 3123 2968
f 2974 2968 2620
f 2620 2968 2618
f 2620 2618 2598
f 4821 4093 4098
f 4098 4093 3794
f 4098 3794 3403
f 3403 3794 3401
f 3403 3401 3123
f 5707 5584 5401
f 5401 5584 5399
f 5401 5399 4825
f 4825 5399 4923
f 4825 4923 4821
f 6291 6192 5707
f 5707 6192 5709
f 5707 5709 5584
f 7707 7317 7013
f 7013 7317 7017
f 7013 7017 6291
f 6291 7017 6295
f 6291 6295 6192
f 8510 8168 8162
f 8162 8168 8013
f 8162 8013 7707
f 7707 8013 7709
f 7707 7709 7317
f 9161 8954 8803
f 8803 8954 8806
f 8803 8806 8507
f 8507 8806 8531
f 8507 8531 8510
f 9909 9892 9161
f 9161 9892 9166
f 9161 9166 8954
f 10218 10099 10050
f 10050 10099 10054
f 10050 10054 9909
f 9909 10054 9913
f 9909 9913 9892
f 10504 10350 10346
f 10346 10350 10302
f 10346 10302 10218
f 10218 10302 10223
f 10218 10223 10099
f 10627 10602 10580
f 10580 10602 10582
f 10580 10582 10502
f 10502 10582 10511
f 10502 10511 10504
f 10718 10682 10677
f 10677 10682 10670
f 10677 10670 10627
f 10627 10670 10629
f 10627 10629 10602
f 371 375 366
f 366 375 415
f 366 415 402
f 402 415 455
f 402 455 452
f 452 455 501
f 452 501 499
f 499 501 592
f 499 592 577
f 577 592 735
f 577 735 731
f 731 735 865
f 731 865 859
f 859 865 1046
f 859 1046 1043
f 1043 1046 1193
f 1043 1193 1189
f 1189 1193 1947
f 1189 1947 1939
f 1939 1947 2331
f 1939 2331 2300
f 2300 2331 2623
f 2300 2623 2620
f 2620 2623 2980
f 2620 2980 2974
f 2974 2980 3408
f 2974 3408 3403
f 3403 3408 4108
f 3403 4108 4098
f 4098 4108 4828
f 4098 4828 4825
f 4825 4828 5403
f 4825 5403 5401
f 5401 5403 5705
f 5401 5705 5707
f 5707 5705 6288
f 5707 6288 6291
f 6291 6288 7002
f 6291 7002 7013
f 7013 7002 7702
f 7013 7702 7707
f 7707 7702 8156
f 7707 8156 8162
f 8162 8156 8504
f 8162 8504 8507
f 8507 8504 8797
f 8507 8797 8803
f 8803 8797 9152
f 8803 9152 9161
f 9161 9152 9905
f 9161 9905 9909
f 9909 9905 10047
f 9909 10047 10050
f 10050 10047 10212
f 10050 10212 10218
f 10218 10212 10342
f 10218 10342 10346
f 10346 10342 10487
f 10346 10487 10502
f 10502 10487 10578
f 10502 10578 10580
f 10580 10578 10624
f 10580 10624 10627
f 10627 10624 10664
f 10627 10664 10677
f 10677 10664 10704
f 10677 10704 10713
f 10713 10704 10716
f 10713 10716 10725
f 380 384 375
f 375 384 421
f 375 421 415
f 415 421 461
f 415 461 455
f 455 461 504
f 455 504 501
f 501 504 601
f 501 601 592
f 592 601 742
f 592 742 735
f 735 742 881
f 735 881 865
f 865 881 1052
f 865 1052 1046
f 1046 1052 1197
f 1046 1197 1193
f 1193 1197 1959
f 1193 1959 1947
f 1947 1959 2336
f 1947 2336 2331
f 2331 2336 2625
f 2331 2625 2623
f 2623 2625 2982
f 2623 2982 2980
f 2980 2982 3414
f 2980 3414 3408
f 3408 3414 4116
f 3408 4116 4108
f 4108 4116 4830
f 4108 4830 4828
f 4828 4830 5407
f 4828 5407 5403
f 5403 5407 5701
f 5403 5701 5705
f 5705 5701 6286
f 5705 6286 6288
f 6288 6286 6996
f 6288 6996 7002
f 7002 6996 7696
f 7002 7696 7702
f 7702 7696 8154
f 7702 8154 8156
f 8156 8154 8502
f 8156 8502 8504
f 8504 8502 8790
f 8504 8790 8797
f 8797 8790 9140
f 8797 9140 9152
f 9152 9140 9901
f 9152 9901 9905
f 9905 9901 10041
f 9905 10041 10047
f 10047 10041 10205
f 10047 10205 10212
f 10212 10205 10335
f 10212 10335 10342
f 10342 10335 10478
f 10342 10478 10487
f 10487 10478 10575
f 10487 10575 10578
f 10578 10575 10618
f 10578 10618 10624
f 10624 10618 10658
f 10624 10658 10664
f 10664 10658 10695
f 10664 10695 10704
f 10704 10695 10707
f 10704 10707 10716
f 393 395 384
f 384 395 430
f 384 430 421
f 421 430 466
f 421 466 461
f 461 466 511
f 461 511 504
f 504 511 613
f 504 613 601
f 601 613 748
f 601 748 742
f 742 748 888
f 742 888 881
f 881 888 1056
f 881 1056 1052
f 1052 1056 1202
f 1052 1202 1197
f 1197 1202 1987
f 1197 1987 1959
f 1959 1987 2342
f 1959 2342 2336
f 2336 2342 2633
f 2336 2633 2625
f 2625 2633 2989
f 2625 2989 2982
f 2982 2989 3422
f 2982 3422 3414
f 3414 3422 4124
f 3414 4124 4116
f 4116 4124 4837
f 4116 4837 4830
f 4830 4837 5409
f 4830 5409 5407
f 5407 5409 5699
f 5407 5699 5701
f 5701 5699 6279
f 5701 6279 6286
f 6286 6279 6986
f 6286 6986 6996
f 6996 6986 7688
f 6996 7688 7696
f 7696 7688 8147
f 7696 8147 8154
f 8154 8147 8494
f 8154 8494 8502
f 8502 8494 8785
f 8502 8785 8790
f 8790 8785 9113
f 8790 9113 9140
f 9140 9113 9896
f 9140 9896 9901
f 9901 9896 10037
f 9901 10037 10041
f 10041 10037 10198
f 10041 10198 10205
f 10205 10198 10329
f 10205 10329 10335
f 10335 10329 10466
f 10335 10466 10478
f 10478 10466 10568
f 10478 10568 10575
f 10575 10568 10613
f 10575 10613 10618
f 10618 10613 10649
f 10618 10649 10658
f 10658 10649 10684
f 10658 10684 10695
f 10695 10684 10698
f 10695 10698 10707
f 416 418 395
f 395 418 438
f 395 438 430
f 430 438 471
f 430 471 466
f 466 471 517
f 466 517 511
f 511 517 631
f 511 631 613
f 613 631 755
f 613 755 748
f 748 755 894
f 748 894 888
f 888 894 1060
f 888 1060 1056
f 1056 1060 1211
f 1056 1211 1202
f 1202 1211 1996
f 1202 1996 1987
f 1987 1996 2347
f 1987 2347 2342
f 2342 2347 2644
f 2342 2644 2633
f 2633 2644 3001
f 2633 3001 2989
f 2989 3001 3426
f 2989 3426 3422
f 3422 3426 4141
f 3422 4141 4124
f 4124 4141 4846
f 4124 4846 4837
f 4837 4846 5411
f 4837 5411 5409
f 5409 5411 5697
f 5409 5697 5699
f 5699 5697 6269
f 5699 6269 6279
f 6279 6269 6972
f 6279 6972 6986
f 6986 6972 7684
f 6986 7684 7688
f 7688 7684 8135
f 7688 8135 8147
f 8147 8135 8484
f 8147 8484 8494
f 8494 8484 8779
f 8494 8779 8785
f 8785 8779 9104
f 8785 9104 9113
f 9113 9104 9887
f 9113 9887 9896
f 9896 9887 10033
f 9896 10033 10037
f 10037 10033 10192
f 10037 10192 10198
f 10198 10192 10322
f 10198 10322 10329
f 10329 10322 10448
f 10329 10448 10466
f 10466 10448 10562
f 10466 10562 10568
f 10568 10562 10608
f 10568 10608 10613
f 10613 10608 10641
f 10613 10641 10649
f 10649 10641 10661
f 10649 10661 10684
f 10684 10661 10685
f 10684 10685 10698
f 431 433 418
f 418 433 448
f 418 448 438
f 438 448 482
f 438 482 471
f 471 482 521
f 471 521 517
f 517 521 642
f 517 642 631
f 631 642 772
f 631 772 755
f 755 772 903
f 755 903 894
f 894 903 1069
f 894 1069 1060
f 1060 1069 1219
f 1060 1219 1211
f 1211 1219 2008
f 1211 2008 1996
f 1996 2008 2352
f 1996 2352 2347
f 2347 2352 2653
f 2347 2653 2644
f 2644 2653 3007
f 2644 3007 3001
f 3001 3007 3432
f 3001 3432 3426
f 3426 3432 4152
f 3426 4152 4141
f 4141 4152 4851
f 4141 4851 4846
f 4846 4851 5413
f 4846 5413 5411
f 5411 5413 5695
f 5411 5695 5697
f 5697 5695 6265
f 5697 6265 6269
f 6269 6265 6960
f 6269 6960 6972
f 6972 6960 7678
f 6972 7678 7684
f 7684 7678 8129
f 7684 8129 8135
f 8135 8129 8474
f 8135 8474 8484
f 8484 8474 8774
f 8484 8774 8779
f 8779 8774 9091
f 8779 9091 9104
f 9104 9091 9879
f 9104 9879 9887
f 9887 9879 10025
f 9887 10025 10033
f 10033 10025 10183
f 10033 10183 10192
f 10192 10183 10305
f 10192 10305 10322
f 10322 10305 10435
f 10322 10435 10448
f 10448 10435 10558
f 10448 10558 10562
f 10562 10558 10597
f 10562 10597 10608
f 10608 10597 10631
f 10608 10631 10641
f 10641 10631 10646
f 10641 10646 10661
f 10661 10646 10662
f 10661 10662 10685
f 10642 10647 10639
f 10639 10647 10646
f 10639 10646 10622
f 10622 10646 10631
f 10622 10631 10592
f 10592 10631 10597
f 10592 10597 10551
f 10551 10597 10558
f 10551 10558 10422
f 10422 10558 10435
f 10422 10435 10292
f 10292 10435 10305
f 10292 10305 10175
f 10175 10305 10183
f 10175 10183 10018
f 10018 10183 10025
f 10018 10025 9873
f 9873 10025 9879
f 9873 9879 9068
f 9068 9879 9091
f 9068 9091 8765
f 8765 9091 8774
f 8765 8774 8472
f 8472 8774 8474
f 8472 8474 8125
f 8125 8474 8129
f 8125 8129 7675
f 7675 8129 7678
f 7675 7678 6947
f 6947 7678 6960
f 6947 6960 6259
f 6259 6960 6265
f 6259 6265 5693
f 5693 6265 5695
f 5693 5695 5415
f 5415 5695 5413
f 5415 5413 4857
f 4857 5413 4851
f 4857 4851 4164
f 4164 4851 4152
f 4164 4152 3435
f 3435 4152 3432
f 3435 3432 3011
f 3011 3432 3007
f 3011 3007 2655
f 2655 3007 2653
f 2655 2653 2362
f 2362 2653 2352
f 2362 2352 2031
f 2031 2352 2008
f 2031 2008 1225
f 1225 2008 1219
f 1225 1219 1076
f 1076 1219 1069
f 1076 1069 911
f 911 1069 903
f 911 903 785
f 785 903 772
f 785 772 655
f 655 772 642
f 655 642 528
f 528 642 521
f 528 521 487
f 487 521 482
f 487 482 457
f 457 482 448
f 457 448 440
f 440 448 433
f 440 433 436
f 436 433 431
f 3341 3825 3830
f 2348 2614 2615
f 1119 1240 1242
f 602 603 609
f 769 690 691
f 1232 1097 1103
f 2603 2334 2338
f 3769 3312 3318
f 7768 7284 7280
f 8777 8513 8512
f 9976 9857 9855
f 10476 10475 10469
f 10307 10386 10385
f 9865 9996 9990
f 8524 8791 8787
f 7339 7797 7791
f 6516 6116 5924
f 5924 6116 5923
f 5924 5923 5611
f 7791 7331 7339
f 7339 7331 7200
f 7339 7200 6516
f 6516 7200 6515
f 6516 6515 6116
f 8787 8519 8524
f 8524 8519 8423
f 8524 8423 8237
f 8237 8423 8235
f 8237 8235 7797
f 7797 8235 7901
f 7797 7901 7791
f 9990 9858 9865
f 9865 9858 9624
f 9865 9624 9081
f 9081 9624 9070
f 9081 9070 8791
f 8791 9070 8835
f 8791 8835 8787
f 10235 10154 10106
f 10106 10154 10102
f 10106 10102 9996
f 9996 10102 9995
f 9996 9995 9990
f 10385 10300 10307
f 10307 10300 10278
f 10307 10278 10235
f 10235 10278 10230
f 10235 10230 10154
f 10469 10472 10476
f 10476 10472 10459
f 10476 10459 10441
f 10441 10459 10433
f 10441 10433 10386
f 10386 10433 10401
f 10386 10401 10385
f 10384 10400 10436
f 10436 10400 10426
f 10436 10426 10475
f 10475 10426 10462
f 10475 10462 10469
f 10227 10280 10297
f 10297 10280 10294
f 10297 10294 10384
f 10384 10294 10377
f 10384 10377 10400
f 10096 10153 10227
f 10227 10153 10224
f 10227 10224 10280
f 9855 9972 9976
f 9976 9972 9993
f 9976 9993 10096
f 10096 9993 10095
f 10096 10095 10153
f 8512 8775 8777
f 8777 8775 8834
f 8777 8834 9056
f 9056 8834 9051
f 9056 9051 9857
f 9857 9051 9626
f 9857 9626 9855
f 7280 7765 7768
f 7768 7765 7900
f 7768 7900 8225
f 8225 7900 8224
f 8225 8224 8513
f 8513 8224 8424
f 8513 8424 8512
f 5886 6117 6475
f 6475 6117 6474
f 6475 6474 7284
f 7284 6474 7203
f 7284 7203 7280
f 5496 5522 5886
f 5886 5522 5885
f 5886 5885 6117
f 4599 4994 5182
f 5182 4994 5183
f 5182 5183 5496
f 5496 5183 5497
f 5496 5497 5522
f 3318 3777 3769
f 3769 3777 3911
f 3769 3911 4599
f 4599 3911 4600
f 4599 4600 4994
f 2338 2608 2603
f 2603 2608 2703
f 2603 2703 2898
f 2898 2703 2900
f 2898 2900 3312
f 3312 2900 3234
f 3312 3234 3318
f 1103 1239 1232
f 1232 1239 1471
f 1232 1471 2017
f 2017 1471 2028
f 2017 2028 2334
f 2334 2028 2267
f 2334 2267 2338
f 841 931 986
f 986 931 990
f 986 990 1097
f 1097 990 1098
f 1097 1098 1103
f 691 776 769
f 769 776 798
f 769 798 841
f 841 798 846
f 841 846 931
f 609 606 602
f 602 606 619
f 602 619 637
f 637 619 643
f 637 643 690
f 690 643 675
f 690 675 691
f 692 676 640
f 640 676 650
f 640 650 603
f 603 650 616
f 603 616 609
f 849 796 779
f 779 796 782
f 779 782 692
f 692 782 699
f 692 699 676
f 996 932 849
f 849 932 852
f 849 852 796
f 1242 1124 1119
f 1119 1124 1100
f 1119 1100 996
f 996 1100 997
f 996 997 932
f 2615 2350 2348
f 2348 2350 2268
f 2348 2268 2043
f 2043 2268 2047
f 2043 2047 1240
f 1240 2047 1469
f 1240 1469 1242
f 3830 3344 3341
f 3341 3344 3235
f 3341 3235 2910
f 2910 3235 2911
f 2910 2911 2614
f 2614 2911 2702
f 2614 2702 2615
f 5220 4993 4639
f 4639 4993 4640
f 4639 4640 3825
f 3825 4640 3908
f 3825 3908 3830
f 5923 5610 5611
f 5611 5610 5587
f 5611 5587 5220
f 5220 5587 5221
f 5220 5221 4993
f 5220 5612 5611
f 5611 5612 5928
f 5611 5928 5924
f 5924 5928 6522
f 5924 6522 6516
f 6516 6522 7349
f 6516 7349 7339
f 7339 7349 7800
f 7339 7800 7797
f 7797 7800 8241
f 7797 8241 8237
f 8237 8241 8526
f 8237 8526 8524
f 8524 8526 8804
f 8524 8804 8791
f 8791 8804 9098
f 8791 9098 9081
f 9081 9098 9866
f 9081 9866 9865
f 9865 9866 10000
f 9865 10000 9996
f 9996 10000 10110
f 9996 10110 10106
f 10106 10110 10239
f 10106 10239 10235
f 10235 10239 10324
f 10235 10324 10307
f 10307 10324 10397
f 10307 10397 10386
f 10386 10397 10452
f 10386 10452 10441
f 10441 10452 10497
f 10441 10497 10476
f 10476 10497 10492
f 10476 10492 10475
f 10475 10492 10449
f 10475 10449 10436
f 10436 10449 10392
f 10436 10392 10384
f 10384 10392 10312
f 10384 10312 10297
f 10297 10312 10236
f 10297 10236 10227
f 10227 10236 10108
f 10227 10108 10096
f 10096 10108 9997
f 10096 9997 9976
f 9976 9997 9863
f 9976 9863 9857
f 9857 9863 9069
f 9857 9069 9056
f 9056 9069 8786
f 9056 8786 8777
f 8777 8786 8515
f 8777 8515 8513
f 8513 8515 8231
f 8513 8231 8225
f 8225 8231 7775
f 8225 7775 7768
f 7768 7775 7297
f 7768 7297 7284
f 7284 7297 6478
f 7284 6478 6475
f 6475 6478 5887
f 6475 5887 5886
f 5886 5887 5495
f 5886 5495 5496
f 5496 5495 5178
f 5496 5178 5182
f 5182 5178 4593
f 5182 4593 4599
f 4599 4593 3761
f 4599 3761 3769
f 3769 3761 3309
f 3769 3309 3312
f 3312 3309 2894
f 3312 2894 2898
f 2898 2894 2600
f 2898 2600 2603
f 2603 2600 2298
f 2603 2298 2334
f 2334 2298 2000
f 2334 2000 2017
f 2017 2000 1231
f 2017 1231 1232
f 1232 1231 1093
f 1232 1093 1097
f 1097 1093 982
f 1097 982 986
f 986 982 837
f 986 837 841
f 841 837 752
f 841 752 769
f 769 752 679
f 769 679 690
f 690 679 626
f 690 626 637
f 637 626 581
f 637 581 602
f 602 581 586
f 602 586 603
f 603 586 629
f 603 629 640
f 640 629 684
f 640 684 692
f 692 684 764
f 692 764 779
f 779 764 840
f 779 840 849
f 849 840 984
f 849 984 996
f 996 984 1096
f 996 1096 1119
f 1119 1096 1234
f 1119 1234 1240
f 1240 1234 2029
f 1240 2029 2043
f 2043 2029 2340
f 2043 2340 2348
f 2348 2340 2611
f 2348 2611 2614
f 2614 2611 2904
f 2614 2904 2910
f 2910 2904 3334
f 2910 3334 3341
f 3341 3334 3814
f 3341 3814 3825
f 3825 3814 4636
f 3825 4636 4639
f 4639 4636 5219
f 4639 5219 5220
f 5220 5219 5612
f 5219 5613 5612
f 5612 5613 5930
f 5612 5930 5928
f 5928 5930 6535
f 5928 6535 6522
f 6522 6535 7369
f 6522 7369 7349
f 7349 7369 7814
f 7349 7814 7800
f 7800 7814 8250
f 7800 8250 8241
f 8241 8250 8544
f 8241 8544 8526
f 8526 8544 8822
f 8526 8822 8804
f 8804 8822 9135
f 8804 9135 9098
f 9098 9135 9877
f 9098 9877 9866
f 9866 9877 10010
f 9866 10010 10000
f 10000 10010 10127
f 10000 10127 10110
f 10110 10127 10246
f 10110 10246 10239
f 10239 10246 10337
f 10239 10337 10324
f 10324 10337 10416
f 10324 10416 10397
f 10397 10416 10483
f 10397 10483 10452
f 10452 10483 10524
f 10452 10524 10497
f 10497 10524 10522
f 10497 10522 10492
f 10492 10522 10481
f 10492 10481 10449
f 10449 10481 10415
f 10449 10415 10392
f 10392 10415 10332
f 10392 10332 10312
f 10312 10332 10244
f 10312 10244 10236
f 10236 10244 10118
f 10236 10118 10108
f 10108 10118 10009
f 10108 10009 9997
f 9997 10009 9867
f 9997 9867 9863
f 9863 9867 9105
f 9863 9105 9069
f 9069 9105 8807
f 9069 8807 8786
f 8786 8807 8525
f 8786 8525 8515
f 8515 8525 8238
f 8515 8238 8231
f 8231 8238 7790
f 8231 7790 7775
f 7775 7790 7318
f 7775 7318 7297
f 7297 7318 6489
f 7297 6489 6478
f 6478 6489 5898
f 6478 5898 5887
f 5887 5898 5494
f 5887 5494 5495
f 5495 5494 5176
f 5495 5176 5178
f 5178 5176 4580
f 5178 4580 4593
f 4593 4580 3737
f 4593 3737 3761
f 3761 3737 3295
f 3761 3295 3309
f 3309 3295 2885
f 3309 2885 2894
f 2894 2885 2583
f 2894 2583 2600
f 2600 2583 2279
f 2600 2279 2298
f 2298 2279 1963
f 2298 1963 2000
f 2000 1963 1220
f 2000 1220 1231
f 1231 1220 1083
f 1231 1083 1093
f 1093 1083 966
f 1093 966 982
f 982 966 830
f 982 830 837
f 837 830 739
f 837 739 752
f 752 739 660
f 752 660 679
f 679 660 595
f 679 595 626
f 626 595 554
f 626 554 581
f 581 554 556
f 581 556 586
f 586 556 597
f 586 597 629
f 629 597 661
f 629 661 684
f 684 661 744
f 684 744 764
f 764 744 832
f 764 832 840
f 840 832 974
f 840 974 984
f 984 974 1084
f 984 1084 1096
f 1096 1084 1230
f 1096 1230 1234
f 1234 1230 1994
f 1234 1994 2029
f 2029 1994 2295
f 2029 2295 2340
f 2340 2295 2601
f 2340 2601 2611
f 2611 2601 2897
f 2611 2897 2904
f 2904 2897 3319
f 2904 3319 3334
f 3334 3319 3792
f 3334 3792 3814
f 3814 3792 4626
f 3814 4626 4636
f 4636 4626 5209
f 4636 5209 5219
f 5219 5209 5613
f 5209 5614 5613
f 5613 5614 5936
f 5613 5936 5930
f 5930 5936 6550
f 5930 6550 6535
f 6535 6550 7405
f 6535 7405 7369
f 7369 7405 7827
f 7369 7827 7814
f 7814 7827 8276
f 7814 8276 8250
f 8250 8276 8565
f 8250 8565 8544
f 8544 8565 8850
f 8544 8850 8822
f 8822 8850 9186
f 8822 9186 9135
f 9135 9186 9898
f 9135 9898 9877
f 9877 9898 10023
f 9877 10023 10010
f 10010 10023 10155
f 10010 10155 10127
f 10127 10155 10257
f 10127 10257 10246
f 10246 10257 10365
f 10246 10365 10337
f 10337 10365 10446
f 10337 10446 10416
f 10416 10446 10525
f 10416 10525 10483
f 10483 10525 10548
f 10483 10548 10524
f 10524 10548 10547
f 10524 10547 10522
f 10522 10547 10523
f 10522 10523 10481
f 10481 10523 10442
f 10481 10442 10415
f 10415 10442 10361
f 10415 10361 10332
f 10332 10361 10254
f 10332 10254 10244
f 10244 10254 10143
f 10244 10143 10118
f 10118 10143 10016
f 10118 10016 10009
f 10009 10016 9888
f 10009 9888 9867
f 9867 9888 9156
f 9867 9156 9105
f 9105 9156 8830
f 9105 8830 8807
f 8807 8830 8550
f 8807 8550 8525
f 8525 8550 8249
f 8525 8249 8238
f 8238 8249 7804
f 8238 7804 7790
f 7790 7804 7345
f 7790 7345 7318
f 7318 7345 6501
f 7318 6501 6489
f 6489 6501 5900
f 6489 5900 5898
f 5898 5900 5493
f 5898 5493 5494
f 5494 5493 5169
f 5494 5169 5176
f 5176 5169 4566
f 5176 4566 4580
f 4580 4566 3704
f 4580 3704 3737
f 3737 3704 3282
f 3737 3282 3295
f 3295 3282 2859
f 3295 2859 2885
f 2885 2859 2561
f 2885 2561 2583
f 2583 2561 2251
f 2583 2251 2279
f 2279 2251 1912
f 2279 1912 1963
f 1963 1912 1199
f 1963 1199 1220
f 1220 1199 1070
f 1220 1070 1083
f 1083 1070 929
f 1083 929 966
f 966 929 819
f 966 819 830
f 830 819 711
f 830 711 739
f 739 711 632
f 739 632 660
f 660 632 553
f 660 553 595
f 595 553 530
f 595 530 554
f 554 530 531
f 554 531 556
f 556 531 555
f 556 555 597
f 597 555 636
f 597 636 661
f 661 636 715
f 661 715 744
f 744 715 822
f 744 822 832
f 832 822 943
f 832 943 974
f 974 943 1077
f 974 1077 1084
f 1084 1077 1209
f 1084 1209 1230
f 1230 1209 1942
f 1230 1942 1994
f 1994 1942 2271
f 1994 2271 2295
f 2295 2271 2577
f 2295 2577 2601
f 2601 2577 2886
f 2601 2886 2897
f 2897 2886 3305
f 2897 3305 3319
f 3319 3305 3763
f 3319 3763 3792
f 3792 3763 4614
f 3792 4614 4626
f 4626 4614 5207
f 4626 5207 5209
f 5209 5207 5614
f 5207 5615 5614
f 5614 5615 5941
f 5614 5941 5936
f 5936 5941 6569
f 5936 6569 6550
f 6550 6569 7457
f 6550 7457 7405
f 7405 7457 7872
f 7405 7872 7827
f 7827 7872 8298
f 7827 8298 8276
f 8276 8298 8605
f 8276 8605 8565
f 8565 8605 8858
f 8565 8858 8850
f 8850 8858 9262
f 8850 9262 9186
f 9186 9262 9922
f 9186 9922 9898
f 9898 9922 10042
f 9898 10042 10023
f 10023 10042 10188
f 10023 10188 10155
f 10155 10188 10279
f 10155 10279 10257
f 10257 10279 10402
f 10257 10402 10365
f 10365 10402 10505
f 10365 10505 10446
f 10446 10505 10554
f 10446 10554 10525
f 10525 10554 10565
f 10525 10565 10548
f 10548 10565 10564
f 10548 10564 10547
f 10547 10564 10553
f 10547 10553 10523
f 10523 10553 10494
f 10523 10494 10442
f 10442 10494 10391
f 10442 10391 10361
f 10361 10391 10272
f 10361 10272 10254
f 10254 10272 10181
f 10254 10181 10143
f 10143 10181 10035
f 10143 10035 10016
f 10016 10035 9914
f 10016 9914 9888
f 9888 9914 9209
f 9888 9209 9156
f 9156 9209 8855
f 9156 8855 8830
f 8830 8855 8566
f 8830 8566 8550
f 8550 8566 8279
f 8550 8279 8249
f 8249 8279 7824
f 8249 7824 7804
f 7804 7824 7379
f 7804 7379 7345
f 7345 7379 6523
f 7345 6523 6501
f 6501 6523 5904
f 6501 5904 5900
f 5900 5904 5492
f 5900 5492 5493
f 5493 5492 5164
f 5493 5164 5169
f 5169 5164 4545
f 5169 4545 4566
f 4566 4545 3653
f 4566 3653 3704
f 3704 3653 3263
f 3704 3263 3282
f 3282 3263 2837
f 3282 2837 2859
f 2859 2837 2521
f 2859 2521 2561
f 2561 2521 2243
f 2561 2243 2251
f 2251 2243 1837
f 2251 1837 1912
f 1912 1837 1175
f 1912 1175 1199
f 1199 1175 1050
f 1199 1050 1070
f 1070 1050 897
f 1070 897 929
f 929 897 797
f 929 797 819
f 819 797 674
f 819 674 711
f 711 674 573
f 711 573 632
f 632 573 524
f 632 524 553
f 553 524 513
f 553 513 530
f 530 513 514
f 530 514 531
f 531 514 525
f 531 525 555
f 555 525 584
f 555 584 636
f 636 584 685
f 636 685 715
f 715 685 804
f 715 804 822
f 822 804 904
f 822 904 943
f 943 904 1057
f 943 1057 1077
f 1077 1057 1183
f 1077 1183 1209
f 1209 1183 1889
f 1209 1889 1942
f 1942 1889 2246
f 1942 2246 2271
f 2271 2246 2560
f 2271 2560 2577
f 2577 2560 2856
f 2577 2856 2886
f 2886 2856 3285
f 2886 3285 3305
f 3305 3285 3729
f 3305 3729 3763
f 3763 3729 4592
f 3763 4592 4614
f 4614 4592 5201
f 4614 5201 5207
f 5207 5201 5615
f 5201 5616 5615
f 5615 5616 5946
f 5615 5946 5941
f 5941 5946 6591
f 5941 6591 6569
f 6569 6591 7486
f 6569 7486 7457
f 7457 7486 7878
f 7457 7878 7872
f 7872 7878 8316
f 7872 8316 8298
f 8298 8316 8622
f 8298 8622 8605
f 8605 8622 8878
f 8605 8878 8858
f 8858 8878 9509
f 8858 9509 9262
f 9262 9509 9931
f 9262 9931 9922
f 9922 9931 10067
f 9922 10067 10042
f 10042 10067 10216
f 10042 10216 10188
f 10188 10216 10327
f 10188 10327 10279
f 10279 10327 10430
f 10279 10430 10402
f 10402 10430 10539
f 10402 10539 10505
f 10505 10539 10573
f 10505 10573 10554
f 10554 10573 10587
f 10554 10587 10565
f 10565 10587 10586
f 10565 10586 10564
f 10564 10586 10572
f 10564 10572 10553
f 10553 10572 10532
f 10553 10532 10494
f 10494 10532 10423
f 10494 10423 10391
f 10391 10423 10320
f 10391 10320 10272
f 10272 10320 10206
f 10272 10206 10181
f 10181 10206 10058
f 10181 10058 10035
f 10035 10058 9930
f 10035 9930 9914
f 9914 9930 9393
f 9914 9393 9209
f 9209 9393 8870
f 9209 8870 8855
f 8855 8870 8608
f 8855 8608 8566
f 8566 8608 8299
f 8566 8299 8279
f 8279 8299 7867
f 8279 7867 7824
f 7824 7867 7426
f 7824 7426 7379
f 7379 7426 6540
f 7379 6540 6523
f 6523 6540 5914
f 6523 5914 5904
f 5904 5914 5491
f 5904 5491 5492
f 5492 5491 5158
f 5492 5158 5164
f 5164 5158 4526
f 5164 4526 4545
f 4545 4526 3624
f 4545 3624 3653
f 3653 3624 3257
f 3653 3257 3263
f 3263 3257 2818
f 3263 2818 2837
f 2837 2818 2504
f 2837 2504 2521
f 2521 2504 2223
f 2521 2223 2243
f 2243 2223 1586
f 2243 1586 1837
f 1837 1586 1166
f 1837 1166 1175
f 1175 1166 1026
f 1175 1026 1050
f 1050 1026 860
f 1050 860 897
f 897 860 749
f 897 749 797
f 797 749 646
f 797 646 674
f 674 646 539
f 674 539 573
f 573 539 505
f 573 505 524
f 524 505 491
f 524 491 513
f 513 491 492
f 513 492 514
f 514 492 506
f 514 506 525
f 525 506 546
f 525 546 584
f 584 546 653
f 584 653 685
f 685 653 756
f 685 756 804
f 804 756 870
f 804 870 904
f 904 870 1034
f 904 1034 1057
f 1057 1034 1167
f 1057 1167 1183
f 1183 1167 1700
f 1183 1700 1889
f 1889 1700 2231
f 1889 2231 2246
f 2246 2231 2519
f 2246 2519 2560
f 2560 2519 2836
f 2560 2836 2856
f 2856 2836 3268
f 2856 3268 3285
f 3285 3268 3682
f 3285 3682 3729
f 3729 3682 4574
f 3729 4574 4592
f 4592 4574 5193
f 4592 5193 5201
f 5201 5193 5616
f 5914 5583 5491
f 5491 5583 5490
f 5491 5490 5158
f 5158 5490 5156
f 5158 5156 4526
f 4526 5156 4514
f 4526 4514 3624
f 3624 4514 3613
f 3624 3613 3257
f 3257 3613 3248
f 3257 3248 2818
f 2818 3248 2804
f 2818 2804 2504
f 2504 2804 2493
f 2504 2493 2223
f 2223 2493 2181
f 2223 2181 1586
f 1586 2181 1497
f 1586 1497 1166
f 1166 1497 1156
f 1166 1156 1026
f 1026 1156 1010
f 1026 1010 860
f 860 1010 839
f 860 839 749
f 749 839 733
f 749 733 646
f 646 733 625
f 646 625 539
f 539 625 523
f 539 523 505
f 505 523 493
f 505 493 491
f 491 493 479
f 491 479 492
f 492 479 480
f 492 480 506
f 506 480 495
f 506 495 546
f 546 495 526
f 546 526 653
f 653 526 633
f 653 633 756
f 756 633 740
f 756 740 870
f 870 740 845
f 870 845 1034
f 1034 845 1017
f 1034 1017 1167
f 1167 1017 1161
f 1167 1161 1700
f 1700 1161 1573
f 1700 1573 2231
f 2231 1573 2224
f 2231 2224 2519
f 2519 2224 2506
f 2519 2506 2836
f 2836 2506 2820
f 2836 2820 3268
f 3268 2820 3260
f 3268 3260 3682
f 3682 3260 3651
f 3682 3651 4574
f 4574 3651 4560
f 4574 4560 5193
f 4560 5186 5193
f 5193 5186 5526
f 5193 5526 5616
f 5616 5526 5617
f 5616 5617 5946
f 5946 5617 5948
f 5946 5948 6591
f 6591 5948 6603
f 6591 6603 7486
f 7486 6603 7497
f 7486 7497 7878
f 7878 7497 7887
f 7878 7887 8316
f 8316 7887 8330
f 8316 8330 8622
f 8622 8330 8634
f 8622 8634 8878
f 8878 8634 8919
f 8878 8919 9509
f 9509 8919 9598
f 9509 9598 9931
f 9931 9598 9941
f 9931 9941 10067
f 10067 9941 10083
f 10067 10083 10216
f 10216 10083 10237
f 10216 10237 10327
f 10327 10237 10343
f 10327 10343 10430
f 10430 10343 10453
f 10430 10453 10539
f 10539 10453 10555
f 10539 10555 10573
f 10573 10555 10585
f 10573 10585 10587
f 10587 10585 10599
f 10587 10599 10586
f 10586 10599 10598
f 10586 10598 10572
f 10572 10598 10583
f 10572 10583 10532
f 10532 10583 10552
f 10532 10552 10423
f 10423 10552 10445
f 10423 10445 10320
f 10320 10445 10336
f 10320 10336 10206
f 10206 10336 10231
f 10206 10231 10058
f 10058 10231 10076
f 10058 10076 9930
f 9930 10076 9936
f 9930 9936 9393
f 9393 9936 9522
f 9393 9522 8870
f 8870 9522 8877
f 8870 8877 8608
f 8608 8877 8620
f 8608 8620 8299
f 8299 8620 8314
f 8299 8314 7867
f 7867 8314 7875
f 7867 7875 7426
f 7426 7875 7459
f 7426 7459 6540
f 6540 7459 6556
f 6540 6556 5914
f 5914 6556 5921
f 5914 5921 5583
f 10599 10585 10621
f 10621 10585 10591
f 10591 10585 10555
f 10591 10555 10550
f 10550 10555 10453
f 10550 10453 10421
f 10421 10453 10343
f 10421 10343 10291
f 10291 10343 10237
f 10291 10237 10174
f 10174 10237 10083
f 10174 10083 10017
f 10017 10083 9941
f 10017 9941 9872
f 9872 9941 9598
f 9872 9598 9067
f 9067 9598 8919
f 9067 8919 8764
f 8764 8919 8634
f 8764 8634 8471
f 8471 8634 8330
f 8471 8330 8124
f 8124 8330 7887
f 8124 7887 7674
f 7674 7887 7497
f 7674 7497 6946
f 6946 7497 6603
f 6946 6603 6258
f 6258 6603 5948
f 6258 5948 5692
f 5692 5948 5617
f 5692 5617 5414
f 5414 5617 5526
f 5414 5526 5186
f 479 440 436
f 10621 10638 10599
f 10599 10638 10642
f 10599 10642 10598
f 10598 10642 10639
f 10598 10639 10583
f 10583 10639 10622
f 10583 10622 10552
f 10552 10622 10592
f 10552 10592 10445
f 10445 10592 10551
f 10445 10551 10336
f 10336 10551 10422
f 10336 10422 10231
f 10231 10422 10292
f 10231 10292 10076
f 10076 10292 10175
f 10076 10175 9936
f 9936 10175 10018
f 9936 10018 9522
f 9522 10018 9873
f 9522 9873 8877
f 8877 9873 9068
f 8877 9068 8620
f 8620 9068 8765
f 8620 8765 8314
f 8314 8765 8472
f 8314 8472 7875
f 7875 8472 8125
f 7875 8125 7459
f 7459 8125 7675
f 7459 7675 6556
f 6556 7675 6947
f 6556 6947 5921
f 5921 6947 6259
f 5921 6259 5693
f 479 436 480
f 480 436 439
f 480 439 495
f 495 439 456
f 495 456 526
f 526 456 486
f 526 486 633
f 633 486 527
f 633 527 740
f 740 527 654
f 740 654 845
f 845 654 784
f 845 784 1017
f 1017 784 910
f 1017 910 1161
f 1161 910 1075
f 1161 1075 1573
f 1573 1075 1224
f 1573 1224 2224
f 2224 1224 2030
f 2224 2030 2506
f 2506 2030 2361
f 2506 2361 2820
f 2820 2361 2654
f 2820 2654 3260
f 3260 2654 3010
f 3260 3010 3651
f 3651 3010 3434
f 3651 3434 4560
f 4560 3434 4163
f 4560 4163 5186
f 5186 4163 4856
f 5186 4856 5414
f 440 479 457
f 457 479 493
f 457 493 487
f 487 493 523
f 487 523 528
f 528 523 625
f 528 625 655
f 655 625 733
f 655 733 785
f 785 733 839
f 785 839 911
f 911 839 1010
f 911 1010 1076
f 1076 1010 1156
f 1076 1156 1225
f 1225 1156 1497
f 1225 1497 2031
f 2031 1497 2181
f 2031 2181 2362
f 2362 2181 2493
f 2362 2493 2655
f 2655 2493 2804
f 2655 2804 3011
f 3011 2804 3248
f 3011 3248 3435
f 3435 3248 3613
f 3435 3613 4164
f 4164 3613 4514
f 4164 4514 4857
f 4857 4514 5156
f 4857 5156 5415
f 5415 5156 5490
f 5415 5490 5693
f 5693 5490 5583
f 5693 5583 5921
f 11093 11070 11071
f 10826 10824 10871
f 10875 10888 11077
f 11047 11078 11077
f 12729 12725 12726
f 13285 13289 13105
f 13335 13337 13104
f 13297 13288 13100
f 13076 13062 13063
f 12491 12561 12716
f 12305 12232 12233
f 12561 12577 12716
f 12716 12577 12637
f 12716 12637 12651
f 12651 12666 12716
f 12716 12666 12675
f 12716 12675 12678
f 12685 12687 12717
f 12687 12693 12717
f 12717 12693 12689
f 12717 12689 12688
f 12688 12681 12717
f 12717 12681 12680
f 12717 12680 12669
f 12716 12701 12491
f 12491 12701 12698
f 12491 12698 12473
f 12473 12698 12645
f 12473 12645 12427
f 12427 12645 12327
f 12327 12645 12501
f 12327 12501 12303
f 12303 12501 12405
f 12303 12405 12233
f 12233 12405 12306
f 12233 12306 12305
f 12678 12685 12716
f 12716 12685 12717
f 12716 12717 12756
f 12756 12717 12782
f 12756 12782 12781
f 13063 13062 12782
f 12782 13062 13059
f 12782 13059 13007
f 12928 12859 12782
f 12782 12859 12799
f 12782 12799 12781
f 13007 12995 12782
f 12782 12995 12935
f 12782 12935 12928
f 13142 13099 13176
f 13176 13099 13198
f 13142 13129 13099
f 13099 13129 13098
f 13099 13098 13063
f 13063 13098 13095
f 13063 13095 13076
f 13236 13235 13099
f 13099 13235 13215
f 13099 13215 13198
f 13288 13283 13100
f 13100 13283 13282
f 13100 13282 13265
f 13265 13260 13100
f 13100 13260 13255
f 13100 13255 13099
f 13099 13255 13237
f 13099 13237 13236
f 13341 13339 13101
f 13101 13339 13327
f 13327 13323 13101
f 13101 13323 13311
f 13101 13311 13303
f 13355 13342 13102
f 13378 13377 13102
f 13102 13377 13376
f 13376 13369 13102
f 13102 13369 13365
f 13102 13365 13355
f 13109 13115 13102
f 13220 13211 13359
f 13115 13121 13102
f 13102 13121 13127
f 13102 13127 13130
f 13130 13150 13102
f 13102 13150 13169
f 13102 13169 13378
f 13378 13169 13191
f 13378 13191 13208
f 13208 13219 13378
f 13378 13219 13228
f 13378 13228 13383
f 13383 13228 13232
f 13383 13232 13384
f 13384 13232 13385
f 13385 13232 13234
f 13385 13234 13380
f 13192 13174 13103
f 13103 13174 13151
f 13103 13151 13133
f 13133 13128 13103
f 13103 13128 13122
f 13103 13122 13116
f 13220 13359 13229
f 13229 13359 13361
f 13229 13361 13233
f 13361 13368 13233
f 13233 13368 13372
f 13233 13372 13234
f 13234 13372 13379
f 13234 13379 13380
f 13211 13192 13359
f 13359 13192 13103
f 13359 13103 13346
f 13346 13103 13344
f 13304 13308 13104
f 13304 13104 13292
f 13308 13318 13104
f 13104 13318 13329
f 13104 13329 13335
f 13285 13105 13270
f 13123 13149 13105
f 13105 13149 13193
f 13105 13193 13212
f 13212 13226 13105
f 13105 13226 13239
f 13105 13239 13242
f 13242 13259 13105
f 13105 13259 13262
f 13105 13262 13270
f 13071 13072 13070
f 13070 13072 13083
f 13070 13083 13105
f 13105 13083 13106
f 13105 13106 13123
f 12793 12830 12789
f 12891 12913 13070
f 12789 12830 13070
f 13070 12830 12870
f 13070 12870 12891
f 12913 12921 13070
f 13070 12921 12923
f 13070 12923 13071
f 13071 12923 12922
f 12922 12914 13071
f 13071 12914 12892
f 13071 12892 13032
f 13032 12892 12873
f 12831 12963 12873
f 12873 12963 13024
f 12873 13024 13032
f 12800 12817 12798
f 12798 12817 12902
f 12798 12902 12831
f 12831 12902 12943
f 12831 12943 12963
f 12800 12798 12792
f 12792 12798 12791
f 12792 12791 12730
f 12730 12791 12755
f 12730 12755 12726
f 12726 12755 12737
f 12726 12737 12729
f 12671 12655 12726
f 12703 12679 12708
f 12708 12679 12682
f 12708 12682 12725
f 12725 12682 12690
f 12725 12690 12691
f 12671 12726 12674
f 12384 12434 12699
f 12699 12434 12441
f 12699 12441 12496
f 12280 12286 12082
f 12082 12286 12320
f 12082 12320 12338
f 12655 12652 12726
f 12726 12652 12622
f 12726 12622 12576
f 12496 12505 12699
f 12699 12505 12553
f 12699 12553 12603
f 12352 12372 12707
f 12707 12372 12384
f 12707 12384 12702
f 12702 12384 12699
f 12691 12692 12725
f 12725 12692 12686
f 12725 12686 12726
f 12726 12686 12683
f 12726 12683 12674
f 12603 12626 12699
f 12699 12626 12639
f 12699 12639 12703
f 12703 12639 12670
f 12703 12670 12679
f 12169 12236 12082
f 12082 12236 12238
f 12082 12238 12280
f 12576 12538 12726
f 12726 12538 12477
f 12726 12477 12710
f 12710 12477 12474
f 12710 12474 12684
f 12684 12474 12428
f 12684 12428 12565
f 12565 12428 12319
f 12565 12319 12479
f 12086 12088 12082
f 12082 12088 12108
f 12082 12108 12111
f 12111 12126 12082
f 12082 12126 12132
f 12082 12132 12169
f 12479 12319 12344
f 12344 12319 12304
f 12344 12304 12330
f 12330 12304 12234
f 12330 12234 12235
f 11648 11694 11401
f 11813 11845 12082
f 11507 11651 11340
f 11329 11389 11277
f 11742 11779 11413
f 11413 11779 11781
f 11413 11781 11810
f 11845 11871 12082
f 12082 11871 11899
f 12082 11899 11915
f 11474 11386 11477
f 11477 11386 11486
f 11515 11847 11575
f 11575 11847 11591
f 11386 11340 11486
f 11486 11340 11847
f 11486 11847 11501
f 11501 11847 11515
f 11651 11747 11340
f 11340 11747 11846
f 11340 11846 11847
f 11401 11694 11413
f 11413 11694 11721
f 11413 11721 11742
f 11825 11725 11847
f 11389 11406 11277
f 11277 11406 11451
f 11277 11451 11340
f 11340 11451 11454
f 11340 11454 11507
f 11474 11467 11386
f 11386 11467 11465
f 11386 11465 11459
f 11459 11463 11386
f 11386 11463 11464
f 11386 11464 11471
f 11725 11679 11847
f 11847 11679 11661
f 11847 11661 11591
f 11471 11472 11386
f 11386 11472 11483
f 11386 11483 11514
f 11514 11548 11386
f 11386 11548 11552
f 11386 11552 11401
f 11401 11552 11634
f 11401 11634 11648
f 11825 11847 11849
f 11849 11847 11920
f 11849 11920 11919
f 11915 11982 12082
f 12082 11982 11984
f 12082 11984 12025
f 12025 12042 12082
f 12082 12042 12043
f 12082 12043 12063
f 12063 12065 12082
f 12082 12065 12084
f 12082 12084 12086
f 11169 11206 11117
f 11117 11206 11183
f 11117 11183 11114
f 11114 11183 11143
f 11169 11181 11206
f 11206 11181 11207
f 11206 11207 11238
f 11238 11207 11252
f 11238 11252 11277
f 11277 11252 11259
f 11277 11259 11329
f 11143 11116 11114
f 11114 11116 11113
f 11114 11113 11100
f 11100 11113 11081
f 10888 10893 11077
f 11077 10893 10894
f 11077 10894 10911
f 10978 11000 11077
f 11077 11000 11034
f 11077 11034 11047
f 10911 10916 11077
f 11077 10916 10921
f 11077 10921 10940
f 10940 10941 11077
f 11077 10941 10961
f 11077 10961 10978
f 10820 10822 10874
f 10874 10822 10834
f 10834 10838 10874
f 10874 10838 10850
f 10874 10850 10858
f 10819 10873 10806
f 10806 10873 10802
f 10782 10781 10872
f 10872 10781 10776
f 10776 10777 10872
f 10872 10777 10778
f 10872 10778 10873
f 10873 10778 10784
f 10873 10784 10785
f 10785 10792 10873
f 10873 10792 10796
f 10873 10796 10802
f 10793 10789 10872
f 10872 10789 10783
f 10872 10783 10782
f 10824 10817 10871
f 10871 10817 10815
f 10871 10815 10872
f 10872 10815 10800
f 10872 10800 10793
f 10857 10853 10871
f 10857 10871 10869
f 10853 10843 10871
f 10871 10843 10832
f 10871 10832 10826
f 10869 10871 10870
f 10870 10871 11073
f 10870 11073 11072
f 10906 10891 11072
f 11072 10891 10887
f 11072 10887 10870
f 10934 10917 11072
f 11072 10917 10914
f 11072 10914 10906
f 10983 10964 11071
f 10964 10950 11071
f 11071 10950 10939
f 11071 10939 11072
f 11072 10939 10937
f 11072 10937 10934
f 11070 11053 11071
f 11071 11053 11027
f 11071 11027 10983
f 11144 11105 11106
f 11106 11105 11104
f 11106 11104 11093
f 11144 11198 11152
f 11152 11198 11197
f 11274 11197 11266
f 11266 11197 11198
f 11266 11198 11265
f 11265 11198 11264
f 11274 11296 11197
f 11197 11296 11315
f 11197 11315 11224
f 11224 11315 11357
f 11388 11371 11390
f 11390 11371 11286
f 11390 11286 11357
f 11357 11286 11244
f 11357 11244 11224
f 11388 11390 11432
f 11432 11390 11407
f 11432 11407 11441
f 11425 11822 11808
f 11448 11473 11443
f 11443 11473 11470
f 11443 11470 11433
f 11433 11470 11462
f 11433 11462 11461
f 11808 11673 11425
f 11425 11673 11587
f 11425 11587 11407
f 11407 11587 11468
f 11407 11468 11441
f 11461 11460 11433
f 11433 11460 11466
f 11433 11466 11425
f 11425 11466 11469
f 11425 11469 11478
f 11478 11481 11425
f 11425 11481 11497
f 11425 11497 11822
f 11822 11497 11500
f 11500 11530 11822
f 11822 11530 11576
f 11822 11576 11614
f 11614 11675 11822
f 11822 11675 11678
f 11822 11678 11724
f 11918 11917 11848
f 11848 11917 11822
f 11848 11822 11833
f 11833 11822 11724
f 11453 11513 11450
f 11450 11513 11504
f 11450 11504 11448
f 11448 11504 11482
f 11448 11482 11473
f 11444 11434 12070
f 11711 11656 11449
f 11449 11656 11647
f 11647 11599 11449
f 11449 11599 11549
f 11449 11549 11453
f 11453 11549 11526
f 11453 11526 11513
f 11866 11832 12070
f 11358 11318 11199
f 11318 11297 11199
f 11199 11297 11275
f 11199 11275 11198
f 11198 11275 11267
f 11198 11267 11264
f 11866 12070 11872
f 11434 11428 12070
f 12070 11428 11408
f 12070 11408 11199
f 11199 11408 11395
f 11199 11395 11358
f 11832 11814 12070
f 12070 11814 11800
f 12070 11800 11444
f 11800 11780 11444
f 11444 11780 11768
f 11444 11768 11449
f 11449 11768 11718
f 11449 11718 11711
f 11983 11916 12070
f 12070 11916 11914
f 12070 11914 11872
f 12066 12064 12070
f 12070 12064 12044
f 12070 12044 12041
f 12041 12026 12070
f 12070 12026 12020
f 12070 12020 11983
f 12307 12070 12339
f 12339 12070 12718
f 12339 12718 12342
f 12307 12281 12070
f 12070 12281 12253
f 12070 12253 12237
f 12600 12518 12718
f 12718 12518 12504
f 12669 12648 12717
f 12717 12648 12638
f 12717 12638 12718
f 12718 12638 12604
f 12718 12604 12600
f 12504 12458 12718
f 12718 12458 12431
f 12718 12431 12410
f 12410 12373 12718
f 12718 12373 12371
f 12718 12371 12342
f 12237 12170 12070
f 12070 12170 12168
f 12070 12168 12127
f 12127 12110 12070
f 12070 12110 12109
f 12070 12109 12089
f 12089 12087 12070
f 12070 12087 12068
f 12070 12068 12066
f 11385 11400 12079
f 11205 11233 11204
f 11204 11233 11276
f 11204 11276 12079
f 12079 11276 11339
f 12079 11339 11385
f 11414 11420 12082
f 11810 11813 11413
f 11413 11813 12082
f 11413 12082 11415
f 11415 12082 11420
f 11115 11142 11111
f 11111 11142 11204
f 11204 11142 11182
f 11204 11182 11205
f 11094 11096 11076
f 11076 11096 11101
f 11076 11101 11111
f 11111 11101 11112
f 11111 11112 11115
f 11081 11113 11078
f 11078 11113 11102
f 11078 11102 11077
f 11077 11102 11099
f 11077 11099 11097
f 11097 11094 11077
f 11077 11094 11076
f 11077 11076 10875
f 10875 11076 10874
f 10875 10874 10864
f 10864 10874 10858
f 13061 13034 13066
f 13034 12994 13066
f 13066 12994 12954
f 13066 12954 12785
f 12785 12954 12912
f 12785 12912 12849
f 13079 13082 13100
f 13100 13082 13101
f 13100 13101 13297
f 13297 13101 13303
f 13082 13080 13101
f 13101 13080 13075
f 13101 13075 13066
f 13066 13075 13065
f 13066 13065 13061
f 12993 13033 13063
f 13033 13060 13063
f 13063 13060 13064
f 13063 13064 13099
f 13099 13064 13074
f 13099 13074 13100
f 13100 13074 13077
f 13100 13077 13079
f 12802 12848 12782
f 12782 12848 12911
f 12782 12911 13063
f 13063 12911 12949
f 13063 12949 12993
f 12718 12749 12717
f 12717 12749 12761
f 12717 12761 12782
f 12782 12761 12783
f 12782 12783 12802
f 12849 12803 12785
f 12785 12803 12784
f 12785 12784 12719
f 12719 12784 12762
f 12748 12742 12718
f 12718 12742 12747
f 12718 12747 12749
f 11061 11075 11074
f 10944 10872 10948
f 10948 10872 10873
f 10948 10873 10957
f 10957 10873 10968
f 11061 11055 11075
f 11075 11055 11049
f 11075 11049 11046
f 11046 11026 11075
f 11075 11026 11007
f 11075 11007 10873
f 10873 11007 10985
f 10873 10985 10968
f 11025 11043 11073
f 11073 11043 11048
f 11048 11054 11073
f 11073 11054 11060
f 11073 11060 11074
f 11074 11060 11067
f 11074 11067 11061
f 10944 10942 10872
f 10872 10942 10943
f 10872 10943 10871
f 10871 10943 10947
f 10871 10947 10956
f 10956 10965 10871
f 10871 10965 10984
f 10871 10984 11073
f 11073 10984 11002
f 11073 11002 11025
f 11338 11320 12075
f 12075 11320 11301
f 12075 11301 11202
f 11202 11301 11273
f 11202 11273 11250
f 11365 11369 12073
f 12073 11369 11366
f 12073 11366 11350
f 11199 11200 11217
f 12070 11319 11349
f 11217 11245 11199
f 11199 11245 11272
f 11199 11272 12070
f 12070 11272 11298
f 12070 11298 11319
f 11171 11184 11107
f 11171 11107 11166
f 11167 11146 11108
f 11108 11146 11140
f 11108 11140 11107
f 11107 11140 11145
f 11107 11145 11166
f 11250 11218 11202
f 11202 11218 11201
f 11202 11201 11109
f 11201 11187 11109
f 11109 11187 11172
f 11109 11172 11108
f 11108 11172 11170
f 11108 11170 11167
f 13004 13006 13069
f 13069 13006 13009
f 13069 13009 13030
f 13036 13031 13070
f 13070 13031 13010
f 13070 13010 13005
f 12916 12890 12789
f 12789 12890 12869
f 12789 12869 12839
f 12823 12819 12788
f 12788 12819 12822
f 12788 12822 12838
f 13005 12992 13070
f 13070 12992 12970
f 13070 12970 12789
f 12789 12970 12942
f 12789 12942 12916
f 12850 12868 12787
f 12787 12868 12887
f 12887 12915 12787
f 12787 12915 12937
f 12787 12937 13068
f 13068 12937 12969
f 13068 12969 12989
f 12728 12734 12723
f 12723 12734 12754
f 12723 12754 12789
f 12789 12754 12790
f 12789 12790 12793
f 12338 12352 12082
f 12082 12352 12707
f 12082 12707 12723
f 12723 12707 12724
f 12723 12724 12728
f 13289 13292 13105
f 13105 13292 13104
f 13105 13104 13070
f 13070 13104 13069
f 13070 13069 13036
f 13036 13069 13030
f 13337 13344 13104
f 13104 13344 13103
f 13104 13103 13069
f 13069 13103 13068
f 13069 13068 13004
f 13004 13068 12989
f 12839 12823 12789
f 12789 12823 12788
f 12789 12788 12723
f 12723 12788 12722
f 12723 12722 12082
f 12082 12722 12079
f 12082 12079 11414
f 11414 12079 11400
f 13342 13341 13102
f 13102 13341 13101
f 13102 13101 13067
f 13067 13101 13066
f 13067 13066 12786
f 12786 13066 12785
f 12786 12785 12720
f 12720 12785 12719
f 12720 12719 12075
f 12075 12719 12073
f 12075 12073 11338
f 11338 12073 11350
f 12762 12748 12719
f 12719 12748 12718
f 12719 12718 12073
f 12073 12718 12070
f 12073 12070 11365
f 11365 12070 11349
f 13116 13109 13103
f 13103 13109 13102
f 13103 13102 13068
f 13068 13102 13067
f 13068 13067 12787
f 12787 13067 12786
f 12787 12786 12721
f 12721 12786 12720
f 12721 12720 12077
f 12077 12720 12075
f 12077 12075 11203
f 11203 12075 11202
f 11203 11202 11110
f 11110 11202 11109
f 11144 11106 11198
f 11198 11106 11107
f 11198 11107 11199
f 11199 11107 11184
f 11199 11184 11200
f 11093 11071 11106
f 11106 11071 11072
f 11106 11072 11107
f 11107 11072 11073
f 11107 11073 11108
f 11108 11073 11074
f 11108 11074 11109
f 11109 11074 11075
f 11109 11075 11110
f 12838 12850 12788
f 12788 12850 12787
f 12788 12787 12722
f 12722 12787 12721
f 12722 12721 12079
f 12079 12721 12077
f 12079 12077 11204
f 11204 12077 11203
f 11204 11203 11111
f 11111 11203 11110
f 11111 11110 11076
f 11076 11110 11075
f 11076 11075 10874
f 10874 11075 10873
f 10874 10873 10820
f 10820 10873 10819
f 12043 12042 12040
f 12065 12063 12062
f 12105 12125 12123
f 12129 12206 12203
f 11887 11947 11890
f 11890 11947 11950
f 11890 11950 11892
f 11892 11950 11894
f 11894 11950 11952
f 11894 11952 11896
f 11896 11952 11898
f 11898 11952 11958
f 11898 11958 11901
f 11901 11958 11903
f 11903 11958 11964
f 11903 11964 11905
f 11905 11964 11907
f 11907 11964 11969
f 11907 11969 11909
f 11909 11969 11911
f 11911 11969 11979
f 11911 11979 11913
f 12239 12238 12236
f 12239 12174 12242
f 12242 12174 12184
f 12242 12184 12243
f 12243 12184 12246
f 12246 12184 12189
f 12246 12189 12247
f 12247 12189 12250
f 12250 12189 12195
f 12250 12195 12251
f 12251 12195 12255
f 12255 12195 12201
f 12255 12201 12256
f 12256 12201 12259
f 12259 12201 12203
f 12259 12203 12260
f 12260 12203 12263
f 12263 12203 12206
f 12263 12206 12266
f 12050 12103 12101
f 12028 12048 12052
f 12103 12105 12101
f 12101 12105 12123
f 12101 12123 12099
f 12099 12123 12121
f 12099 12121 12097
f 12097 12121 12119
f 12097 12119 12095
f 12095 12119 12117
f 12095 12117 12093
f 12093 12117 12115
f 12093 12115 12091
f 12091 12115 12113
f 12239 12236 12174
f 12174 12236 12169
f 12174 12169 12132
f 12125 12129 12123
f 12123 12129 12203
f 12123 12203 12121
f 12121 12203 12201
f 12121 12201 12119
f 12119 12201 12195
f 12119 12195 12117
f 12117 12195 12189
f 12117 12189 12115
f 12115 12189 12184
f 12115 12184 12113
f 12113 12184 12174
f 12113 12174 12126
f 12126 12174 12132
f 12126 12111 12113
f 12113 12111 12108
f 12113 12108 12091
f 12091 12108 12088
f 12091 12088 12086
f 12065 12062 12084
f 12048 12050 12052
f 12052 12050 12101
f 12052 12101 12054
f 12054 12101 12099
f 12054 12099 12056
f 12056 12099 12097
f 12056 12097 12058
f 12058 12097 12095
f 12058 12095 12060
f 12060 12095 12093
f 12060 12093 12062
f 12062 12093 12091
f 12062 12091 12084
f 12084 12091 12086
f 12024 12028 12030
f 12030 12028 12052
f 12030 12052 12032
f 12032 12052 12054
f 12032 12054 12034
f 12034 12054 12056
f 12034 12056 12036
f 12036 12056 12058
f 12036 12058 12038
f 12038 12058 12060
f 12038 12060 12040
f 12040 12060 12062
f 12040 12062 12043
f 12043 12062 12063
f 11915 11913 11982
f 11982 11913 11979
f 11982 11979 11984
f 11984 11979 12025
f 12042 12025 12040
f 12040 12025 11979
f 12040 11979 12038
f 12038 11979 11969
f 12038 11969 12036
f 12036 11969 11964
f 12036 11964 12034
f 12034 11964 11958
f 12034 11958 12032
f 12032 11958 11952
f 12032 11952 12030
f 12030 11952 11950
f 12030 11950 12024
f 12024 11950 11947
f 12400 12416 12420
f 12366 12379 12381
f 12517 12552 12490
f 12441 12434 12422
f 12286 12280 12285
f 12478 12485 12455
f 12492 12500 12468
f 12502 12520 12494
f 12243 12246 12290
f 12247 12250 12292
f 12251 12255 12296
f 12300 12263 12266
f 12256 12259 12298
f 12298 12259 12260
f 12242 12285 12239
f 12239 12285 12280
f 12239 12280 12238
f 12616 12639 12552
f 12552 12639 12626
f 12523 12555 12517
f 12517 12555 12558
f 12517 12558 12552
f 12552 12558 12615
f 12552 12615 12616
f 12471 12476 12451
f 12451 12476 12453
f 12451 12453 12443
f 12337 12338 12320
f 12384 12372 12370
f 12370 12372 12352
f 12626 12603 12552
f 12552 12603 12553
f 12552 12553 12490
f 12490 12553 12505
f 12490 12505 12496
f 12520 12523 12494
f 12494 12523 12517
f 12494 12517 12460
f 12460 12517 12490
f 12460 12490 12422
f 12422 12490 12496
f 12422 12496 12441
f 12500 12502 12468
f 12468 12502 12494
f 12468 12494 12447
f 12447 12494 12460
f 12447 12460 12407
f 12407 12460 12422
f 12407 12422 12370
f 12370 12422 12434
f 12370 12434 12384
f 12485 12492 12455
f 12455 12492 12468
f 12455 12468 12433
f 12433 12468 12447
f 12433 12447 12398
f 12398 12447 12407
f 12398 12407 12364
f 12364 12407 12370
f 12364 12370 12337
f 12337 12370 12352
f 12337 12352 12338
f 12476 12478 12453
f 12453 12478 12455
f 12453 12455 12426
f 12426 12455 12433
f 12426 12433 12386
f 12386 12433 12398
f 12386 12398 12362
f 12362 12398 12364
f 12362 12364 12334
f 12334 12364 12337
f 12334 12337 12285
f 12285 12337 12320
f 12285 12320 12286
f 12324 12298 12300
f 12300 12298 12260
f 12300 12260 12263
f 12266 12302 12300
f 12300 12302 12312
f 12300 12312 12324
f 12324 12312 12322
f 12324 12322 12346
f 12255 12256 12296
f 12296 12256 12298
f 12296 12298 12326
f 12326 12298 12324
f 12326 12324 12356
f 12356 12324 12346
f 12356 12346 12354
f 12250 12251 12292
f 12292 12251 12296
f 12292 12296 12329
f 12329 12296 12326
f 12329 12326 12358
f 12358 12326 12356
f 12358 12356 12381
f 12381 12356 12354
f 12381 12354 12366
f 12246 12247 12290
f 12290 12247 12292
f 12290 12292 12332
f 12332 12292 12329
f 12332 12329 12360
f 12360 12329 12358
f 12360 12358 12383
f 12383 12358 12381
f 12383 12381 12420
f 12420 12381 12379
f 12420 12379 12400
f 12242 12243 12285
f 12285 12243 12290
f 12285 12290 12334
f 12334 12290 12332
f 12334 12332 12362
f 12362 12332 12360
f 12362 12360 12386
f 12386 12360 12383
f 12386 12383 12426
f 12426 12383 12420
f 12426 12420 12453
f 12453 12420 12416
f 12453 12416 12443
f 12471 12532 12476
f 12476 12532 12537
f 12476 12537 12478
f 12478 12537 12540
f 12478 12540 12485
f 12485 12540 12550
f 12485 12550 12492
f 12492 12550 12562
f 12492 12562 12500
f 12500 12562 12583
f 12500 12583 12502
f 12502 12583 12598
f 12502 12598 12520
f 12520 12598 12618
f 12520 12618 12523
f 12523 12618 12624
f 12523 12624 12555
f 12555 12624 12643
f 12555 12643 12558
f 12558 12643 12644
f 12558 12644 12615
f 12615 12644 12658
f 12615 12658 12616
f 12658 12661 12616
f 12616 12661 12670
f 12616 12670 12639
f 12486 12462 12464
f 12522 12507 12509
f 12671 12674 12665
f 12661 12658 12668
f 12644 12643 12654
f 12624 12618 12633
f 12532 12567 12571
f 12585 12540 12571
f 12571 12540 12537
f 12571 12537 12532
f 12598 12583 12612
f 12612 12583 12562
f 12612 12562 12585
f 12585 12562 12550
f 12585 12550 12540
f 12412 12428 12474
f 12409 12412 12449
f 12449 12412 12457
f 12449 12457 12535
f 12389 12392 12414
f 12414 12392 12418
f 12414 12418 12436
f 12670 12661 12679
f 12679 12661 12668
f 12679 12668 12682
f 12682 12668 12690
f 12677 12691 12690
f 12683 12686 12673
f 12673 12686 12692
f 12635 12652 12655
f 12535 12576 12622
f 12412 12474 12457
f 12457 12474 12477
f 12457 12477 12535
f 12535 12477 12538
f 12535 12538 12576
f 12402 12409 12438
f 12438 12409 12449
f 12438 12449 12514
f 12514 12449 12535
f 12514 12535 12635
f 12635 12535 12622
f 12635 12622 12652
f 12396 12402 12430
f 12430 12402 12438
f 12430 12438 12498
f 12498 12438 12514
f 12498 12514 12609
f 12609 12514 12635
f 12609 12635 12665
f 12665 12635 12655
f 12665 12655 12671
f 12394 12396 12424
f 12424 12396 12430
f 12424 12430 12482
f 12482 12430 12498
f 12482 12498 12557
f 12557 12498 12609
f 12557 12609 12650
f 12650 12609 12665
f 12650 12665 12673
f 12673 12665 12674
f 12673 12674 12683
f 12392 12394 12418
f 12418 12394 12424
f 12418 12424 12466
f 12466 12424 12482
f 12466 12482 12528
f 12528 12482 12557
f 12528 12557 12625
f 12625 12557 12650
f 12625 12650 12660
f 12660 12650 12673
f 12660 12673 12677
f 12677 12673 12692
f 12677 12692 12691
f 12606 12595 12587
f 12567 12574 12571
f 12571 12574 12595
f 12571 12595 12585
f 12585 12595 12606
f 12585 12606 12612
f 12574 12591 12595
f 12595 12591 12589
f 12595 12589 12587
f 12587 12589 12581
f 12587 12581 12564
f 12618 12598 12633
f 12633 12598 12612
f 12633 12612 12628
f 12628 12612 12606
f 12628 12606 12602
f 12602 12606 12587
f 12602 12587 12546
f 12546 12587 12564
f 12546 12564 12542
f 12643 12624 12654
f 12654 12624 12633
f 12654 12633 12647
f 12647 12633 12628
f 12647 12628 12621
f 12621 12628 12602
f 12621 12602 12560
f 12560 12602 12546
f 12560 12546 12509
f 12509 12546 12542
f 12509 12542 12522
f 12658 12644 12668
f 12668 12644 12654
f 12668 12654 12663
f 12663 12654 12647
f 12663 12647 12641
f 12641 12647 12621
f 12641 12621 12597
f 12597 12621 12560
f 12597 12560 12512
f 12512 12560 12509
f 12512 12509 12464
f 12464 12509 12507
f 12464 12507 12486
f 12690 12668 12677
f 12677 12668 12663
f 12677 12663 12660
f 12660 12663 12641
f 12660 12641 12625
f 12625 12641 12597
f 12625 12597 12528
f 12528 12597 12512
f 12528 12512 12466
f 12466 12512 12464
f 12466 12464 12418
f 12418 12464 12462
f 12418 12462 12436
f 12273 12269 12271
f 12222 12223 12294
f 12294 12223 12225
f 12222 12294 12214
f 12214 12294 12288
f 12214 12288 12211
f 12211 12288 12196
f 12196 12288 12283
f 12196 12283 12193
f 12279 12177 12283
f 12283 12177 12191
f 12283 12191 12193
f 12157 12159 12277
f 12277 12159 12162
f 12277 12162 12279
f 12279 12162 12172
f 12279 12172 12177
f 12157 12277 12151
f 12151 12277 12271
f 12151 12271 12148
f 12148 12271 12143
f 12143 12271 12269
f 12143 12269 12138
f 12392 12389 12273
f 12319 12294 12304
f 12304 12294 12225
f 12304 12225 12234
f 12273 12271 12392
f 12392 12271 12277
f 12392 12277 12394
f 12394 12277 12279
f 12394 12279 12396
f 12396 12279 12283
f 12396 12283 12402
f 12402 12283 12288
f 12402 12288 12409
f 12409 12288 12294
f 12409 12294 12412
f 12412 12294 12319
f 12412 12319 12428
f 12151 12148 12152
f 12223 12226 12229
f 12235 12234 12229
f 12229 12234 12225
f 12229 12225 12223
f 12226 12223 12220
f 12220 12223 12222
f 12220 12222 12218
f 12218 12222 12216
f 12216 12222 12214
f 12216 12214 12208
f 12208 12214 12211
f 12208 12211 12204
f 12204 12211 12196
f 12204 12196 12198
f 12198 12196 12181
f 12181 12196 12193
f 12181 12193 12180
f 12180 12193 12191
f 12180 12191 12179
f 12179 12191 12177
f 12179 12177 12176
f 12176 12177 12166
f 12166 12177 12172
f 12166 12172 12164
f 12164 12172 12162
f 12164 12162 12161
f 12161 12162 12154
f 12154 12162 12159
f 12154 12159 12152
f 12152 12159 12157
f 12152 12157 12151
f 12138 12140 12143
f 12143 12140 12144
f 12143 12144 12148
f 12148 12144 12146
f 12148 12146 12152
f 12344 12330 12335
f 13071 13032 13037
f 13242 13239 13241
f 13376 13377 13388
f 13235 13236 13238
f 12349 12350 12630
f 13111 13126 13125
f 13277 13281 13280
f 13351 13363 13362
f 13422 13431 13429
f 13433 13434 13432
f 13399 13392 13390
f 13312 13301 13300
f 13276 13274 13272
f 13001 12955 12948
f 12855 12829 12824
f 12374 12318 12317
f 12154 12152 12186
f 12178 12182 12315
f 12232 12305 12231
f 12231 12305 12308
f 12231 12308 12230
f 12215 12217 12313
f 12313 12217 12219
f 12313 12219 12227
f 12199 12207 12314
f 12314 12207 12209
f 12163 12165 12316
f 12316 12165 12167
f 12133 12145 12318
f 12318 12145 12149
f 12318 12149 12317
f 12317 12149 12153
f 12317 12153 12155
f 12140 12187 12144
f 12144 12187 12146
f 12185 12179 12176
f 12176 12166 12185
f 12185 12166 12164
f 12185 12164 12186
f 12186 12164 12161
f 12186 12161 12154
f 12204 12198 12343
f 12343 12198 12181
f 12218 12216 12341
f 12341 12216 12208
f 12229 12226 12340
f 12340 12226 12220
f 12330 12235 12229
f 12695 12548 12547
f 12547 12548 12374
f 12711 12712 12695
f 12712 12711 12829
f 12855 12824 12955
f 13045 13046 13001
f 13117 13118 13112
f 13223 13224 13183
f 13252 13253 13244
f 13276 13272 13301
f 13352 13328 13326
f 13326 13328 13312
f 13356 13357 13352
f 13357 13356 13392
f 13413 13415 13399
f 13427 13428 13423
f 13433 13432 13431
f 13400 13418 13416
f 13416 13418 13422
f 13395 13396 13400
f 13305 13306 13313
f 13306 13305 13281
f 13243 13258 13257
f 13257 13258 13277
f 13184 13231 13230
f 13230 13231 13243
f 13177 13178 13184
f 13178 13177 13126
f 13111 13125 13058
f 12968 12971 13000
f 12846 12847 12856
f 12187 12351 12350
f 12350 12351 12375
f 12350 12375 12630
f 12630 12375 12631
f 12630 12631 12694
f 13295 13298 13271
f 13271 13298 13272
f 13271 13272 13252
f 13252 13272 13274
f 13252 13274 13253
f 12181 12180 12343
f 12343 12180 12349
f 12343 12349 12629
f 12629 12349 12630
f 12629 12630 12732
f 12732 12630 12694
f 12732 12694 12733
f 12180 12179 12349
f 12349 12179 12185
f 12349 12185 12350
f 12350 12185 12186
f 12350 12186 12187
f 12187 12186 12152
f 12187 12152 12146
f 13294 13295 13268
f 13268 13295 13271
f 13268 13271 13251
f 13251 13271 13252
f 13251 13252 13223
f 13223 13252 13244
f 13223 13244 13224
f 12208 12204 12341
f 12341 12204 12343
f 12341 12343 12619
f 12619 12343 12629
f 12619 12629 12731
f 12731 12629 12732
f 12731 12732 12846
f 12846 12732 12733
f 12846 12733 12847
f 13291 13294 13266
f 13266 13294 13268
f 13266 13268 13249
f 13249 13268 13251
f 13249 13251 13222
f 13222 13251 13223
f 13222 13223 13166
f 13166 13223 13183
f 13166 13183 13167
f 13248 13250 13269
f 13269 13250 13273
f 13269 13273 13299
f 13299 13273 13302
f 13299 13302 13331
f 13331 13302 13332
f 13331 13332 13362
f 13362 13332 13334
f 13362 13334 13351
f 12220 12218 12340
f 12340 12218 12341
f 12340 12341 12613
f 12613 12341 12619
f 12613 12619 12727
f 12727 12619 12731
f 12727 12731 12845
f 12845 12731 12846
f 12845 12846 12968
f 12968 12846 12856
f 12968 12856 12971
f 12700 12704 12515
f 12515 12704 12524
f 12515 12524 12314
f 12314 12524 12315
f 12314 12315 12199
f 12199 12315 12182
f 13284 13291 13264
f 13264 13291 13266
f 13264 13266 13247
f 13247 13266 13249
f 13247 13249 13218
f 13218 13249 13222
f 13218 13222 13164
f 13164 13222 13166
f 13164 13166 13117
f 13117 13166 13167
f 13117 13167 13118
f 13241 13248 13267
f 13267 13248 13269
f 13267 13269 13296
f 13296 13269 13299
f 13296 13299 13325
f 13325 13299 13331
f 13325 13331 13358
f 13358 13331 13362
f 13358 13362 13395
f 13395 13362 13363
f 13395 13363 13396
f 12330 12229 12335
f 12335 12229 12340
f 12335 12340 12599
f 12599 12340 12613
f 12599 12613 12715
f 12715 12613 12727
f 12715 12727 12844
f 12844 12727 12845
f 12844 12845 12962
f 12962 12845 12968
f 12962 12968 13057
f 13057 12968 13000
f 13057 13000 13058
f 12503 12313 12308
f 12308 12313 12227
f 12308 12227 12230
f 12155 12163 12317
f 12317 12163 12316
f 12317 12316 12539
f 12539 12316 12529
f 12539 12529 12706
f 12706 12529 12705
f 12706 12705 12811
f 12811 12705 12804
f 12811 12804 12934
f 12934 12804 12933
f 12934 12933 13008
f 12829 12711 12824
f 12824 12711 12821
f 12824 12821 12946
f 12946 12821 12945
f 12946 12945 13038
f 13038 12945 13035
f 13038 13035 13097
f 13097 13035 13081
f 13097 13081 13148
f 13148 13081 13143
f 13148 13143 13203
f 13001 12948 13045
f 13045 12948 13040
f 13045 13040 13110
f 13110 13040 13107
f 13110 13107 13159
f 13159 13107 13157
f 13159 13157 13216
f 13216 13157 13213
f 13216 13213 13240
f 13240 13213 13238
f 13240 13238 13261
f 13307 13330 13310
f 13310 13330 13336
f 13310 13336 13317
f 13317 13336 13340
f 13317 13340 13320
f 13360 13347 13371
f 13312 13300 13326
f 13326 13300 13324
f 13326 13324 13349
f 13349 13324 13345
f 13349 13345 13375
f 13375 13345 13370
f 13375 13370 13394
f 13394 13370 13382
f 13394 13382 13398
f 13398 13382 13388
f 13398 13388 13393
f 13392 13356 13390
f 13390 13356 13386
f 13390 13386 13410
f 13410 13386 13404
f 13410 13404 13417
f 13417 13404 13409
f 13417 13409 13414
f 13414 13409 13405
f 13414 13405 13403
f 13403 13405 13389
f 13403 13389 13374
f 13422 13429 13416
f 13416 13429 13412
f 13416 13412 13391
f 13391 13412 13381
f 13391 13381 13348
f 13348 13381 13343
f 13348 13343 13319
f 13319 13343 13316
f 13319 13316 13293
f 13293 13316 13290
f 13293 13290 13263
f 13217 13214 13156
f 13277 13280 13257
f 13257 13280 13256
f 13257 13256 13227
f 13227 13256 13225
f 13227 13225 13168
f 13168 13225 13165
f 13168 13165 13119
f 13119 13165 13108
f 13119 13108 13039
f 13039 13108 13037
f 13039 13037 12944
f 13184 13230 13177
f 13177 13230 13175
f 13177 13175 13124
f 13124 13175 13120
f 13124 13120 13048
f 13048 13120 13047
f 13048 13047 12960
f 12960 13047 12947
f 12960 12947 12832
f 12832 12947 12820
f 12832 12820 12713
f 13126 13177 13125
f 13125 13177 13124
f 13125 13124 13053
f 13053 13124 13048
f 13053 13048 12961
f 12961 13048 12960
f 12961 12960 12837
f 12837 12960 12832
f 12837 12832 12714
f 12714 12832 12713
f 12714 12713 12575
f 12305 12306 12308
f 12308 12306 12405
f 12308 12405 12503
f 12503 12405 12501
f 12503 12501 12645
f 12209 12215 12314
f 12314 12215 12313
f 12314 12313 12515
f 12515 12313 12503
f 12515 12503 12700
f 12700 12503 12645
f 12645 12698 12700
f 12700 12698 12701
f 12700 12701 12716
f 12716 12756 12700
f 12700 12756 12801
f 12700 12801 12704
f 12756 12781 12801
f 12801 12781 12799
f 12801 12799 12859
f 12167 12178 12316
f 12316 12178 12315
f 12316 12315 12529
f 12529 12315 12524
f 12529 12524 12705
f 12705 12524 12704
f 12705 12704 12804
f 12804 12704 12801
f 12804 12801 12933
f 12933 12801 12859
f 12933 12859 12928
f 12928 12935 12933
f 12933 12935 12995
f 12933 12995 13008
f 13008 12995 13007
f 13008 13007 13059
f 12374 12317 12547
f 12547 12317 12539
f 12547 12539 12709
f 12709 12539 12706
f 12709 12706 12818
f 12818 12706 12811
f 12818 12811 12936
f 12936 12811 12934
f 12936 12934 13029
f 13029 12934 13008
f 13029 13008 13078
f 13078 13008 13059
f 13078 13059 13062
f 13062 13076 13078
f 13078 13076 13095
f 13078 13095 13098
f 12695 12547 12711
f 12711 12547 12709
f 12711 12709 12821
f 12821 12709 12818
f 12821 12818 12945
f 12945 12818 12936
f 12945 12936 13035
f 13035 12936 13029
f 13035 13029 13081
f 13081 13029 13078
f 13081 13078 13143
f 13143 13078 13098
f 13143 13098 13129
f 13129 13142 13143
f 13143 13142 13176
f 13143 13176 13203
f 13203 13176 13198
f 13203 13198 13215
f 12955 12824 12948
f 12948 12824 12946
f 12948 12946 13040
f 13040 12946 13038
f 13040 13038 13107
f 13107 13038 13097
f 13107 13097 13157
f 13157 13097 13148
f 13157 13148 13213
f 13213 13148 13203
f 13213 13203 13238
f 13238 13203 13215
f 13238 13215 13235
f 13236 13237 13238
f 13238 13237 13255
f 13238 13255 13261
f 13261 13255 13260
f 13261 13260 13265
f 13265 13284 13261
f 13261 13284 13264
f 13261 13264 13240
f 13240 13264 13247
f 13240 13247 13216
f 13216 13247 13218
f 13216 13218 13159
f 13159 13218 13164
f 13159 13164 13110
f 13110 13164 13117
f 13110 13117 13045
f 13045 13117 13112
f 13045 13112 13046
f 13265 13282 13284
f 13284 13282 13283
f 13284 13283 13288
f 13288 13297 13284
f 13284 13297 13307
f 13284 13307 13291
f 13291 13307 13310
f 13291 13310 13294
f 13294 13310 13317
f 13294 13317 13295
f 13295 13317 13320
f 13295 13320 13298
f 13339 13341 13347
f 13297 13303 13307
f 13307 13303 13311
f 13307 13311 13330
f 13330 13311 13323
f 13330 13323 13327
f 13327 13339 13330
f 13330 13339 13347
f 13330 13347 13336
f 13336 13347 13360
f 13336 13360 13340
f 13341 13342 13347
f 13347 13342 13355
f 13347 13355 13371
f 13371 13355 13365
f 13371 13365 13369
f 13301 13272 13300
f 13300 13272 13298
f 13300 13298 13324
f 13324 13298 13320
f 13324 13320 13345
f 13345 13320 13340
f 13345 13340 13370
f 13370 13340 13360
f 13370 13360 13382
f 13382 13360 13371
f 13382 13371 13388
f 13388 13371 13369
f 13388 13369 13376
f 13377 13378 13388
f 13388 13378 13383
f 13388 13383 13393
f 13393 13383 13384
f 13393 13384 13385
f 13352 13326 13356
f 13356 13326 13349
f 13356 13349 13386
f 13386 13349 13375
f 13386 13375 13404
f 13404 13375 13394
f 13404 13394 13409
f 13409 13394 13398
f 13409 13398 13405
f 13405 13398 13393
f 13405 13393 13389
f 13389 13393 13385
f 13389 13385 13380
f 13380 13379 13389
f 13389 13379 13372
f 13389 13372 13374
f 13374 13372 13368
f 13374 13368 13361
f 13399 13390 13413
f 13413 13390 13410
f 13413 13410 13421
f 13421 13410 13417
f 13421 13417 13420
f 13420 13417 13414
f 13420 13414 13411
f 13411 13414 13403
f 13411 13403 13387
f 13387 13403 13374
f 13387 13374 13350
f 13350 13374 13361
f 13350 13361 13359
f 13359 13346 13350
f 13350 13346 13344
f 13350 13344 13337
f 13337 13333 13350
f 13350 13333 13364
f 13350 13364 13387
f 13387 13364 13397
f 13387 13397 13411
f 13411 13397 13419
f 13411 13419 13420
f 13420 13419 13430
f 13420 13430 13421
f 13421 13430 13427
f 13421 13427 13413
f 13413 13427 13423
f 13413 13423 13415
f 13337 13335 13333
f 13333 13335 13329
f 13333 13329 13318
f 13318 13309 13333
f 13333 13309 13338
f 13333 13338 13364
f 13364 13338 13373
f 13364 13373 13397
f 13397 13373 13406
f 13397 13406 13419
f 13419 13406 13424
f 13419 13424 13430
f 13430 13424 13432
f 13430 13432 13427
f 13427 13432 13434
f 13427 13434 13428
f 13318 13308 13309
f 13309 13308 13304
f 13309 13304 13292
f 13431 13432 13429
f 13429 13432 13424
f 13429 13424 13412
f 13412 13424 13406
f 13412 13406 13381
f 13381 13406 13373
f 13381 13373 13343
f 13343 13373 13338
f 13343 13338 13316
f 13316 13338 13309
f 13316 13309 13290
f 13290 13309 13292
f 13290 13292 13289
f 13289 13285 13290
f 13290 13285 13270
f 13290 13270 13263
f 13263 13270 13262
f 13263 13262 13259
f 13400 13416 13395
f 13395 13416 13391
f 13395 13391 13358
f 13358 13391 13348
f 13358 13348 13325
f 13325 13348 13319
f 13325 13319 13296
f 13296 13319 13293
f 13296 13293 13267
f 13267 13293 13263
f 13267 13263 13241
f 13241 13263 13259
f 13241 13259 13242
f 13239 13226 13241
f 13241 13226 13214
f 13241 13214 13248
f 13248 13214 13217
f 13248 13217 13250
f 13123 13096 13156
f 13156 13096 13158
f 13156 13158 13217
f 13217 13158 13221
f 13217 13221 13250
f 13250 13221 13254
f 13250 13254 13273
f 13273 13254 13275
f 13273 13275 13302
f 13302 13275 13305
f 13302 13305 13332
f 13332 13305 13313
f 13332 13313 13334
f 13226 13212 13214
f 13214 13212 13193
f 13214 13193 13156
f 13156 13193 13149
f 13156 13149 13123
f 13123 13106 13096
f 13096 13106 13083
f 13096 13083 13072
f 13281 13305 13280
f 13280 13305 13275
f 13280 13275 13256
f 13256 13275 13254
f 13256 13254 13225
f 13225 13254 13221
f 13225 13221 13165
f 13165 13221 13158
f 13165 13158 13108
f 13108 13158 13096
f 13108 13096 13037
f 13037 13096 13072
f 13037 13072 13071
f 13032 13024 13037
f 13037 13024 12963
f 13037 12963 12944
f 12944 12963 12943
f 12944 12943 12902
f 13243 13257 13230
f 13230 13257 13227
f 13230 13227 13175
f 13175 13227 13168
f 13175 13168 13120
f 13120 13168 13119
f 13120 13119 13047
f 13047 13119 13039
f 13047 13039 12947
f 12947 13039 12944
f 12947 12944 12820
f 12820 12944 12902
f 12820 12902 12817
f 12817 12800 12820
f 12820 12800 12792
f 12820 12792 12713
f 12713 12792 12730
f 12713 12730 12726
f 12726 12710 12713
f 12713 12710 12684
f 12713 12684 12575
f 12575 12684 12565
f 12575 12565 12479
f 13058 13125 13057
f 13057 13125 13053
f 13057 13053 12962
f 12962 13053 12961
f 12962 12961 12844
f 12844 12961 12837
f 12844 12837 12715
f 12715 12837 12714
f 12715 12714 12599
f 12599 12714 12575
f 12599 12575 12335
f 12335 12575 12479
f 12335 12479 12344
f 12233 12232 12228
f 12228 12232 12231
f 12228 12231 12224
f 12231 12230 12224
f 12224 12230 12227
f 12224 12227 12221
f 12207 12210 12212
f 12227 12219 12221
f 12221 12219 12217
f 12221 12217 12213
f 12213 12217 12215
f 12213 12215 12212
f 12212 12215 12209
f 12212 12209 12207
f 12175 12190 12178
f 12178 12190 12192
f 12210 12207 12197
f 12197 12207 12199
f 12197 12199 12192
f 12192 12199 12182
f 12192 12182 12178
f 12165 12160 12171
f 12175 12178 12171
f 12171 12178 12167
f 12171 12167 12165
f 12153 12147 12150
f 12150 12156 12153
f 12153 12156 12158
f 12153 12158 12155
f 12155 12158 12160
f 12155 12160 12163
f 12163 12160 12165
f 12153 12149 12147
f 12147 12149 12145
f 12147 12145 12142
f 12142 12145 12133
f 12142 12133 12136
f 12158 12156 12276
f 12276 12156 12150
f 12276 12150 12270
f 12270 12150 12147
f 12270 12147 12142
f 12192 12190 12282
f 12282 12190 12175
f 12282 12175 12278
f 12278 12175 12171
f 12278 12171 12276
f 12276 12171 12160
f 12276 12160 12158
f 12293 12221 12287
f 12287 12221 12213
f 12213 12212 12287
f 12287 12212 12210
f 12287 12210 12282
f 12282 12210 12197
f 12282 12197 12192
f 12233 12228 12293
f 12293 12228 12224
f 12293 12224 12221
f 12427 12327 12293
f 12293 12327 12303
f 12293 12303 12233
f 12142 12136 12270
f 12270 12136 12268
f 12270 12268 12272
f 12427 12293 12411
f 12411 12293 12287
f 12411 12287 12408
f 12408 12287 12282
f 12408 12282 12401
f 12401 12282 12278
f 12401 12278 12395
f 12395 12278 12276
f 12395 12276 12393
f 12393 12276 12270
f 12393 12270 12391
f 12391 12270 12272
f 12391 12272 12387
f 12588 12590 12594
f 12563 12580 12586
f 12653 12667 12676
f 12678 12675 12664
f 12544 12549 12584
f 12572 12582 12611
f 12610 12617 12632
f 12387 12413 12417
f 12387 12417 12391
f 12391 12417 12423
f 12391 12423 12393
f 12393 12423 12429
f 12393 12429 12395
f 12657 12669 12680
f 12657 12667 12656
f 12656 12667 12653
f 12656 12653 12642
f 12642 12653 12636
f 12530 12536 12566
f 12566 12536 12570
f 12566 12570 12573
f 12427 12411 12473
f 12473 12411 12456
f 12473 12456 12491
f 12491 12456 12561
f 12534 12577 12561
f 12666 12651 12634
f 12634 12651 12637
f 12672 12687 12685
f 12676 12689 12693
f 12657 12680 12667
f 12667 12680 12681
f 12667 12681 12676
f 12676 12681 12688
f 12676 12688 12689
f 12617 12636 12632
f 12632 12636 12653
f 12632 12653 12662
f 12662 12653 12676
f 12662 12676 12672
f 12672 12676 12693
f 12672 12693 12687
f 12582 12610 12611
f 12611 12610 12632
f 12611 12632 12646
f 12646 12632 12662
f 12646 12662 12659
f 12659 12662 12672
f 12659 12672 12664
f 12664 12672 12685
f 12664 12685 12678
f 12549 12572 12584
f 12584 12572 12611
f 12584 12611 12627
f 12627 12611 12646
f 12627 12646 12640
f 12640 12646 12659
f 12640 12659 12649
f 12649 12659 12664
f 12649 12664 12634
f 12634 12664 12675
f 12634 12675 12666
f 12536 12544 12570
f 12570 12544 12584
f 12570 12584 12605
f 12605 12584 12627
f 12605 12627 12620
f 12620 12627 12640
f 12620 12640 12623
f 12623 12640 12649
f 12623 12649 12608
f 12608 12649 12634
f 12608 12634 12534
f 12534 12634 12637
f 12534 12637 12577
f 12465 12463 12508
f 12413 12435 12417
f 12417 12435 12463
f 12417 12463 12423
f 12423 12463 12465
f 12423 12465 12429
f 12435 12461 12463
f 12463 12461 12483
f 12463 12483 12508
f 12508 12483 12506
f 12508 12506 12521
f 12401 12395 12437
f 12437 12395 12429
f 12437 12429 12481
f 12481 12429 12465
f 12481 12465 12511
f 12511 12465 12508
f 12511 12508 12545
f 12545 12508 12521
f 12545 12521 12541
f 12408 12401 12448
f 12448 12401 12437
f 12448 12437 12497
f 12497 12437 12481
f 12497 12481 12527
f 12527 12481 12511
f 12527 12511 12559
f 12559 12511 12545
f 12559 12545 12586
f 12586 12545 12541
f 12586 12541 12563
f 12411 12408 12456
f 12456 12408 12448
f 12456 12448 12513
f 12513 12448 12497
f 12513 12497 12556
f 12556 12497 12527
f 12556 12527 12596
f 12596 12527 12559
f 12596 12559 12601
f 12601 12559 12586
f 12601 12586 12594
f 12594 12586 12580
f 12594 12580 12588
f 12561 12456 12534
f 12534 12456 12513
f 12534 12513 12608
f 12608 12513 12556
f 12608 12556 12623
f 12623 12556 12596
f 12623 12596 12620
f 12620 12596 12601
f 12620 12601 12605
f 12605 12601 12594
f 12605 12594 12570
f 12570 12594 12590
f 12570 12590 12573
f 12638 12648 12614
f 12614 12648 12607
f 12530 12469 12536
f 12536 12469 12475
f 12536 12475 12544
f 12544 12475 12480
f 12544 12480 12549
f 12549 12480 12484
f 12549 12484 12572
f 12572 12484 12495
f 12572 12495 12582
f 12582 12495 12499
f 12582 12499 12610
f 12610 12499 12510
f 12610 12510 12617
f 12617 12510 12519
f 12617 12519 12636
f 12636 12519 12543
f 12636 12543 12642
f 12642 12543 12554
f 12642 12554 12656
f 12656 12554 12607
f 12656 12607 12657
f 12657 12607 12648
f 12657 12648 12669
f 12345 12321 12323
f 12289 12284 12336
f 12371 12373 12369
f 12261 12258 12297
f 12607 12554 12516
f 12543 12519 12493
f 12469 12450 12452
f 12454 12480 12452
f 12452 12480 12475
f 12452 12475 12469
f 12510 12499 12467
f 12467 12499 12495
f 12467 12495 12454
f 12454 12495 12484
f 12454 12484 12480
f 12638 12614 12604
f 12604 12614 12551
f 12604 12551 12600
f 12281 12240 12253
f 12253 12240 12237
f 12249 12248 12289
f 12289 12248 12245
f 12289 12245 12284
f 12284 12245 12244
f 12284 12244 12241
f 12254 12252 12291
f 12264 12262 12301
f 12301 12262 12299
f 12301 12299 12311
f 12489 12504 12518
f 12410 12431 12421
f 12421 12431 12458
f 12336 12339 12342
f 12339 12336 12307
f 12307 12336 12284
f 12307 12284 12281
f 12281 12284 12241
f 12281 12241 12240
f 12252 12249 12291
f 12291 12249 12289
f 12291 12289 12333
f 12333 12289 12336
f 12333 12336 12369
f 12369 12336 12342
f 12369 12342 12371
f 12257 12254 12295
f 12295 12254 12291
f 12295 12291 12331
f 12331 12291 12333
f 12331 12333 12363
f 12363 12333 12369
f 12363 12369 12421
f 12421 12369 12373
f 12421 12373 12410
f 12258 12257 12297
f 12297 12257 12295
f 12297 12295 12328
f 12328 12295 12331
f 12328 12331 12361
f 12361 12331 12363
f 12361 12363 12406
f 12406 12363 12421
f 12406 12421 12489
f 12489 12421 12458
f 12489 12458 12504
f 12262 12261 12299
f 12299 12261 12297
f 12299 12297 12325
f 12325 12297 12328
f 12325 12328 12359
f 12359 12328 12361
f 12359 12361 12397
f 12397 12361 12406
f 12397 12406 12459
f 12459 12406 12489
f 12459 12489 12551
f 12551 12489 12518
f 12551 12518 12600
f 12425 12419 12380
f 12450 12442 12452
f 12452 12442 12419
f 12452 12419 12454
f 12454 12419 12425
f 12454 12425 12467
f 12442 12415 12419
f 12419 12415 12399
f 12419 12399 12380
f 12380 12399 12378
f 12380 12378 12365
f 12519 12510 12493
f 12493 12510 12467
f 12493 12467 12432
f 12432 12467 12425
f 12432 12425 12382
f 12382 12425 12380
f 12382 12380 12355
f 12355 12380 12365
f 12355 12365 12353
f 12554 12543 12516
f 12516 12543 12493
f 12516 12493 12446
f 12446 12493 12432
f 12446 12432 12385
f 12385 12432 12382
f 12385 12382 12357
f 12357 12382 12355
f 12357 12355 12323
f 12323 12355 12353
f 12323 12353 12345
f 12614 12607 12551
f 12551 12607 12516
f 12551 12516 12459
f 12459 12516 12446
f 12459 12446 12397
f 12397 12446 12385
f 12397 12385 12359
f 12359 12385 12357
f 12359 12357 12325
f 12325 12357 12323
f 12325 12323 12299
f 12299 12323 12321
f 12299 12321 12311
f 12109 12110 12112
f 12087 12089 12090
f 12047 12027 12029
f 12023 11946 11949
f 12264 12205 12262
f 12262 12205 12202
f 12262 12202 12261
f 12261 12202 12258
f 12258 12202 12200
f 12258 12200 12257
f 12257 12200 12254
f 12254 12200 12194
f 12254 12194 12252
f 12252 12194 12249
f 12249 12194 12188
f 12249 12188 12248
f 12248 12188 12245
f 12245 12188 12183
f 12245 12183 12244
f 12244 12183 12241
f 12241 12183 12173
f 12241 12173 12240
f 11912 11914 11916
f 11912 11978 11910
f 11910 11978 11968
f 11910 11968 11908
f 11908 11968 11906
f 11906 11968 11963
f 11906 11963 11904
f 11904 11963 11902
f 11902 11963 11957
f 11902 11957 11900
f 11900 11957 11897
f 11897 11957 11951
f 11897 11951 11895
f 11895 11951 11893
f 11893 11951 11949
f 11893 11949 11891
f 11891 11949 11889
f 11889 11949 11946
f 11889 11946 11885
f 12102 12049 12051
f 12124 12104 12100
f 12049 12047 12051
f 12051 12047 12029
f 12051 12029 12053
f 12053 12029 12031
f 12053 12031 12055
f 12055 12031 12033
f 12055 12033 12057
f 12057 12033 12035
f 12057 12035 12059
f 12059 12035 12037
f 12059 12037 12061
f 12061 12037 12039
f 11912 11916 11978
f 11978 11916 11983
f 11978 11983 12020
f 12027 12023 12029
f 12029 12023 11949
f 12029 11949 12031
f 12031 11949 11951
f 12031 11951 12033
f 12033 11951 11957
f 12033 11957 12035
f 12035 11957 11963
f 12035 11963 12037
f 12037 11963 11968
f 12037 11968 12039
f 12039 11968 11978
f 12039 11978 12026
f 12026 11978 12020
f 12026 12041 12039
f 12039 12041 12044
f 12039 12044 12061
f 12061 12044 12064
f 12061 12064 12066
f 12087 12090 12068
f 12104 12102 12100
f 12100 12102 12051
f 12100 12051 12098
f 12098 12051 12053
f 12098 12053 12096
f 12096 12053 12055
f 12096 12055 12094
f 12094 12055 12057
f 12094 12057 12092
f 12092 12057 12059
f 12092 12059 12090
f 12090 12059 12061
f 12090 12061 12068
f 12068 12061 12066
f 12128 12124 12122
f 12122 12124 12100
f 12122 12100 12120
f 12120 12100 12098
f 12120 12098 12118
f 12118 12098 12096
f 12118 12096 12116
f 12116 12096 12094
f 12116 12094 12114
f 12114 12094 12092
f 12114 12092 12112
f 12112 12092 12090
f 12112 12090 12109
f 12109 12090 12089
f 12237 12240 12170
f 12170 12240 12173
f 12170 12173 12168
f 12168 12173 12127
f 12110 12127 12112
f 12112 12127 12173
f 12112 12173 12114
f 12114 12173 12183
f 12114 12183 12116
f 12116 12183 12188
f 12116 12188 12118
f 12118 12188 12194
f 12118 12194 12120
f 12120 12194 12200
f 12120 12200 12122
f 12122 12200 12202
f 12122 12202 12128
f 12128 12202 12205
f 11752 11736 11732
f 11786 11773 11771
f 11635 11600 11662
f 11711 11718 11730
f 11866 11872 11867
f 11674 11667 11697
f 11660 11652 11684
f 11650 11632 11658
f 11908 11906 11862
f 11904 11902 11860
f 11900 11897 11856
f 11852 11889 11885
f 11895 11893 11854
f 11854 11893 11891
f 11910 11867 11912
f 11912 11867 11872
f 11912 11872 11914
f 11536 11513 11600
f 11600 11513 11526
f 11629 11597 11635
f 11635 11597 11594
f 11635 11594 11600
f 11600 11594 11537
f 11600 11537 11536
f 11680 11676 11701
f 11701 11676 11699
f 11701 11699 11709
f 11815 11814 11832
f 11768 11780 11782
f 11782 11780 11800
f 11526 11549 11600
f 11600 11549 11599
f 11600 11599 11662
f 11662 11599 11647
f 11662 11647 11656
f 11632 11629 11658
f 11658 11629 11635
f 11658 11635 11692
f 11692 11635 11662
f 11692 11662 11730
f 11730 11662 11656
f 11730 11656 11711
f 11652 11650 11684
f 11684 11650 11658
f 11684 11658 11705
f 11705 11658 11692
f 11705 11692 11745
f 11745 11692 11730
f 11745 11730 11782
f 11782 11730 11718
f 11782 11718 11768
f 11667 11660 11697
f 11697 11660 11684
f 11697 11684 11719
f 11719 11684 11705
f 11719 11705 11754
f 11754 11705 11745
f 11754 11745 11788
f 11788 11745 11782
f 11788 11782 11815
f 11815 11782 11800
f 11815 11800 11814
f 11676 11674 11699
f 11699 11674 11697
f 11699 11697 11726
f 11726 11697 11719
f 11726 11719 11766
f 11766 11719 11754
f 11766 11754 11790
f 11790 11754 11788
f 11790 11788 11818
f 11818 11788 11815
f 11818 11815 11867
f 11867 11815 11832
f 11867 11832 11866
f 11828 11854 11852
f 11852 11854 11891
f 11852 11891 11889
f 11885 11850 11852
f 11852 11850 11840
f 11852 11840 11828
f 11828 11840 11830
f 11828 11830 11806
f 11897 11895 11856
f 11856 11895 11854
f 11856 11854 11826
f 11826 11854 11828
f 11826 11828 11796
f 11796 11828 11806
f 11796 11806 11798
f 11902 11900 11860
f 11860 11900 11856
f 11860 11856 11823
f 11823 11856 11826
f 11823 11826 11794
f 11794 11826 11796
f 11794 11796 11771
f 11771 11796 11798
f 11771 11798 11786
f 11906 11904 11862
f 11862 11904 11860
f 11862 11860 11820
f 11820 11860 11823
f 11820 11823 11792
f 11792 11823 11794
f 11792 11794 11769
f 11769 11794 11771
f 11769 11771 11732
f 11732 11771 11773
f 11732 11773 11752
f 11910 11908 11867
f 11867 11908 11862
f 11867 11862 11818
f 11818 11862 11820
f 11818 11820 11790
f 11790 11820 11792
f 11790 11792 11766
f 11766 11792 11769
f 11766 11769 11726
f 11726 11769 11732
f 11726 11732 11699
f 11699 11732 11736
f 11699 11736 11709
f 11504 11513 11536
f 11482 11504 11491
f 11491 11504 11536
f 11491 11536 11494
f 11494 11536 11537
f 11494 11537 11508
f 11508 11537 11594
f 11508 11594 11509
f 11509 11594 11597
f 11509 11597 11528
f 11528 11597 11629
f 11528 11629 11534
f 11534 11629 11632
f 11534 11632 11554
f 11554 11632 11650
f 11554 11650 11569
f 11569 11650 11652
f 11569 11652 11590
f 11590 11652 11660
f 11590 11660 11602
f 11602 11660 11667
f 11602 11667 11612
f 11612 11667 11674
f 11612 11674 11615
f 11615 11674 11676
f 11615 11676 11619
f 11619 11676 11680
f 11666 11690 11688
f 11630 11645 11643
f 11481 11478 11487
f 11491 11494 11484
f 11508 11509 11498
f 11528 11534 11519
f 11619 11585 11581
f 11567 11612 11581
f 11581 11612 11615
f 11581 11615 11619
f 11554 11569 11540
f 11540 11569 11590
f 11540 11590 11567
f 11567 11590 11602
f 11567 11602 11612
f 11740 11724 11678
f 11743 11740 11703
f 11703 11740 11695
f 11703 11695 11617
f 11762 11760 11738
f 11738 11760 11734
f 11738 11734 11716
f 11482 11491 11473
f 11473 11491 11484
f 11473 11484 11470
f 11470 11484 11462
f 11475 11461 11462
f 11469 11466 11479
f 11479 11466 11460
f 11517 11500 11497
f 11617 11576 11530
f 11740 11678 11695
f 11695 11678 11675
f 11695 11675 11617
f 11617 11675 11614
f 11617 11614 11576
f 11750 11743 11714
f 11714 11743 11703
f 11714 11703 11638
f 11638 11703 11617
f 11638 11617 11517
f 11517 11617 11530
f 11517 11530 11500
f 11756 11750 11722
f 11722 11750 11714
f 11722 11714 11654
f 11654 11714 11638
f 11654 11638 11543
f 11543 11638 11517
f 11543 11517 11487
f 11487 11517 11497
f 11487 11497 11481
f 11758 11756 11728
f 11728 11756 11722
f 11728 11722 11670
f 11670 11722 11654
f 11670 11654 11595
f 11595 11654 11543
f 11595 11543 11502
f 11502 11543 11487
f 11502 11487 11479
f 11479 11487 11478
f 11479 11478 11469
f 11760 11758 11734
f 11734 11758 11728
f 11734 11728 11686
f 11686 11728 11670
f 11686 11670 11624
f 11624 11670 11595
f 11624 11595 11527
f 11527 11595 11502
f 11527 11502 11492
f 11492 11502 11479
f 11492 11479 11475
f 11475 11479 11460
f 11475 11460 11461
f 11546 11557 11565
f 11585 11578 11581
f 11581 11578 11557
f 11581 11557 11567
f 11567 11557 11546
f 11567 11546 11540
f 11578 11561 11557
f 11557 11561 11563
f 11557 11563 11565
f 11565 11563 11571
f 11565 11571 11588
f 11534 11554 11519
f 11519 11554 11540
f 11519 11540 11524
f 11524 11540 11546
f 11524 11546 11550
f 11550 11546 11565
f 11550 11565 11606
f 11606 11565 11588
f 11606 11588 11610
f 11509 11528 11498
f 11498 11528 11519
f 11498 11519 11505
f 11505 11519 11524
f 11505 11524 11531
f 11531 11524 11550
f 11531 11550 11592
f 11592 11550 11606
f 11592 11606 11643
f 11643 11606 11610
f 11643 11610 11630
f 11494 11508 11484
f 11484 11508 11498
f 11484 11498 11489
f 11489 11498 11505
f 11489 11505 11511
f 11511 11505 11531
f 11511 11531 11555
f 11555 11531 11592
f 11555 11592 11640
f 11640 11592 11643
f 11640 11643 11688
f 11688 11643 11645
f 11688 11645 11666
f 11462 11484 11475
f 11475 11484 11489
f 11475 11489 11492
f 11492 11489 11511
f 11492 11511 11527
f 11527 11511 11555
f 11527 11555 11624
f 11624 11555 11640
f 11624 11640 11686
f 11686 11640 11688
f 11686 11688 11734
f 11734 11688 11690
f 11734 11690 11716
f 11879 11883 11881
f 11930 11929 11858
f 11858 11929 11927
f 11930 11858 11938
f 11938 11858 11864
f 11938 11864 11941
f 11941 11864 11956
f 11956 11864 11869
f 11956 11869 11959
f 11873 11975 11869
f 11869 11975 11961
f 11869 11961 11959
f 11995 11993 11875
f 11875 11993 11990
f 11875 11990 11873
f 11873 11990 11980
f 11873 11980 11975
f 11995 11875 12001
f 12001 11875 11881
f 12001 11881 12004
f 12004 11881 12009
f 12009 11881 11883
f 12009 11883 12014
f 11760 11762 11879
f 11833 11858 11848
f 11848 11858 11927
f 11848 11927 11918
f 11879 11881 11760
f 11760 11881 11875
f 11760 11875 11758
f 11758 11875 11873
f 11758 11873 11756
f 11756 11873 11869
f 11756 11869 11750
f 11750 11869 11864
f 11750 11864 11743
f 11743 11864 11858
f 11743 11858 11740
f 11740 11858 11833
f 11740 11833 11724
f 12001 12004 12000
f 11929 11926 11923
f 11917 11918 11923
f 11923 11918 11927
f 11923 11927 11929
f 11926 11929 11932
f 11932 11929 11930
f 11932 11930 11934
f 11934 11930 11936
f 11936 11930 11938
f 11936 11938 11944
f 11944 11938 11941
f 11944 11941 11948
f 11948 11941 11956
f 11948 11956 11954
f 11954 11956 11971
f 11971 11956 11959
f 11971 11959 11972
f 11972 11959 11961
f 11972 11961 11973
f 11973 11961 11975
f 11973 11975 11976
f 11976 11975 11986
f 11986 11975 11980
f 11986 11980 11988
f 11988 11980 11990
f 11988 11990 11991
f 11991 11990 11998
f 11998 11990 11993
f 11998 11993 12000
f 12000 11993 11995
f 12000 11995 12001
f 12014 12011 12009
f 12009 12011 12008
f 12009 12008 12004
f 12004 12008 12006
f 12004 12006 12000
f 11808 11822 11817
f 10820 10819 10814
f 11803 11802 11522
f 11065 11050 11051
f 10810 10798 10799
f 10739 10730 10732
f 10728 10727 10729
f 10849 10860 10861
f 10900 10902 10904
f 11175 11232 11239
f 11333 11359 11364
f 11778 11834 11835
f 11998 12000 11966
f 11846 11844 11847
f 11847 11844 11921
f 11847 11921 11920
f 11935 11933 11839
f 11839 11933 11925
f 11839 11925 11844
f 11844 11925 11922
f 11844 11922 11921
f 11935 11839 11937
f 11937 11839 11838
f 11937 11838 11943
f 11837 11953 11838
f 11838 11953 11945
f 11838 11945 11943
f 11987 11985 11836
f 11836 11985 11974
f 11836 11974 11837
f 11837 11974 11970
f 11837 11970 11953
f 11987 11836 11989
f 11989 11836 11835
f 11989 11835 11997
f 12018 12007 11834
f 11834 12007 12003
f 11834 12003 11835
f 11835 12003 11999
f 11835 11999 11997
f 12011 11965 12008
f 12008 11965 12006
f 11967 11973 11976
f 11976 11986 11967
f 11967 11986 11988
f 11967 11988 11966
f 11966 11988 11991
f 11966 11991 11998
f 11948 11954 11809
f 11809 11954 11971
f 11934 11936 11811
f 11811 11936 11944
f 11923 11926 11812
f 11812 11926 11932
f 11822 11917 11923
f 11457 11604 11605
f 11605 11604 11778
f 11440 11439 11457
f 11439 11440 11359
f 11333 11364 11232
f 11064 11130 11131
f 11131 11130 11175
f 11059 11058 11064
f 10953 10952 10993
f 10924 10923 10932
f 10900 10904 10860
f 10809 10833 10835
f 10835 10833 10849
f 10805 10804 10809
f 10804 10805 10769
f 10748 10746 10762
f 10734 10733 10738
f 10733 10734 10727
f 10728 10729 10730
f 10745 10743 10739
f 10766 10765 10761
f 10856 10855 10848
f 10919 10918 10899
f 10992 10945 10946
f 10946 10945 10933
f 10999 10998 10992
f 10998 10999 11050
f 11065 11051 11118
f 11219 11216 11176
f 11342 11341 11332
f 11965 11801 11802
f 11802 11801 11777
f 11802 11777 11522
f 11522 11777 11521
f 11522 11521 11458
f 10866 10863 10905
f 10905 10863 10904
f 10905 10904 10924
f 10924 10904 10902
f 10924 10902 10923
f 11971 11972 11809
f 11809 11972 11803
f 11809 11803 11523
f 11523 11803 11522
f 11523 11522 11430
f 11430 11522 11458
f 11430 11458 11429
f 11972 11973 11803
f 11803 11973 11967
f 11803 11967 11802
f 11802 11967 11966
f 11802 11966 11965
f 11965 11966 12000
f 11965 12000 12006
f 10867 10866 10908
f 10908 10866 10905
f 10908 10905 10925
f 10925 10905 10924
f 10925 10924 10953
f 10953 10924 10932
f 10953 10932 10952
f 11944 11948 11811
f 11811 11948 11809
f 11811 11809 11533
f 11533 11809 11523
f 11533 11523 11431
f 11431 11523 11430
f 11431 11430 11342
f 11342 11430 11429
f 11342 11429 11341
f 10885 10867 10910
f 10910 10867 10908
f 10910 10908 10927
f 10927 10908 10925
f 10927 10925 10954
f 10954 10925 10953
f 10954 10953 11010
f 11010 10953 10993
f 11010 10993 11009
f 10928 10926 10907
f 10907 10926 10903
f 10907 10903 10862
f 10862 10903 10859
f 10862 10859 10830
f 10830 10859 10829
f 10830 10829 10799
f 10799 10829 10827
f 10799 10827 10810
f 11137 11129 11057
f 11057 11129 11056
f 11057 11056 11008
f 11008 11056 11001
f 11008 11001 10949
f 10949 11001 10946
f 10949 10946 10919
f 10919 10946 10933
f 10919 10933 10918
f 11932 11934 11812
f 11812 11934 11811
f 11812 11811 11539
f 11539 11811 11533
f 11539 11533 11435
f 11435 11533 11431
f 11435 11431 11343
f 11343 11431 11342
f 11343 11342 11219
f 11219 11342 11332
f 11219 11332 11216
f 10892 10885 10912
f 10912 10885 10910
f 10912 10910 10929
f 10929 10910 10927
f 10929 10927 10958
f 10958 10927 10954
f 10958 10954 11012
f 11012 10954 11010
f 11012 11010 11059
f 11059 11010 11009
f 11059 11009 11058
f 10935 10928 10909
f 10909 10928 10907
f 10909 10907 10865
f 10865 10907 10862
f 10865 10862 10836
f 10836 10862 10830
f 10836 10830 10803
f 10803 10830 10799
f 10803 10799 10766
f 10766 10799 10798
f 10766 10798 10765
f 11139 11137 11068
f 11068 11137 11057
f 11068 11057 11011
f 11011 11057 11008
f 11011 11008 10951
f 10951 11008 10949
f 10951 10949 10920
f 10920 10949 10919
f 10920 10919 10896
f 10896 10919 10899
f 10896 10899 10895
f 11822 11923 11817
f 11817 11923 11812
f 11817 11812 11553
f 11553 11812 11539
f 11553 11539 11436
f 11436 11539 11435
f 11436 11435 11344
f 11344 11435 11343
f 11344 11343 11225
f 11225 11343 11219
f 11225 11219 11119
f 11119 11219 11176
f 11119 11176 11118
f 11649 11452 11637
f 11637 11452 11447
f 11637 11447 11628
f 11628 11447 11446
f 11628 11446 11623
f 11623 11446 11445
f 11623 11445 11613
f 11387 11254 11384
f 11384 11254 11253
f 11384 11253 11377
f 11359 11440 11364
f 11364 11440 11367
f 11364 11367 11241
f 11241 11367 11242
f 11241 11242 11138
f 11138 11242 11141
f 11138 11141 11079
f 11079 11141 11095
f 11079 11095 11028
f 11028 11095 11033
f 11028 11033 10973
f 11175 11239 11131
f 11131 11239 11136
f 11131 11136 11066
f 11066 11136 11069
f 11066 11069 11017
f 11017 11069 11019
f 11017 11019 10960
f 10960 11019 10963
f 10960 10963 10936
f 10936 10963 10938
f 10936 10938 10915
f 10854 10831 10851
f 10851 10831 10825
f 10851 10825 10844
f 10844 10825 10821
f 10844 10821 10841
f 10849 10861 10835
f 10835 10861 10837
f 10835 10837 10812
f 10812 10837 10816
f 10812 10816 10786
f 10786 10816 10791
f 10786 10791 10767
f 10767 10791 10779
f 10767 10779 10763
f 10763 10779 10773
f 10763 10773 10768
f 10769 10805 10771
f 10771 10805 10775
f 10771 10775 10751
f 10751 10775 10757
f 10751 10757 10744
f 10744 10757 10752
f 10744 10752 10747
f 10747 10752 10756
f 10747 10756 10758
f 10758 10756 10772
f 10758 10772 10787
f 10730 10729 10732
f 10732 10729 10737
f 10732 10737 10749
f 10749 10737 10755
f 10749 10755 10780
f 10780 10755 10788
f 10780 10788 10818
f 10818 10788 10823
f 10818 10823 10845
f 10845 10823 10852
f 10845 10852 10886
f 10739 10732 10745
f 10745 10732 10749
f 10745 10749 10770
f 10770 10749 10780
f 10770 10780 10813
f 10813 10780 10818
f 10813 10818 10842
f 10842 10818 10845
f 10842 10845 10868
f 10868 10845 10886
f 10868 10886 10913
f 10959 10962 11020
f 11240 11243 11368
f 11050 10999 11051
f 11051 10999 11052
f 11051 11052 11123
f 11123 11052 11128
f 11123 11128 11226
f 11226 11128 11227
f 11226 11227 11351
f 11351 11227 11356
f 11351 11356 11437
f 11437 11356 11438
f 11437 11438 11577
f 11846 11747 11844
f 11844 11747 11649
f 11844 11649 11839
f 11839 11649 11637
f 11839 11637 11838
f 11838 11637 11628
f 11838 11628 11837
f 11837 11628 11623
f 11837 11623 11836
f 11836 11623 11613
f 11836 11613 11835
f 11747 11651 11649
f 11649 11651 11507
f 11649 11507 11452
f 11452 11507 11454
f 11452 11454 11451
f 11451 11406 11452
f 11452 11406 11387
f 11452 11387 11447
f 11447 11387 11384
f 11447 11384 11446
f 11446 11384 11377
f 11446 11377 11445
f 11406 11389 11387
f 11387 11389 11329
f 11387 11329 11254
f 11254 11329 11259
f 11254 11259 11252
f 11252 11207 11254
f 11254 11207 11168
f 11254 11168 11253
f 11207 11181 11168
f 11168 11181 11169
f 11168 11169 11117
f 11778 11835 11605
f 11605 11835 11613
f 11605 11613 11442
f 11442 11613 11445
f 11442 11445 11370
f 11370 11445 11377
f 11370 11377 11251
f 11251 11377 11253
f 11251 11253 11147
f 11147 11253 11168
f 11147 11168 11098
f 11098 11168 11117
f 11098 11117 11114
f 11114 11100 11098
f 11098 11100 11081
f 11098 11081 11078
f 11457 11605 11440
f 11440 11605 11442
f 11440 11442 11367
f 11367 11442 11370
f 11367 11370 11242
f 11242 11370 11251
f 11242 11251 11141
f 11141 11251 11147
f 11141 11147 11095
f 11095 11147 11098
f 11095 11098 11033
f 11033 11098 11078
f 11033 11078 11047
f 11047 11034 11033
f 11033 11034 11000
f 11033 11000 10973
f 10973 11000 10978
f 10973 10978 10961
f 11232 11364 11239
f 11239 11364 11241
f 11239 11241 11136
f 11136 11241 11138
f 11136 11138 11069
f 11069 11138 11079
f 11069 11079 11019
f 11019 11079 11028
f 11019 11028 10963
f 10963 11028 10973
f 10963 10973 10938
f 10938 10973 10961
f 10938 10961 10941
f 10941 10940 10938
f 10938 10940 10921
f 10938 10921 10915
f 10915 10921 10916
f 10915 10916 10911
f 11064 11131 11059
f 11059 11131 11066
f 11059 11066 11012
f 11012 11066 11017
f 11012 11017 10958
f 10958 11017 10960
f 10958 10960 10929
f 10929 10960 10936
f 10929 10936 10912
f 10912 10936 10915
f 10912 10915 10892
f 10892 10915 10911
f 10892 10911 10894
f 10894 10893 10892
f 10892 10893 10888
f 10892 10888 10875
f 10875 10864 10892
f 10892 10864 10854
f 10892 10854 10885
f 10885 10854 10851
f 10885 10851 10867
f 10867 10851 10844
f 10867 10844 10866
f 10866 10844 10841
f 10866 10841 10863
f 10820 10814 10822
f 10864 10858 10854
f 10854 10858 10850
f 10854 10850 10831
f 10831 10850 10838
f 10831 10838 10834
f 10834 10822 10831
f 10831 10822 10814
f 10831 10814 10825
f 10825 10814 10801
f 10825 10801 10821
f 10819 10806 10814
f 10814 10806 10790
f 10814 10790 10801
f 10806 10802 10790
f 10790 10802 10796
f 10790 10796 10792
f 10860 10904 10861
f 10861 10904 10863
f 10861 10863 10837
f 10837 10863 10841
f 10837 10841 10816
f 10816 10841 10821
f 10816 10821 10791
f 10791 10821 10801
f 10791 10801 10779
f 10779 10801 10790
f 10779 10790 10773
f 10773 10790 10792
f 10773 10792 10785
f 10781 10782 10772
f 10785 10784 10773
f 10773 10784 10778
f 10773 10778 10768
f 10768 10778 10777
f 10768 10777 10776
f 10809 10835 10805
f 10805 10835 10812
f 10805 10812 10775
f 10775 10812 10786
f 10775 10786 10757
f 10757 10786 10767
f 10757 10767 10752
f 10752 10767 10763
f 10752 10763 10756
f 10756 10763 10768
f 10756 10768 10772
f 10772 10768 10776
f 10772 10776 10781
f 10782 10783 10772
f 10772 10783 10789
f 10772 10789 10787
f 10787 10789 10793
f 10787 10793 10800
f 10800 10811 10787
f 10787 10811 10774
f 10787 10774 10758
f 10758 10774 10750
f 10758 10750 10747
f 10747 10750 10741
f 10747 10741 10744
f 10744 10741 10740
f 10744 10740 10751
f 10751 10740 10748
f 10751 10748 10771
f 10771 10748 10762
f 10771 10762 10769
f 10800 10815 10811
f 10811 10815 10817
f 10811 10817 10824
f 10824 10828 10811
f 10811 10828 10797
f 10811 10797 10774
f 10774 10797 10764
f 10774 10764 10750
f 10750 10764 10742
f 10750 10742 10741
f 10741 10742 10731
f 10741 10731 10740
f 10740 10731 10734
f 10740 10734 10748
f 10748 10734 10738
f 10748 10738 10746
f 10824 10826 10828
f 10828 10826 10832
f 10828 10832 10843
f 10727 10734 10729
f 10729 10734 10731
f 10729 10731 10737
f 10737 10731 10742
f 10737 10742 10755
f 10755 10742 10764
f 10755 10764 10788
f 10788 10764 10797
f 10788 10797 10823
f 10823 10797 10828
f 10823 10828 10852
f 10852 10828 10843
f 10852 10843 10853
f 10853 10857 10852
f 10852 10857 10869
f 10852 10869 10886
f 10886 10869 10870
f 10886 10870 10887
f 10887 10891 10886
f 10886 10891 10906
f 10886 10906 10913
f 10913 10906 10914
f 10913 10914 10917
f 10917 10935 10913
f 10913 10935 10909
f 10913 10909 10868
f 10868 10909 10865
f 10868 10865 10842
f 10842 10865 10836
f 10842 10836 10813
f 10813 10836 10803
f 10813 10803 10770
f 10770 10803 10766
f 10770 10766 10745
f 10745 10766 10761
f 10745 10761 10743
f 10917 10934 10935
f 10935 10934 10937
f 10935 10937 10939
f 10939 10950 10935
f 10935 10950 10962
f 10935 10962 10928
f 10928 10962 10959
f 10928 10959 10926
f 11053 11080 11020
f 11020 11080 11018
f 11020 11018 10959
f 10959 11018 10955
f 10959 10955 10926
f 10926 10955 10922
f 10926 10922 10903
f 10903 10922 10901
f 10903 10901 10859
f 10859 10901 10856
f 10859 10856 10829
f 10829 10856 10848
f 10829 10848 10827
f 10950 10964 10962
f 10962 10964 10983
f 10962 10983 11020
f 11020 10983 11027
f 11020 11027 11053
f 11053 11070 11080
f 11080 11070 11093
f 11080 11093 11104
f 11104 11139 11080
f 11080 11139 11068
f 11080 11068 11018
f 11018 11068 11011
f 11018 11011 10955
f 10955 11011 10951
f 10955 10951 10922
f 10922 10951 10920
f 10922 10920 10901
f 10901 10920 10896
f 10901 10896 10856
f 10856 10896 10895
f 10856 10895 10855
f 11104 11105 11139
f 11139 11105 11144
f 11139 11144 11152
f 11197 11224 11243
f 11152 11197 11139
f 11139 11197 11243
f 11139 11243 11137
f 11137 11243 11240
f 11137 11240 11129
f 11224 11244 11243
f 11243 11244 11286
f 11243 11286 11368
f 11368 11286 11371
f 11368 11371 11388
f 10992 10946 10999
f 10999 10946 11001
f 10999 11001 11052
f 11052 11001 11056
f 11052 11056 11128
f 11128 11056 11129
f 11128 11129 11227
f 11227 11129 11240
f 11227 11240 11356
f 11356 11240 11368
f 11356 11368 11438
f 11438 11368 11388
f 11438 11388 11432
f 11432 11441 11438
f 11438 11441 11468
f 11438 11468 11577
f 11577 11468 11587
f 11577 11587 11673
f 11118 11051 11119
f 11119 11051 11123
f 11119 11123 11225
f 11225 11123 11226
f 11225 11226 11344
f 11344 11226 11351
f 11344 11351 11436
f 11436 11351 11437
f 11436 11437 11553
f 11553 11437 11577
f 11553 11577 11817
f 11817 11577 11673
f 11817 11673 11808
f 11919 11920 11924
f 11924 11920 11921
f 11924 11921 11928
f 11921 11922 11928
f 11928 11922 11925
f 11928 11925 11931
f 11940 11945 11942
f 11942 11945 11953
f 11942 11953 11955
f 11925 11933 11931
f 11931 11933 11935
f 11931 11935 11939
f 11939 11935 11937
f 11939 11937 11940
f 11940 11937 11943
f 11940 11943 11945
f 11977 11962 11974
f 11974 11962 11960
f 11955 11953 11960
f 11960 11953 11970
f 11960 11970 11974
f 11987 11992 11981
f 11977 11974 11981
f 11981 11974 11985
f 11981 11985 11987
f 12003 11996 11999
f 11999 11996 11994
f 11999 11994 11997
f 11997 11994 11992
f 11997 11992 11989
f 11989 11992 11987
f 12018 12016 12010
f 12018 12010 12007
f 12007 12010 12005
f 12007 12005 12003
f 12003 12005 12002
f 12003 12002 11996
f 11994 11996 11876
f 11876 11996 12002
f 11876 12002 11882
f 11882 12002 12005
f 11882 12005 12010
f 11960 11962 11870
f 11870 11962 11977
f 11870 11977 11874
f 11874 11977 11981
f 11874 11981 11876
f 11876 11981 11992
f 11876 11992 11994
f 11859 11931 11865
f 11865 11931 11939
f 11939 11940 11865
f 11865 11940 11942
f 11865 11942 11870
f 11870 11942 11955
f 11870 11955 11960
f 11919 11924 11859
f 11859 11924 11928
f 11859 11928 11931
f 11725 11825 11859
f 11859 11825 11849
f 11859 11849 11919
f 12010 12016 11882
f 11882 12016 11884
f 11882 11884 11880
f 11725 11859 11741
f 11741 11859 11865
f 11741 11865 11744
f 11744 11865 11870
f 11744 11870 11751
f 11751 11870 11874
f 11751 11874 11757
f 11757 11874 11876
f 11757 11876 11759
f 11759 11876 11882
f 11759 11882 11761
f 11761 11882 11880
f 11761 11880 11764
f 11564 11562 11558
f 11589 11572 11566
f 11499 11485 11476
f 11474 11477 11488
f 11608 11603 11568
f 11580 11570 11541
f 11542 11535 11520
f 11764 11739 11735
f 11764 11735 11761
f 11761 11735 11729
f 11761 11729 11759
f 11759 11729 11723
f 11759 11723 11757
f 11495 11483 11472
f 11495 11485 11496
f 11496 11485 11499
f 11496 11499 11510
f 11510 11499 11516
f 11621 11616 11586
f 11586 11616 11582
f 11586 11582 11579
f 11725 11741 11679
f 11679 11741 11696
f 11679 11696 11661
f 11661 11696 11591
f 11618 11575 11591
f 11486 11501 11518
f 11518 11501 11515
f 11480 11465 11467
f 11476 11463 11459
f 11495 11472 11485
f 11485 11472 11471
f 11485 11471 11476
f 11476 11471 11464
f 11476 11464 11463
f 11535 11516 11520
f 11520 11516 11499
f 11520 11499 11490
f 11490 11499 11476
f 11490 11476 11480
f 11480 11476 11459
f 11480 11459 11465
f 11570 11542 11541
f 11541 11542 11520
f 11541 11520 11506
f 11506 11520 11490
f 11506 11490 11493
f 11493 11490 11480
f 11493 11480 11488
f 11488 11480 11467
f 11488 11467 11474
f 11603 11580 11568
f 11568 11580 11541
f 11568 11541 11525
f 11525 11541 11506
f 11525 11506 11512
f 11512 11506 11493
f 11512 11493 11503
f 11503 11493 11488
f 11503 11488 11518
f 11518 11488 11477
f 11518 11477 11486
f 11616 11608 11582
f 11582 11608 11568
f 11582 11568 11547
f 11547 11568 11525
f 11547 11525 11532
f 11532 11525 11512
f 11532 11512 11529
f 11529 11512 11503
f 11529 11503 11544
f 11544 11503 11518
f 11544 11518 11618
f 11618 11518 11515
f 11618 11515 11575
f 11687 11689 11644
f 11739 11717 11735
f 11735 11717 11689
f 11735 11689 11729
f 11729 11689 11687
f 11729 11687 11723
f 11717 11691 11689
f 11689 11691 11669
f 11689 11669 11644
f 11644 11669 11646
f 11644 11646 11631
f 11751 11757 11715
f 11715 11757 11723
f 11715 11723 11671
f 11671 11723 11687
f 11671 11687 11641
f 11641 11687 11644
f 11641 11644 11607
f 11607 11644 11631
f 11607 11631 11611
f 11744 11751 11704
f 11704 11751 11715
f 11704 11715 11655
f 11655 11715 11671
f 11655 11671 11625
f 11625 11671 11641
f 11625 11641 11593
f 11593 11641 11607
f 11593 11607 11566
f 11566 11607 11611
f 11566 11611 11589
f 11741 11744 11696
f 11696 11744 11704
f 11696 11704 11639
f 11639 11704 11655
f 11639 11655 11596
f 11596 11655 11625
f 11596 11625 11556
f 11556 11625 11593
f 11556 11593 11551
f 11551 11593 11566
f 11551 11566 11558
f 11558 11566 11572
f 11558 11572 11564
f 11591 11696 11618
f 11618 11696 11639
f 11618 11639 11544
f 11544 11639 11596
f 11544 11596 11529
f 11529 11596 11556
f 11529 11556 11532
f 11532 11556 11551
f 11532 11551 11547
f 11547 11551 11558
f 11547 11558 11582
f 11582 11558 11562
f 11582 11562 11579
f 11514 11483 11538
f 11538 11483 11495
f 11538 11495 11545
f 11545 11495 11496
f 11545 11496 11598
f 11598 11496 11510
f 11598 11510 11609
f 11609 11510 11516
f 11609 11516 11633
f 11633 11516 11535
f 11633 11535 11642
f 11642 11535 11542
f 11642 11542 11653
f 11653 11542 11570
f 11653 11570 11657
f 11657 11570 11580
f 11657 11580 11668
f 11668 11580 11603
f 11668 11603 11672
f 11672 11603 11608
f 11672 11608 11677
f 11677 11608 11616
f 11677 11616 11682
f 11682 11616 11621
f 11807 11831 11829
f 11787 11799 11797
f 11863 11868 11816
f 11781 11779 11783
f 11892 11894 11855
f 11896 11898 11857
f 11901 11903 11861
f 11545 11598 11636
f 11609 11633 11659
f 11642 11653 11685
f 11700 11677 11682
f 11657 11668 11698
f 11698 11668 11672
f 11514 11538 11548
f 11548 11538 11601
f 11548 11601 11552
f 11871 11913 11899
f 11899 11913 11915
f 11911 11868 11909
f 11909 11868 11863
f 11909 11863 11907
f 11907 11863 11905
f 11887 11890 11851
f 11851 11890 11853
f 11851 11853 11841
f 11663 11648 11634
f 11742 11721 11731
f 11731 11721 11694
f 11816 11813 11810
f 11813 11816 11845
f 11845 11816 11868
f 11845 11868 11871
f 11871 11868 11911
f 11871 11911 11913
f 11903 11905 11861
f 11861 11905 11863
f 11861 11863 11819
f 11819 11863 11816
f 11819 11816 11783
f 11783 11816 11810
f 11783 11810 11781
f 11898 11901 11857
f 11857 11901 11861
f 11857 11861 11821
f 11821 11861 11819
f 11821 11819 11789
f 11789 11819 11783
f 11789 11783 11731
f 11731 11783 11779
f 11731 11779 11742
f 11894 11896 11855
f 11855 11896 11857
f 11855 11857 11824
f 11824 11857 11821
f 11824 11821 11791
f 11791 11821 11789
f 11791 11789 11746
f 11746 11789 11731
f 11746 11731 11663
f 11663 11731 11694
f 11663 11694 11648
f 11890 11892 11853
f 11853 11892 11855
f 11853 11855 11827
f 11827 11855 11824
f 11827 11824 11793
f 11793 11824 11791
f 11793 11791 11755
f 11755 11791 11746
f 11755 11746 11693
f 11693 11746 11663
f 11693 11663 11601
f 11601 11663 11634
f 11601 11634 11552
f 11733 11698 11700
f 11700 11698 11672
f 11700 11672 11677
f 11682 11702 11700
f 11700 11702 11710
f 11700 11710 11733
f 11733 11710 11737
f 11733 11737 11753
f 11653 11657 11685
f 11685 11657 11698
f 11685 11698 11727
f 11727 11698 11733
f 11727 11733 11772
f 11772 11733 11753
f 11772 11753 11774
f 11633 11642 11659
f 11659 11642 11685
f 11659 11685 11720
f 11720 11685 11727
f 11720 11727 11770
f 11770 11727 11772
f 11770 11772 11797
f 11797 11772 11774
f 11797 11774 11787
f 11598 11609 11636
f 11636 11609 11659
f 11636 11659 11706
f 11706 11659 11720
f 11706 11720 11767
f 11767 11720 11770
f 11767 11770 11795
f 11795 11770 11797
f 11795 11797 11829
f 11829 11797 11799
f 11829 11799 11807
f 11538 11545 11601
f 11601 11545 11636
f 11601 11636 11693
f 11693 11636 11706
f 11693 11706 11755
f 11755 11706 11767
f 11755 11767 11793
f 11793 11767 11795
f 11793 11795 11827
f 11827 11795 11829
f 11827 11829 11853
f 11853 11829 11831
f 11853 11831 11841
f 12833 12749 12813
f 12813 12749 12747
f 12813 12747 12809
f 12809 12747 12742
f 12809 12742 12815
f 12815 12742 12748
f 12815 12748 12835
f 12864 12783 12833
f 12833 12783 12761
f 12833 12761 12749
f 13041 13064 13025
f 13025 13064 13060
f 13025 13060 12996
f 12996 13060 13033
f 12996 13033 12976
f 12976 13033 12993
f 12976 12993 12950
f 12950 12993 12949
f 12950 12949 12924
f 12924 12949 12911
f 12924 12911 12898
f 12898 12911 12848
f 12898 12848 12864
f 12864 12848 12802
f 12864 12802 12783
f 13049 13077 13041
f 13041 13077 13074
f 13041 13074 13064
f 13027 13065 13043
f 13043 13065 13075
f 13043 13075 13051
f 13051 13075 13080
f 13051 13080 13055
f 13055 13080 13082
f 13055 13082 13049
f 13049 13082 13079
f 13049 13079 13077
f 12748 12762 12835
f 12835 12762 12784
f 12835 12784 12866
f 12866 12784 12803
f 12866 12803 12900
f 12900 12803 12849
f 12900 12849 12926
f 12926 12849 12912
f 12926 12912 12952
f 12952 12912 12954
f 12952 12954 12978
f 12978 12954 12994
f 12978 12994 12998
f 12998 12994 13034
f 12998 13034 13027
f 13027 13034 13061
f 13027 13061 13065
f 13181 13192 13189
f 13189 13192 13211
f 13189 13211 13196
f 13196 13211 13220
f 13196 13220 13201
f 13201 13220 13229
f 13201 13229 13206
f 13206 13229 13233
f 13206 13233 13209
f 13209 13233 13234
f 13209 13234 13204
f 13204 13234 13232
f 13204 13232 13199
f 13199 13232 13228
f 13199 13228 13194
f 13194 13228 13219
f 13194 13219 13187
f 13187 13219 13208
f 13187 13208 13179
f 13179 13208 13191
f 13179 13191 13170
f 13170 13191 13169
f 13170 13169 13160
f 13160 13169 13150
f 13160 13150 13152
f 13152 13150 13130
f 13152 13130 13144
f 13144 13130 13127
f 13144 13127 13138
f 13138 13127 13121
f 13138 13121 13134
f 13134 13121 13115
f 13134 13115 13131
f 13131 13115 13109
f 13131 13109 13136
f 13136 13109 13116
f 13136 13116 13140
f 13140 13116 13122
f 13140 13122 13146
f 13146 13122 13128
f 13146 13128 13154
f 13154 13128 13133
f 13154 13133 13162
f 13162 13133 13151
f 13162 13151 13172
f 13172 13151 13174
f 13172 13174 13181
f 13181 13174 13192
f 12745 12725 12752
f 12752 12725 12729
f 12752 12729 12759
f 12759 12729 12737
f 12759 12737 12779
f 12750 12724 12743
f 12743 12724 12707
f 12743 12707 12738
f 12738 12707 12702
f 12738 12702 12735
f 12735 12702 12699
f 12735 12699 12740
f 12740 12699 12703
f 12740 12703 12745
f 12745 12703 12708
f 12745 12708 12725
f 12794 12790 12777
f 12777 12790 12754
f 12777 12754 12757
f 12757 12754 12734
f 12757 12734 12750
f 12750 12734 12728
f 12750 12728 12724
f 12737 12755 12779
f 12779 12755 12791
f 12779 12791 12796
f 12796 12791 12798
f 12796 12798 12807
f 12807 12798 12831
f 12807 12831 12827
f 12827 12831 12873
f 12827 12873 12842
f 12842 12873 12892
f 12842 12892 12853
f 12853 12892 12914
f 12853 12914 12862
f 12862 12914 12922
f 12862 12922 12871
f 12871 12922 12923
f 12871 12923 12860
f 12860 12923 12921
f 12860 12921 12851
f 12851 12921 12913
f 12851 12913 12840
f 12840 12913 12891
f 12840 12891 12825
f 12825 12891 12870
f 12825 12870 12805
f 12805 12870 12830
f 12805 12830 12794
f 12794 12830 12793
f 12794 12793 12790
f 12980 13006 12972
f 12972 13006 13004
f 12972 13004 12964
f 12964 13004 12989
f 12964 12989 12956
f 12956 12989 12969
f 12956 12969 12938
f 12938 12969 12937
f 12938 12937 12929
f 12929 12937 12915
f 12929 12915 12917
f 12917 12915 12887
f 12917 12887 12907
f 12887 12868 12907
f 12907 12868 12850
f 12907 12850 12903
f 12903 12850 12838
f 12903 12838 12894
f 12894 12838 12822
f 12894 12822 12888
f 12888 12822 12819
f 12888 12819 12896
f 12896 12819 12823
f 12896 12823 12905
f 12905 12823 12839
f 12905 12839 12909
f 12909 12839 12869
f 12909 12869 12919
f 12919 12869 12890
f 12919 12890 12931
f 12931 12890 12916
f 12931 12916 12940
f 12940 12916 12942
f 12940 12942 12958
f 12958 12942 12970
f 12958 12970 12966
f 12966 12970 12992
f 12966 12992 12974
f 12974 12992 13005
f 12974 13005 12982
f 12982 13005 13010
f 12982 13010 12986
f 12986 13010 13031
f 12986 13031 12990
f 12990 13031 13036
f 12990 13036 12984
f 12984 13036 13030
f 12984 13030 12980
f 12980 13030 13009
f 12980 13009 13006
f 11195 11170 11214
f 11214 11170 11172
f 11214 11172 11222
f 11228 11200 11220
f 11220 11200 11184
f 11220 11184 11212
f 11212 11184 11171
f 11212 11171 11193
f 11193 11171 11166
f 11193 11166 11189
f 11189 11166 11145
f 11189 11145 11185
f 11185 11145 11140
f 11185 11140 11191
f 11191 11140 11146
f 11191 11146 11195
f 11195 11146 11167
f 11195 11167 11170
f 11280 11338 11284
f 11284 11338 11350
f 11284 11350 11293
f 11293 11350 11366
f 11293 11366 11299
f 11299 11366 11369
f 11299 11369 11291
f 11291 11369 11365
f 11291 11365 11282
f 11282 11365 11349
f 11282 11349 11278
f 11278 11349 11319
f 11278 11319 11268
f 11268 11319 11298
f 11268 11298 11255
f 11255 11298 11272
f 11255 11272 11246
f 11246 11272 11245
f 11246 11245 11228
f 11228 11245 11217
f 11228 11217 11200
f 11172 11187 11222
f 11222 11187 11201
f 11222 11201 11230
f 11230 11201 11218
f 11230 11218 11248
f 11248 11218 11250
f 11248 11250 11257
f 11257 11250 11273
f 11257 11273 11270
f 11270 11273 11301
f 11270 11301 11280
f 11280 11301 11320
f 11280 11320 11338
f 11015 11026 11023
f 11023 11026 11046
f 11023 11046 11031
f 11031 11046 11049
f 11031 11049 11037
f 11037 11049 11055
f 11037 11055 11041
f 11041 11055 11061
f 11041 11061 11044
f 11044 11061 11067
f 11044 11067 11039
f 11039 11067 11060
f 11039 11060 11035
f 11035 11060 11054
f 11035 11054 11029
f 11029 11054 11048
f 11029 11048 11021
f 11021 11048 11043
f 11021 11043 11013
f 11013 11043 11025
f 11013 11025 11003
f 11003 11025 11002
f 11003 11002 10994
f 10994 11002 10984
f 10994 10984 10986
f 10986 10984 10965
f 10986 10965 10979
f 10979 10965 10956
f 10979 10956 10974
f 10974 10956 10947
f 10974 10947 10969
f 10969 10947 10943
f 10969 10943 10966
f 10966 10943 10942
f 10966 10942 10971
f 10971 10942 10944
f 10971 10944 10976
f 10976 10944 10948
f 10976 10948 10981
f 10981 10948 10957
f 10981 10957 10988
f 10988 10957 10968
f 10988 10968 10996
f 10996 10968 10985
f 10996 10985 11005
f 11005 10985 11007
f 11005 11007 11015
f 11015 11007 11026
f 11426 11450 11421
f 11421 11450 11448
f 11421 11448 11416
f 11416 11448 11443
f 11416 11443 11409
f 11409 11443 11433
f 11409 11433 11402
f 11402 11433 11425
f 11402 11425 11396
f 11396 11425 11407
f 11396 11407 11391
f 11391 11407 11390
f 11391 11390 11380
f 11380 11390 11357
f 11380 11357 11360
f 11360 11357 11315
f 11360 11315 11345
f 11345 11315 11296
f 11345 11296 11334
f 11334 11296 11274
f 11334 11274 11325
f 11274 11266 11325
f 11325 11266 11265
f 11325 11265 11316
f 11316 11265 11264
f 11316 11264 11327
f 11327 11264 11267
f 11327 11267 11336
f 11336 11267 11275
f 11336 11275 11347
f 11347 11275 11297
f 11347 11297 11362
f 11362 11297 11318
f 11362 11318 11382
f 11382 11318 11358
f 11382 11358 11393
f 11393 11358 11395
f 11393 11395 11398
f 11398 11395 11408
f 11398 11408 11404
f 11404 11408 11428
f 11404 11428 11411
f 11411 11428 11434
f 11411 11434 11418
f 11418 11434 11444
f 11418 11444 11423
f 11423 11444 11449
f 11423 11449 11426
f 11426 11449 11453
f 11426 11453 11450
f 11134 11113 11150
f 11150 11113 11116
f 11150 11116 11179
f 11179 11116 11143
f 11179 11143 11210
f 11126 11099 11134
f 11134 11099 11102
f 11134 11102 11113
f 11148 11112 11132
f 11132 11112 11101
f 11132 11101 11124
f 11124 11101 11096
f 11124 11096 11120
f 11120 11096 11094
f 11120 11094 11126
f 11126 11094 11097
f 11126 11097 11099
f 11234 11205 11208
f 11208 11205 11182
f 11208 11182 11177
f 11177 11182 11142
f 11177 11142 11148
f 11148 11142 11115
f 11148 11115 11112
f 11354 11413 11374
f 11374 11413 11415
f 11374 11415 11378
f 11378 11415 11420
f 11378 11420 11372
f 11372 11420 11414
f 11372 11414 11352
f 11352 11414 11400
f 11352 11400 11321
f 11321 11400 11385
f 11321 11385 11287
f 11287 11385 11339
f 11287 11339 11260
f 11260 11339 11276
f 11260 11276 11234
f 11234 11276 11233
f 11234 11233 11205
f 11143 11183 11210
f 11210 11183 11206
f 11210 11206 11236
f 11236 11206 11238
f 11236 11238 11262
f 11262 11238 11277
f 11262 11277 11289
f 11289 11277 11340
f 11289 11340 11323
f 11323 11340 11386
f 11323 11386 11354
f 11354 11386 11401
f 11354 11401 11413
f 12266 12206 12267
f 12267 12206 12131
f 12050 12046 12085
f 12206 12129 12131
f 12131 12129 12125
f 12131 12125 12107
f 12107 12125 12105
f 12107 12105 12085
f 12085 12105 12103
f 12085 12103 12050
f 12050 12048 12046
f 12046 12048 12028
f 12046 12028 12022
f 11887 11888 11947
f 11947 11888 12022
f 11947 12022 12024
f 12024 12022 12028
f 12471 12451 12472
f 12472 12451 12445
f 12451 12443 12445
f 12445 12443 12416
f 12445 12416 12404
f 12416 12400 12404
f 12404 12400 12379
f 12404 12379 12368
f 12379 12366 12368
f 12368 12366 12354
f 12368 12354 12348
f 12354 12346 12348
f 12348 12346 12322
f 12348 12322 12310
f 12266 12267 12302
f 12302 12267 12310
f 12302 12310 12312
f 12312 12310 12322
f 12532 12471 12533
f 12533 12471 12472
f 12389 12414 12390
f 12390 12414 12440
f 12414 12436 12440
f 12440 12436 12462
f 12440 12462 12488
f 12462 12486 12488
f 12488 12486 12507
f 12488 12507 12526
f 12507 12522 12526
f 12526 12522 12542
f 12526 12542 12569
f 12542 12564 12569
f 12569 12564 12581
f 12569 12581 12593
f 12581 12589 12593
f 12593 12589 12591
f 12593 12591 12579
f 12532 12533 12567
f 12567 12533 12579
f 12567 12579 12574
f 12574 12579 12591
f 12389 12390 12273
f 12273 12390 12275
f 12273 12275 12269
f 12269 12275 12139
f 12269 12139 12138
f 12140 12138 12141
f 12141 12138 12139
f 12133 12318 12134
f 12134 12318 12376
f 12318 12374 12376
f 12376 12374 12548
f 12376 12548 12696
f 13112 13113 13084
f 13112 13084 13046
f 12548 12695 12696
f 12696 12695 12712
f 12696 12712 12763
f 12763 12712 12829
f 12763 12829 12857
f 12857 12829 12855
f 12857 12855 12874
f 12874 12855 12955
f 12874 12955 13002
f 13002 12955 13001
f 13002 13001 13011
f 13011 13001 13046
f 13011 13046 13073
f 13073 13046 13084
f 13112 13118 13113
f 13113 13118 13167
f 13113 13167 13185
f 13244 13245 13224
f 13224 13245 13185
f 13224 13185 13183
f 13183 13185 13167
f 13244 13253 13245
f 13245 13253 13274
f 13245 13274 13278
f 13278 13274 13276
f 13278 13276 13286
f 13286 13276 13301
f 13286 13301 13314
f 13314 13301 13312
f 13314 13312 13321
f 13321 13312 13328
f 13321 13328 13353
f 13353 13328 13352
f 13353 13352 13366
f 13352 13357 13366
f 13366 13357 13392
f 13366 13392 13401
f 13401 13392 13399
f 13401 13399 13407
f 13407 13399 13415
f 13407 13415 13425
f 13425 13415 13423
f 13423 13428 13425
f 13425 13428 13434
f 13425 13434 13435
f 13434 13433 13435
f 13435 13433 13431
f 13435 13431 13426
f 13426 13431 13422
f 13426 13422 13408
f 13408 13422 13418
f 13408 13418 13402
f 13418 13400 13402
f 13402 13400 13396
f 13402 13396 13367
f 13367 13396 13363
f 13367 13363 13354
f 13363 13351 13354
f 13354 13351 13334
f 13354 13334 13322
f 13322 13334 13313
f 13322 13313 13315
f 13315 13313 13306
f 13315 13306 13287
f 13287 13306 13281
f 13287 13281 13279
f 13281 13277 13279
f 13279 13277 13258
f 13279 13258 13246
f 13184 13186 13231
f 13231 13186 13246
f 13231 13246 13243
f 13243 13246 13258
f 13184 13178 13186
f 13186 13178 13126
f 13186 13126 13114
f 13114 13126 13111
f 13114 13111 13094
f 13094 13111 13058
f 13094 13058 13023
f 13023 13058 13000
f 13023 13000 13003
f 13003 13000 12971
f 13003 12971 12886
f 12886 12971 12856
f 12886 12856 12858
f 12858 12856 12847
f 12858 12847 12776
f 12776 12847 12733
f 12776 12733 12697
f 12375 12377 12631
f 12631 12377 12697
f 12631 12697 12694
f 12694 12697 12733
f 12140 12141 12187
f 12187 12141 12377
f 12187 12377 12351
f 12351 12377 12375
f 12137 12136 12135
f 12135 12136 12133
f 12135 12133 12134
f 12388 12387 12274
f 12274 12387 12272
f 12274 12272 12137
f 12137 12272 12268
f 12137 12268 12136
f 12530 12566 12531
f 12531 12566 12578
f 12566 12573 12578
f 12578 12573 12590
f 12578 12590 12592
f 12590 12588 12592
f 12592 12588 12580
f 12592 12580 12568
f 12580 12563 12568
f 12568 12563 12541
f 12568 12541 12525
f 12541 12521 12525
f 12525 12521 12506
f 12525 12506 12487
f 12506 12483 12487
f 12487 12483 12461
f 12487 12461 12439
f 12387 12388 12413
f 12413 12388 12439
f 12413 12439 12435
f 12435 12439 12461
f 12469 12530 12470
f 12470 12530 12531
f 12264 12301 12265
f 12265 12301 12309
f 12301 12311 12309
f 12309 12311 12321
f 12309 12321 12347
f 12321 12345 12347
f 12347 12345 12353
f 12347 12353 12367
f 12353 12365 12367
f 12367 12365 12378
f 12367 12378 12403
f 12378 12399 12403
f 12403 12399 12415
f 12403 12415 12444
f 12469 12470 12450
f 12450 12470 12444
f 12450 12444 12442
f 12442 12444 12415
f 11885 11946 11886
f 11886 11946 12021
f 11946 12023 12021
f 12021 12023 12027
f 12021 12027 12045
f 12027 12047 12045
f 12045 12047 12049
f 12045 12049 12067
f 12067 12049 12102
f 12067 12102 12106
f 12102 12104 12106
f 12106 12104 12124
f 12106 12124 12130
f 12264 12265 12205
f 12205 12265 12130
f 12205 12130 12128
f 12128 12130 12124
f 11680 11701 11681
f 11681 11701 11707
f 11701 11709 11707
f 11707 11709 11736
f 11707 11736 11748
f 11736 11752 11748
f 11748 11752 11773
f 11748 11773 11784
f 11773 11786 11784
f 11784 11786 11798
f 11784 11798 11804
f 11798 11806 11804
f 11804 11806 11830
f 11804 11830 11842
f 11885 11886 11850
f 11850 11886 11842
f 11850 11842 11840
f 11840 11842 11830
f 11619 11680 11620
f 11620 11680 11681
f 11762 11738 11763
f 11763 11738 11712
f 11738 11716 11712
f 11712 11716 11690
f 11712 11690 11664
f 11690 11666 11664
f 11664 11666 11645
f 11664 11645 11626
f 11645 11630 11626
f 11626 11630 11610
f 11626 11610 11583
f 11610 11588 11583
f 11583 11588 11571
f 11583 11571 11559
f 11571 11563 11559
f 11559 11563 11561
f 11559 11561 11573
f 11619 11620 11585
f 11585 11620 11573
f 11585 11573 11578
f 11578 11573 11561
f 11762 11763 11879
f 11879 11763 11877
f 11879 11877 11883
f 11883 11877 12015
f 11883 12015 12014
f 12012 12011 12013
f 12013 12011 12014
f 12013 12014 12015
f 12018 11834 12019
f 12019 11834 11776
f 11457 11456 11604
f 11604 11456 11776
f 11604 11776 11778
f 11778 11776 11834
f 11457 11439 11456
f 11456 11439 11359
f 11456 11359 11331
f 11331 11359 11333
f 11331 11333 11314
f 11314 11333 11232
f 11314 11232 11174
f 11174 11232 11175
f 11174 11175 11165
f 11165 11175 11130
f 11165 11130 11092
f 11092 11130 11064
f 11092 11064 11063
f 11064 11058 11063
f 11063 11058 11009
f 11063 11009 10991
f 10932 10931 10952
f 10952 10931 10991
f 10952 10991 10993
f 10993 10991 11009
f 10932 10923 10931
f 10931 10923 10902
f 10931 10902 10898
f 10898 10902 10900
f 10898 10900 10890
f 10890 10900 10884
f 10884 10900 10860
f 10884 10860 10847
f 10847 10860 10849
f 10847 10849 10840
f 10840 10849 10833
f 10840 10833 10808
f 10808 10833 10809
f 10808 10809 10795
f 10809 10804 10795
f 10795 10804 10769
f 10795 10769 10760
f 10760 10769 10762
f 10760 10762 10754
f 10754 10762 10746
f 10754 10746 10736
f 10736 10746 10738
f 10738 10733 10736
f 10736 10733 10727
f 10736 10727 10726
f 10727 10728 10726
f 10726 10728 10730
f 10726 10730 10735
f 10735 10730 10739
f 10735 10739 10753
f 10753 10739 10743
f 10753 10743 10759
f 10743 10761 10759
f 10759 10761 10765
f 10759 10765 10794
f 10794 10765 10798
f 10794 10798 10807
f 10897 10889 10895
f 10895 10889 10876
f 10895 10876 10855
f 10855 10876 10846
f 10855 10846 10848
f 10848 10846 10839
f 10848 10839 10827
f 10827 10839 10807
f 10827 10807 10810
f 10810 10807 10798
f 10895 10899 10897
f 10897 10899 10918
f 10897 10918 10930
f 10992 10990 10945
f 10945 10990 10930
f 10945 10930 10933
f 10933 10930 10918
f 10992 10998 10990
f 10990 10998 11050
f 10990 11050 11062
f 11062 11050 11065
f 11062 11065 11082
f 11082 11065 11118
f 11332 11330 11302
f 11332 11302 11216
f 11216 11302 11173
f 11216 11173 11176
f 11176 11173 11153
f 11176 11153 11118
f 11118 11153 11103
f 11118 11103 11082
f 11332 11341 11330
f 11330 11341 11429
f 11330 11429 11455
f 11777 11775 11521
f 11521 11775 11455
f 11521 11455 11458
f 11458 11455 11429
f 12011 12012 11965
f 11965 12012 11775
f 11965 11775 11801
f 11801 11775 11777
f 12016 12018 12017
f 12017 12018 12019
f 11765 11764 11878
f 11878 11764 11880
f 11878 11880 12017
f 12017 11880 11884
f 12017 11884 12016
f 11621 11586 11622
f 11622 11586 11574
f 11586 11579 11574
f 11574 11579 11562
f 11574 11562 11560
f 11562 11564 11560
f 11560 11564 11572
f 11560 11572 11584
f 11572 11589 11584
f 11584 11589 11611
f 11584 11611 11627
f 11611 11631 11627
f 11627 11631 11646
f 11627 11646 11665
f 11646 11669 11665
f 11665 11669 11691
f 11665 11691 11713
f 11764 11765 11739
f 11739 11765 11713
f 11739 11713 11717
f 11717 11713 11691
f 11682 11621 11683
f 11683 11621 11622
f 11887 11851 11888
f 11888 11851 11843
f 11851 11841 11843
f 11843 11841 11831
f 11843 11831 11805
f 11831 11807 11805
f 11805 11807 11799
f 11805 11799 11785
f 11799 11787 11785
f 11785 11787 11774
f 11785 11774 11749
f 11774 11753 11749
f 11749 11753 11737
f 11749 11737 11708
f 11682 11683 11702
f 11702 11683 11708
f 11702 11708 11710
f 11710 11708 11737
f 12900 12878 12866
f 12866 12878 12867
f 12866 12867 12835
f 12835 12867 12836
f 12835 12836 12815
f 12815 12836 12816
f 12815 12816 12809
f 13027 13015 12998
f 12998 13015 12999
f 12998 12999 12978
f 12978 12999 12979
f 12978 12979 12952
f 12952 12979 12953
f 12952 12953 12926
f 12926 12953 12927
f 12926 12927 12900
f 12900 12927 12901
f 12900 12901 12878
f 13049 13054 13055
f 13055 13054 13056
f 13055 13056 13051
f 13051 13056 13052
f 13051 13052 13043
f 13043 13052 13044
f 13043 13044 13027
f 13027 13044 13028
f 13027 13028 13015
f 12996 13014 13025
f 13025 13014 13026
f 13025 13026 13041
f 13041 13026 13042
f 13041 13042 13049
f 13049 13042 13050
f 13049 13050 13054
f 12864 12877 12898
f 12898 12877 12899
f 12898 12899 12924
f 12924 12899 12925
f 12924 12925 12950
f 12950 12925 12951
f 12950 12951 12976
f 12976 12951 12977
f 12976 12977 12996
f 12996 12977 12997
f 12996 12997 13014
f 12816 12810 12809
f 12809 12810 12812
f 12809 12812 12813
f 12813 12812 12814
f 12813 12814 12833
f 12833 12814 12834
f 12833 12834 12864
f 12864 12834 12865
f 12864 12865 12877
f 13132 13131 13137
f 13137 13131 13136
f 13137 13136 13141
f 13141 13136 13140
f 13141 13140 13147
f 13147 13140 13146
f 13147 13146 13155
f 13155 13146 13154
f 13155 13154 13163
f 13163 13154 13162
f 13163 13162 13173
f 13173 13162 13172
f 13173 13172 13182
f 13182 13172 13181
f 13182 13181 13190
f 13190 13181 13189
f 13190 13189 13197
f 13197 13189 13196
f 13197 13196 13202
f 13202 13196 13201
f 13202 13201 13207
f 13207 13201 13206
f 13207 13206 13210
f 13210 13206 13209
f 13210 13209 13205
f 13205 13209 13204
f 13205 13204 13200
f 13200 13204 13199
f 13200 13199 13195
f 13195 13199 13194
f 13195 13194 13188
f 13188 13194 13187
f 13188 13187 13180
f 13180 13187 13179
f 13180 13179 13171
f 13171 13179 13170
f 13171 13170 13161
f 13161 13170 13160
f 13161 13160 13153
f 13153 13160 13152
f 13153 13152 13145
f 13145 13152 13144
f 13145 13144 13139
f 13139 13144 13138
f 13139 13138 13135
f 13135 13138 13134
f 13135 13134 13132
f 13132 13134 13131
f 12757 12774 12777
f 12777 12774 12778
f 12777 12778 12794
f 12794 12778 12795
f 12794 12795 12805
f 12805 12795 12806
f 12805 12806 12825
f 12825 12806 12826
f 12825 12826 12840
f 12840 12826 12841
f 12840 12841 12851
f 12851 12841 12852
f 12851 12852 12860
f 12860 12852 12861
f 12860 12861 12871
f 12871 12861 12872
f 12871 12872 12862
f 12862 12872 12863
f 12862 12863 12853
f 12853 12863 12854
f 12853 12854 12842
f 12842 12854 12843
f 12842 12843 12827
f 12827 12843 12828
f 12827 12828 12807
f 12807 12828 12808
f 12807 12808 12796
f 12796 12808 12797
f 12796 12797 12779
f 12797 12780 12779
f 12779 12780 12775
f 12779 12775 12759
f 12759 12775 12760
f 12759 12760 12752
f 12752 12760 12753
f 12752 12753 12745
f 12745 12753 12746
f 12745 12746 12740
f 12740 12746 12741
f 12740 12741 12735
f 12735 12741 12736
f 12735 12736 12738
f 12738 12736 12739
f 12738 12739 12743
f 12743 12739 12744
f 12743 12744 12750
f 12750 12744 12751
f 12750 12751 12757
f 12757 12751 12758
f 12757 12758 12774
f 12984 12988 12990
f 12990 12988 12991
f 12990 12991 12986
f 12986 12991 12987
f 12986 12987 12982
f 12982 12987 12983
f 12982 12983 12974
f 12974 12983 12975
f 12974 12975 12966
f 12966 12975 12967
f 12966 12967 12958
f 12958 12967 12959
f 12958 12959 12940
f 12940 12959 12941
f 12940 12941 12931
f 12931 12941 12932
f 12931 12932 12919
f 12919 12932 12920
f 12919 12920 12909
f 12909 12920 12910
f 12909 12910 12905
f 12905 12910 12906
f 12905 12906 12896
f 12896 12906 12897
f 12896 12897 12888
f 12897 12889 12888
f 12888 12889 12893
f 12888 12893 12894
f 12894 12893 12895
f 12894 12895 12903
f 12903 12895 12904
f 12903 12904 12907
f 12907 12904 12908
f 12907 12908 12917
f 12917 12908 12918
f 12917 12918 12929
f 12929 12918 12930
f 12929 12930 12938
f 12938 12930 12939
f 12938 12939 12956
f 12956 12939 12957
f 12956 12957 12964
f 12964 12957 12965
f 12964 12965 12972
f 12972 12965 12973
f 12972 12973 12980
f 12980 12973 12981
f 12980 12981 12984
f 12984 12981 12985
f 12984 12985 12988
f 11299 11295 11293
f 11293 11295 11294
f 11293 11294 11284
f 11284 11294 11285
f 11284 11285 11280
f 11280 11285 11281
f 11280 11281 11270
f 11270 11281 11271
f 11270 11271 11257
f 11257 11271 11258
f 11257 11258 11248
f 11248 11258 11249
f 11248 11249 11230
f 11230 11249 11231
f 11230 11231 11222
f 11222 11231 11223
f 11222 11223 11214
f 11214 11223 11215
f 11214 11215 11195
f 11195 11215 11196
f 11195 11196 11191
f 11196 11192 11191
f 11191 11192 11188
f 11191 11188 11185
f 11185 11188 11186
f 11185 11186 11189
f 11189 11186 11190
f 11189 11190 11193
f 11193 11190 11194
f 11193 11194 11212
f 11212 11194 11213
f 11212 11213 11220
f 11220 11213 11221
f 11220 11221 11228
f 11228 11221 11229
f 11228 11229 11246
f 11246 11229 11247
f 11246 11247 11255
f 11255 11247 11256
f 11255 11256 11268
f 11268 11256 11269
f 11268 11269 11278
f 11278 11269 11279
f 11278 11279 11282
f 11282 11279 11283
f 11282 11283 11291
f 11291 11283 11292
f 11291 11292 11299
f 11299 11292 11300
f 11299 11300 11295
f 10967 10966 10972
f 10972 10966 10971
f 10972 10971 10977
f 10977 10971 10976
f 10977 10976 10982
f 10982 10976 10981
f 10982 10981 10989
f 10989 10981 10988
f 10989 10988 10997
f 10997 10988 10996
f 10997 10996 11006
f 11006 10996 11005
f 11006 11005 11016
f 11016 11005 11015
f 11016 11015 11024
f 11024 11015 11023
f 11024 11023 11032
f 11032 11023 11031
f 11032 11031 11038
f 11038 11031 11037
f 11038 11037 11042
f 11042 11037 11041
f 11042 11041 11045
f 11045 11041 11044
f 11045 11044 11040
f 11040 11044 11039
f 11040 11039 11036
f 11036 11039 11035
f 11036 11035 11030
f 11030 11035 11029
f 11030 11029 11022
f 11022 11029 11021
f 11022 11021 11014
f 11014 11021 11013
f 11014 11013 11004
f 11004 11013 11003
f 11004 11003 10995
f 10995 11003 10994
f 10995 10994 10987
f 10987 10994 10986
f 10987 10986 10980
f 10980 10986 10979
f 10980 10979 10975
f 10975 10979 10974
f 10975 10974 10970
f 10970 10974 10969
f 10970 10969 10967
f 10967 10969 10966
f 11317 11316 11328
f 11328 11316 11327
f 11328 11327 11337
f 11337 11327 11336
f 11337 11336 11348
f 11348 11336 11347
f 11348 11347 11363
f 11363 11347 11362
f 11363 11362 11383
f 11383 11362 11382
f 11383 11382 11394
f 11394 11382 11393
f 11394 11393 11399
f 11399 11393 11398
f 11399 11398 11405
f 11405 11398 11404
f 11405 11404 11412
f 11412 11404 11411
f 11412 11411 11419
f 11419 11411 11418
f 11419 11418 11424
f 11424 11418 11423
f 11424 11423 11427
f 11427 11423 11426
f 11427 11426 11422
f 11422 11426 11421
f 11422 11421 11417
f 11417 11421 11416
f 11417 11416 11410
f 11410 11416 11409
f 11410 11409 11403
f 11403 11409 11402
f 11403 11402 11397
f 11397 11402 11396
f 11397 11396 11392
f 11392 11396 11391
f 11392 11391 11381
f 11381 11391 11380
f 11381 11380 11361
f 11361 11380 11360
f 11361 11360 11346
f 11346 11360 11345
f 11346 11345 11335
f 11335 11345 11334
f 11335 11334 11326
f 11326 11334 11325
f 11326 11325 11317
f 11317 11325 11316
f 11179 11163 11150
f 11150 11163 11151
f 11150 11151 11134
f 11134 11151 11135
f 11134 11135 11126
f 11323 11312 11289
f 11289 11312 11290
f 11289 11290 11262
f 11262 11290 11263
f 11262 11263 11236
f 11236 11263 11237
f 11236 11237 11210
f 11210 11237 11211
f 11210 11211 11179
f 11179 11211 11180
f 11179 11180 11163
f 11378 11376 11374
f 11374 11376 11375
f 11374 11375 11354
f 11354 11375 11355
f 11354 11355 11323
f 11323 11355 11324
f 11323 11324 11312
f 11287 11311 11321
f 11321 11311 11322
f 11321 11322 11352
f 11352 11322 11353
f 11352 11353 11372
f 11372 11353 11373
f 11372 11373 11378
f 11378 11373 11379
f 11378 11379 11376
f 11148 11162 11177
f 11177 11162 11178
f 11177 11178 11208
f 11208 11178 11209
f 11208 11209 11234
f 11234 11209 11235
f 11234 11235 11260
f 11260 11235 11261
f 11260 11261 11287
f 11287 11261 11288
f 11287 11288 11311
f 11135 11127 11126
f 11126 11127 11122
f 11126 11122 11120
f 11120 11122 11121
f 11120 11121 11124
f 11124 11121 11125
f 11124 11125 11132
f 11132 11125 11133
f 11132 11133 11148
f 11148 11133 11149
f 11148 11149 11162
f 11155 11154 11303
f 11084 11083 11155
f 13056 13054 13086
f 10759 10794 10878
f 11775 12012 12013
f 12083 11843 11313
f 11313 11843 11805
f 11313 11805 11785
f 12046 12022 12083
f 12083 12022 11888
f 12083 11888 11843
f 11785 11749 11313
f 11313 11749 11708
f 11313 11708 11683
f 11683 11622 11313
f 11313 11622 11574
f 11313 11574 11560
f 12017 12019 11878
f 11878 12019 11776
f 11878 11776 11765
f 11765 11776 11456
f 11765 11456 11713
f 11713 11456 11331
f 11713 11331 11665
f 11665 11331 11314
f 11665 11314 11627
f 11627 11314 11584
f 12377 12141 12760
f 12744 12739 12083
f 12778 12774 12773
f 12773 12774 12758
f 12773 12758 12083
f 12083 12758 12751
f 12083 12751 12744
f 12445 12404 12736
f 12377 12760 12697
f 12697 12760 12775
f 12697 12775 12776
f 12390 12141 12275
f 12275 12141 12139
f 12753 12760 12488
f 12488 12760 12141
f 12488 12141 12440
f 12440 12141 12390
f 12736 12404 12739
f 12488 12526 12753
f 12753 12526 12569
f 12753 12569 12746
f 12083 12267 12131
f 12569 12593 12746
f 12746 12593 12579
f 12746 12579 12741
f 12741 12579 12533
f 12741 12533 12736
f 12736 12533 12472
f 12736 12472 12445
f 12404 12368 12739
f 12739 12368 12348
f 12739 12348 12083
f 12083 12348 12310
f 12083 12310 12267
f 12131 12107 12083
f 12083 12107 12085
f 12083 12085 12046
f 12775 12780 12776
f 12776 12780 12797
f 12776 12797 12858
f 12858 12797 12808
f 12858 12808 12886
f 12886 12808 12828
f 12872 12861 12885
f 12885 12861 12852
f 12885 12852 12841
f 12828 12843 12886
f 12886 12843 12854
f 12886 12854 12863
f 12841 12826 12885
f 12885 12826 12806
f 12885 12806 12773
f 12773 12806 12795
f 12773 12795 12778
f 12885 13022 13023
f 12863 12872 12886
f 12886 12872 12885
f 12886 12885 13003
f 13003 12885 13023
f 13246 13093 13279
f 13279 13093 13287
f 13246 13186 13093
f 13093 13186 13114
f 13093 13114 13094
f 13287 13093 13315
f 13315 13093 13092
f 13315 13092 13322
f 13322 13092 13354
f 13354 13092 13091
f 13354 13091 13367
f 13180 13171 13089
f 13141 13147 13090
f 13426 13210 13435
f 13435 13210 13205
f 13089 13145 13139
f 13182 13190 13408
f 13205 13200 13435
f 13435 13200 13195
f 13435 13195 13188
f 13171 13161 13089
f 13089 13161 13153
f 13089 13153 13145
f 13147 13155 13090
f 13090 13155 13163
f 13090 13163 13173
f 13139 13135 13089
f 13089 13135 13132
f 13089 13132 13090
f 13090 13132 13137
f 13090 13137 13141
f 13367 13091 13402
f 13402 13091 13090
f 13402 13090 13408
f 13408 13090 13173
f 13408 13173 13182
f 13190 13197 13408
f 13408 13197 13202
f 13408 13202 13426
f 13426 13202 13207
f 13426 13207 13210
f 13188 13180 13435
f 13435 13180 13089
f 13435 13089 13425
f 13425 13089 13088
f 13087 13401 13088
f 13088 13401 13407
f 13088 13407 13425
f 13314 13321 13086
f 13086 13321 13353
f 13086 13353 13087
f 13087 13353 13366
f 13087 13366 13401
f 13185 13085 13113
f 13113 13085 13084
f 13185 13245 13085
f 13085 13245 13278
f 13085 13278 13286
f 12875 13002 13012
f 13012 13002 13011
f 13012 13011 13073
f 12764 12857 12875
f 12875 12857 12874
f 12875 12874 13002
f 12134 12376 12135
f 12135 12376 12696
f 12135 12696 12764
f 12764 12696 12763
f 12764 12763 12857
f 12130 12265 12069
f 12130 12069 12106
f 12765 12403 12444
f 12309 12347 12765
f 12765 12347 12367
f 12765 12367 12403
f 12592 12568 12764
f 12764 12568 12525
f 12764 12525 12487
f 12444 12470 12765
f 12765 12470 12531
f 12765 12531 12578
f 12487 12439 12764
f 12764 12439 12388
f 12764 12388 12135
f 12135 12388 12274
f 12135 12274 12137
f 11392 11381 11303
f 11707 11748 11427
f 12069 11399 11405
f 11427 11748 11424
f 12069 11886 12021
f 11748 11784 11424
f 11424 11784 11804
f 11424 11804 12069
f 12069 11804 11842
f 12069 11842 11886
f 12021 12045 12069
f 12069 12045 12067
f 12069 12067 12106
f 11763 11712 11303
f 11317 11328 11304
f 11304 11328 11337
f 11304 11383 11394
f 11405 11412 12069
f 12069 11412 11419
f 12069 11419 11424
f 11417 11573 11422
f 11422 11573 11620
f 11422 11620 11427
f 11427 11620 11681
f 11427 11681 11707
f 11410 11583 11417
f 11417 11583 11559
f 11417 11559 11573
f 11392 11303 11397
f 11397 11303 11712
f 11397 11712 11403
f 11403 11712 11664
f 11403 11664 11410
f 11410 11664 11626
f 11410 11626 11583
f 11303 11335 11326
f 11337 11348 11304
f 11304 11348 11363
f 11304 11363 11383
f 11381 11361 11303
f 11303 11361 11346
f 11303 11346 11335
f 11763 11303 11877
f 11877 11303 12013
f 11877 12013 12015
f 11775 12013 11455
f 11455 12013 11330
f 11330 12013 11303
f 11330 11303 11302
f 11083 11082 11155
f 11155 11082 11103
f 11155 11103 11154
f 11154 11103 11153
f 11154 11153 11303
f 11303 11153 11173
f 11303 11173 11302
f 10897 10930 11083
f 10930 10990 11083
f 11083 10990 11062
f 11083 11062 11082
f 10807 10839 10877
f 10877 10839 10846
f 10877 10846 10876
f 10794 10807 10878
f 10878 10807 10877
f 10878 10877 11084
f 11084 10877 10876
f 11084 10876 11083
f 11083 10876 10889
f 11083 10889 10897
f 10880 10726 10735
f 10882 10760 10881
f 10881 10760 10754
f 10881 10754 10880
f 10880 10754 10736
f 10880 10736 10726
f 10883 10808 10882
f 10882 10808 10795
f 10882 10795 10760
f 10884 10847 10883
f 10883 10847 10840
f 10883 10840 10808
f 11091 11092 11063
f 11063 10991 11091
f 11091 10991 10931
f 11091 10931 10898
f 11164 11165 11092
f 11165 11164 11174
f 11174 11164 11313
f 11174 11313 11314
f 11314 11313 11560
f 11314 11560 11584
f 12766 12812 12810
f 12766 12810 12767
f 12767 12810 12816
f 12767 12816 12836
f 12765 12876 12877
f 12877 12865 12765
f 12765 12865 12834
f 12765 12834 12766
f 12766 12834 12814
f 12766 12814 12812
f 12951 12925 12876
f 12876 12925 12899
f 12876 12899 12877
f 12951 12876 12977
f 12977 12876 13013
f 12977 13013 12997
f 13054 13050 13086
f 13086 13050 13085
f 13086 13085 13314
f 13314 13085 13286
f 13050 13042 13085
f 13085 13042 13026
f 13085 13026 13013
f 13013 13026 13014
f 13013 13014 12997
f 13015 13028 13087
f 13087 13028 13044
f 13087 13044 13086
f 13086 13044 13052
f 13086 13052 13056
f 12979 12999 13016
f 12867 12878 12879
f 12879 12878 12901
f 12879 12901 12927
f 12979 13016 12953
f 12884 12910 12920
f 12920 12932 12884
f 12884 12932 12941
f 12884 12941 13021
f 13021 12941 12959
f 13021 12959 12967
f 12967 12975 13021
f 13021 12975 12983
f 13021 12983 13020
f 13020 12983 12987
f 13020 12987 12991
f 12893 12889 12883
f 12883 12889 12897
f 12883 12897 12884
f 12884 12897 12906
f 12884 12906 12910
f 12973 12965 13019
f 12991 12988 13020
f 13020 12988 12985
f 13020 12985 13019
f 13019 12985 12981
f 13019 12981 12973
f 12957 12939 12882
f 12882 12939 12930
f 12882 12930 12918
f 12918 12908 12882
f 12882 12908 12904
f 12882 12904 12883
f 12883 12904 12895
f 12883 12895 12893
f 11295 11300 11306
f 11306 11300 11292
f 11306 11292 11305
f 11305 11292 11283
f 11283 11279 11305
f 11305 11279 11269
f 11305 11269 11256
f 11247 11229 11156
f 11156 11229 11221
f 11221 11213 11156
f 11156 11213 11194
f 11156 11194 11157
f 11157 11194 11190
f 11157 11190 11186
f 11215 11223 11158
f 11231 11249 11307
f 11307 11249 11258
f 11307 11258 11271
f 11271 11281 11307
f 11307 11281 11285
f 11307 11285 11306
f 11306 11285 11294
f 11306 11294 11295
f 11186 11188 11157
f 11157 11188 11192
f 11157 11192 11158
f 11158 11192 11196
f 11158 11196 11215
f 11162 11149 11089
f 11089 11149 11133
f 11089 11133 11090
f 11090 11133 11125
f 11090 11125 11121
f 11322 11311 11310
f 11310 11311 11288
f 11310 11288 11261
f 11235 11209 11161
f 11161 11209 11178
f 11375 11376 12081
f 12081 11376 11379
f 12081 11379 12080
f 12080 11379 11373
f 12080 11373 11353
f 11355 11375 12083
f 11263 11290 11313
f 11313 11290 11312
f 11313 11312 12083
f 12083 11312 11324
f 12083 11324 11355
f 11163 11180 11164
f 11164 11180 11211
f 11164 11211 11313
f 11313 11211 11237
f 11313 11237 11263
f 11092 11091 11164
f 11164 11091 11151
f 11164 11151 11163
f 11121 11122 11090
f 11090 11122 11127
f 11090 11127 11091
f 11091 11127 11135
f 11091 11135 11151
f 11006 11016 11087
f 10970 10880 10879
f 10879 10880 10735
f 10879 10735 10753
f 11004 10995 10879
f 10879 10995 10987
f 10970 10967 10880
f 10880 10967 10972
f 10880 10972 10977
f 11016 11024 11087
f 11087 11024 11032
f 11087 11032 11038
f 11038 11042 11087
f 11087 11042 11045
f 11087 11045 11086
f 11086 11045 11040
f 11086 11040 11036
f 10987 10980 10879
f 10879 10980 10975
f 10879 10975 10970
f 11036 11030 11086
f 11086 11030 11022
f 11086 11022 11014
f 10977 10982 10880
f 10880 10982 10989
f 10880 10989 10997
f 10898 10890 11091
f 11091 10890 10884
f 11091 10884 11090
f 11090 10884 10883
f 11090 10883 11089
f 11089 10883 10882
f 11089 10882 11088
f 11088 10882 10881
f 11088 10881 11087
f 11087 10881 10880
f 11087 10880 11006
f 11006 10880 10997
f 11014 11004 11086
f 11086 11004 10879
f 11086 10879 11085
f 11178 11162 11161
f 11161 11162 11089
f 11161 11089 11160
f 11160 11089 11088
f 11160 11088 11159
f 11159 11088 11087
f 11159 11087 11158
f 11158 11087 11086
f 11158 11086 11157
f 11157 11086 11085
f 11157 11085 11156
f 11223 11231 11158
f 11158 11231 11307
f 11158 11307 11159
f 11159 11307 11308
f 11159 11308 11160
f 11160 11308 11309
f 11160 11309 11161
f 11161 11309 11310
f 11161 11310 11235
f 11235 11310 11261
f 11256 11247 11305
f 11305 11247 11156
f 11305 11156 11304
f 10753 10759 10879
f 10879 10759 10878
f 10879 10878 11085
f 11085 10878 11084
f 11085 11084 11156
f 11156 11084 11155
f 11156 11155 11304
f 11304 11155 11303
f 11304 11303 11317
f 11317 11303 11326
f 11394 11399 11304
f 11304 11399 12069
f 11304 12069 11305
f 11305 12069 12071
f 11305 12071 11306
f 11306 12071 12072
f 11306 12072 11307
f 11307 12072 12074
f 11307 12074 11308
f 11308 12074 12076
f 11308 12076 11309
f 11309 12076 12078
f 11309 12078 11310
f 11310 12078 12080
f 11310 12080 11322
f 11322 12080 11353
f 12265 12309 12069
f 12069 12309 12765
f 12069 12765 12071
f 12071 12765 12766
f 12071 12766 12072
f 12072 12766 12767
f 12072 12767 12074
f 12074 12767 12768
f 12074 12768 12076
f 12076 12768 12769
f 12076 12769 12078
f 12078 12769 12770
f 12078 12770 12080
f 12080 12770 12771
f 12080 12771 12081
f 12081 12771 12772
f 12836 12867 12767
f 12767 12867 12879
f 12767 12879 12768
f 12768 12879 12880
f 12768 12880 12769
f 12769 12880 12881
f 12769 12881 12770
f 12770 12881 12882
f 12770 12882 12771
f 12771 12882 12883
f 12771 12883 12772
f 12772 12883 12884
f 11375 12081 12083
f 12083 12081 12772
f 12083 12772 12773
f 12773 12772 12884
f 12773 12884 12885
f 12885 12884 13021
f 12885 13021 13022
f 12927 12953 12879
f 12879 12953 13016
f 12879 13016 12880
f 12880 13016 13017
f 12880 13017 12881
f 12881 13017 13018
f 12881 13018 12882
f 12882 13018 13019
f 12882 13019 12957
f 12957 13019 12965
f 13084 13085 13073
f 13073 13085 13013
f 13073 13013 13012
f 13012 13013 12876
f 13012 12876 12875
f 12875 12876 12765
f 12875 12765 12764
f 12764 12765 12578
f 12764 12578 12592
f 12999 13015 13016
f 13016 13015 13087
f 13016 13087 13017
f 13017 13087 13088
f 13017 13088 13018
f 13018 13088 13089
f 13018 13089 13019
f 13019 13089 13090
f 13019 13090 13020
f 13020 13090 13091
f 13020 13091 13021
f 13021 13091 13092
f 13021 13092 13022
f 13022 13092 13093
f 13022 13093 13023
f 13023 13093 13094
f 13436 13437 13440
f 13438 13437 13436
f 13442 13438 13436
f 13441 13436 13439
f 13436 13440 13439
f 13442 13436 13441
f 13445 13438 13442
f 13443 13442 13441
f 13444 13442 13443
f 13444 13445 13442
f 13445 13446 13438
f 13448 13446 13445
f 13447 13445 13444
f 13447 13448 13445
f 13448 13449 13446
f 13451 13449 13448
f 13450 13448 13447
f 13450 13451 13448
f 13452 13451 13450
f 13452 13453 13451
f 13453 13454 13451
f 13451 13454 13449
f 13454 13455 13449
f 13453 13457 13454
f 13454 13456 13455
f 13457 13456 13454
f 13457 13458 13456
f 13459 13458 13457
f 13460 13457 13453
f 13460 13459 13457
f 13461 13460 13463
f 13461 13462 13460
f 13462 13459 13460
f 13463 13460 13453
f 13463 13453 13452
f 13464 13463 13452
f 13465 13463 13464
f 13465 13461 13463
f 13464 13468 13465
f 13465 13467 13466
f 13466 13461 13465
f 13465 13468 13467
f 13469 13468 13471
f 13470 13468 13469
f 13470 13467 13468
f 13464 13471 13468
f 13473 13471 13464
f 13472 13471 13474
f 13469 13471 13472
f 13473 13474 13471
f 13475 13474 13473
f 13475 13476 13474
f 13477 13474 13476
f 13472 13474 13477
f 13477 13476 13478
f 13478 13479 13477
f 13477 13479 13480
f 13477 13480 13472
f 13472 13480 13483
f 13482 13480 13481
f 13481 13480 13479 13633
f 13484 13483 13480 13482
f 13472 13483 13469
f 13469 13483 13486
f 13485 13483 13484
f 13488 13486 13483 13485
f 13469 13486 13470
f 13490 13487 13486 13489
f 13470 13486 13487
f 13489 13486 13488
f 13587 13586 13585 13584 13583 13658 13659 13660 13662 13663 13665 13666 13667 13671 13670 13672 13673 13674 13675 13500 13499 13493 13492 13491 13490 13489 13488 13485 13484 13482 13481 13633 13632 13631 13630 13628 13627 13634 13635 13636 13638 13639 13641 13642 13644 13645 13646 13588
f 13491 13487 13490
f 13492 13494 13487 13491
f 13493 13494 13492
f 13495 13494 13497
f 13496 13494 13495
f 13496 13487 13494
f 13499 13497 13494 13493
f 13495 13497 13501
f 13675 13498 13497 13500
f 13501 13497 13498
f 13500 13497 13499
f 13501 13502 13495
f 13501 13503 13502
f 13504 13503 13501
f 13501 13498 13504
f 13504 13507 13503
f 13505 13507 13504
f 13504 13506 13505
f 13504 13498 13506
f 13508 13503 13507
f 13508 13507 13509
f 13509 13507 13510
f 13505 13510 13507
f 13511 13510 13505
f 13511 13513 13510
f 13512 13510 13513
f 13509 13510 13512
f 13512 13513 13516
f 13516 13513 13514
f 13515 13514 13513
f 13515 13513 13511
f 13516 13514 13517
f 13517 13519 13516
f 13516 13519 13518
f 13516 13518 13512
f 13517 13520 13519
f 13520 13521 13519
f 13519 13521 13522
f 13519 13522 13518
f 13522 13523 13524
f 13521 13523 13522
f 13522 13524 13525
f 13518 13522 13525
f 13526 13525 13527
f 13518 13525 13526
f 13525 13524 13528
f 13525 13528 13527
f 13527 13528 13529
f 13528 13531 13529
f 13528 13530 13531
f 13524 13530 13528
f 13533 13532 13531
f 13529 13531 13532
f 13531 13530 13533
f 13533 13437 13534
f 13533 13440 13437
f 13533 13455 13456
f 13533 13535 13455
f 13534 13535 13533
f 13533 13458 13537
f 13456 13458 13533
f 13533 13536 13538
f 13533 13539 13536
f 13538 13440 13533
f 13533 13537 13542
f 13540 13539 13533
f 13533 13541 13540
f 13533 13543 13541
f 13542 13549 13533
f 13544 13543 13533
f 13533 13545 13544
f 13533 13549 13532
f 13533 13546 13545
f 13547 13546 13533
f 13533 13548 13547
f 13533 13530 13548
f 13550 13549 13542
f 13551 13549 13550
f 13551 13532 13549
f 13529 13532 13551
f 13552 13551 13550
f 13553 13551 13552
f 13553 13529 13551
f 13555 13553 13552
f 13554 13553 13555
f 13554 13527 13553
f 13527 13529 13553
f 13555 13552 13556
f 13557 13555 13556
f 13508 13555 13557
f 13508 13554 13555
f 13557 13503 13508
f 13557 13502 13503
f 13558 13502 13557
f 13557 13556 13558
f 13466 13560 13558
f 13558 13559 13466
f 13558 13556 13559
f 13558 13560 13502
f 13466 13467 13560
f 13496 13560 13467
f 13495 13560 13496
f 13495 13502 13560
f 13559 13462 13461
f 13559 13561 13462
f 13466 13559 13461
f 13556 13561 13559
f 13561 13562 13462
f 13561 13550 13562
f 13552 13550 13561
f 13556 13552 13561
f 13462 13562 13459
f 13562 13537 13459
f 13562 13542 13537
f 13550 13542 13562
f 13509 13526 13554
f 13526 13527 13554
f 13509 13554 13508
f 13523 13548 13524
f 13523 13547 13548
f 13524 13548 13530
f 13563 13547 13523
f 13563 13546 13547
f 13521 13563 13523
f 13564 13563 13521
f 13564 13565 13563
f 13565 13546 13563
f 13567 13566 13565
f 13566 13545 13565
f 13565 13545 13546
f 13567 13565 13564
f 13568 13566 13567
f 13569 13568 13567
f 13569 13567 13570
f 13570 13567 13564
f 13570 13564 13520
f 13572 13569 13570
f 13571 13570 13520
f 13572 13570 13571
f 13572 13573 13574
f 13572 13575 13573
f 13574 13569 13572
f 13571 13575 13572
f 13578 13573 13575
f 13576 13575 13577
f 13578 13575 13576
f 13571 13577 13575
f 13579 13573 13578
f 13578 13581 13579
f 13578 13580 13581
f 13576 13580 13578
f 13579 13581 13582
f 13582 13581 13584 13585
f 13581 13580 13658 13583
f 13583 13584 13581
f 13585 13586 13582
f 13589 13582 13586 13587
f 13587 13588 13589
f 13590 13589 13588 13646
f 13591 13589 13590
f 13592 13589 13591
f 13592 13582 13589
f 13592 13593 13594
f 13591 13593 13592
f 13579 13582 13592
f 13592 13594 13579
f 13595 13594 13593
f 13574 13594 13595
f 13579 13594 13573
f 13574 13573 13594
f 13595 13593 13596
f 13596 13598 13595
f 13595 13597 13574
f 13595 13598 13597
f 13596 13600 13598
f 13598 13599 13601
f 13600 13599 13598
f 13598 13601 13597
f 13599 13602 13601
f 13601 13602 13603
f 13597 13601 13568
f 13601 13603 13568
f 13602 13543 13603
f 13568 13603 13566
f 13603 13544 13566
f 13603 13543 13544
f 13599 13604 13602
f 13604 13541 13602
f 13602 13541 13543
f 13604 13540 13541
f 13605 13540 13604
f 13606 13605 13604
f 13606 13604 13599
f 13608 13605 13606
f 13607 13606 13600
f 13607 13608 13606
f 13600 13606 13599
f 13608 13609 13605
f 13610 13609 13608
f 13611 13610 13608
f 13611 13608 13607
f 13614 13612 13611
f 13612 13610 13611
f 13613 13611 13607
f 13614 13611 13613
f 13614 13615 13617
f 13614 13616 13615
f 13617 13612 13614
f 13613 13616 13614
f 13617 13620 13618
f 13618 13619 13617
f 13617 13619 13612
f 13617 13615 13620
f 13618 13620 13621
f 13622 13620 13615
f 13623 13621 13620
f 13623 13620 13622
f 13623 13624 13626
f 13622 13624 13623
f 13625 13621 13623
f 13623 13626 13625
f 13626 13624 13634 13627
f 13625 13626 13629
f 13627 13628 13626
f 13629 13626 13628 13630
f 13632 13479 13629 13631
f 13478 13629 13479
f 13630 13631 13629
f 13625 13629 13478
f 13633 13479 13632
f 13635 13634 13624
f 13624 13637 13636 13635
f 13638 13636 13637
f 13637 13640 13639 13638
f 13641 13639 13640
f 13640 13643 13642 13641
f 13644 13642 13643
f 13643 13590 13645 13644
f 13646 13645 13590
f 13647 13643 13648
f 13647 13590 13643
f 13648 13643 13640
f 13648 13649 13647
f 13648 13616 13649
f 13648 13640 13650
f 13650 13616 13648
f 13650 13615 13616
f 13622 13615 13650
f 13650 13637 13622
f 13650 13640 13637
f 13613 13649 13616
f 13651 13649 13613
f 13647 13649 13652
f 13651 13652 13649
f 13647 13652 13591
f 13596 13652 13651
f 13591 13652 13593
f 13596 13593 13652
f 13613 13607 13651
f 13651 13600 13596
f 13651 13607 13600
f 13591 13590 13647
f 13622 13637 13624
f 13625 13653 13621
f 13478 13653 13625
f 13654 13653 13655
f 13654 13621 13653
f 13655 13653 13476
f 13478 13476 13653
f 13655 13444 13654
f 13655 13447 13444
f 13475 13447 13655
f 13655 13476 13475
f 13618 13621 13654
f 13654 13443 13618
f 13654 13444 13443
f 13619 13656 13612
f 13619 13441 13656
f 13618 13443 13619
f 13443 13441 13619
f 13656 13657 13610
f 13656 13439 13657
f 13612 13656 13610
f 13441 13439 13656
f 13439 13538 13657
f 13610 13657 13609
f 13657 13536 13609
f 13657 13538 13536
f 13609 13536 13539
f 13609 13539 13605
f 13605 13539 13540
f 13597 13568 13569
f 13574 13597 13569
f 13659 13658 13580
f 13580 13661 13660 13659
f 13662 13660 13661
f 13661 13664 13663 13662
f 13663 13664 13665
f 13665 13664 13668 13666
f 13666 13668 13667
f 13515 13668 13664
f 13511 13668 13515
f 13511 13669 13668
f 13667 13668 13669 13671
f 13505 13669 13511
f 13505 13506 13669
f 13670 13669 13506 13672
f 13671 13669 13670
f 13672 13506 13673
f 13673 13506 13498 13674
f 13674 13498 13675
f 13676 13664 13661
f 13515 13664 13676
f 13676 13514 13515
f 13676 13577 13514
f 13676 13661 13576
f 13576 13577 13676
f 13576 13661 13580
f 13517 13577 13571
f 13517 13514 13577
f 13571 13520 13517
f 13566 13544 13545
f 13520 13564 13521
f 13439 13440 13538
f 13459 13537 13458
f 13446 13535 13534
f 13449 13535 13446
f 13449 13455 13535
f 13438 13534 13437
f 13446 13534 13438
f 13512 13518 13526
f 13512 13526 13509
f 13496 13467 13470
f 13470 13487 13496
f 13473 13450 13475
f 13475 13450 13447
f 13464 13452 13473
f 13473 13452 13450
f 13944 13940 13942 13945
f 13945 13942 13946
f 13947 13933 13940 13944
f 13948 13933 13947
f 13949 13930 13933 13948
f 13950 13928 13930 13949
f 13951 13928 13950
f 13952 13917 13928 13951
f 13911 13917 13952 13953
f 13911 13953 13954
f 13904 13911 13954 13955
f 13898 13904 13955 13956
f 13956 13957 13898
f 13884 13898 13957 13958
f 13860 13884 13958 13959
f 13860 13959 13960
f 13849 13860 13960 13961
f 13837 13849 13961 13962
f 13962 13963 13837
f 13827 13837 13963 13964
f 13809 13827 13964 13965
f 13809 13965 13966
f 13804 13809 13966 13967
f 13794 13804 13967 13968
f 13794 13968 13969
f 13786 13794 13969 13970
f 13971 13972 13770
f 13770 13784 13973 13971
f 13784 13786 13970 13973
f 13975 13974 13762
f 13762 13766 13976 13975
f 13972 13976 13766 13770
f 13977 13978 13749
f 13749 13753 13979 13977
f 13974 13979 13753 13762
f 13981 13980 13751
f 13751 13748 13982 13981
f 13978 13982 13748 13749
f 13983 13984 13760
f 13760 13752 13985 13983
f 13980 13985 13752 13751
f 13987 13986 13769
f 13769 13765 13988 13987
f 13984 13988 13765 13760
f 13989 13796 13990
f 13990 13796 13785 13991
f 13986 13991 13785 13769
f 13812 13993 13992
f 13993 13812 13803 13994
f 13994 13803 13796 13989
f 13995 13844 13996
f 13996 13844 13826 13997
f 13997 13826 13812 13992
f 13998 13863 13999
f 13999 13863 13848 14000
f 14000 13848 13844 13995
f 13891 14002 14001
f 14002 13891 13883 14003
f 14003 13883 13863 13998
f 14004 13912 14005
f 14005 13912 13903 14006
f 14006 13903 13891 14001
f 14007 13921 14008
f 14008 13921 13916 14009
f 14009 13916 13912 14004
f 14011 13935 14010
f 14010 13935 13929 14012
f 14012 13929 13921 14007
f 13946 13942 13943 14013
f 14013 13943 13941 14014
f 14014 13941 14015
f 14015 13941 13939 14016
f 14016 13939 13935 14011
f 13856 13867 13878
f 13701 13709 13700
f 13704 13714 13716
f 13722 13724 13730
f 13777 13787 13792
f 13821 13830 13834
f 13733 13759 13783
f 13709 13725 13718
f 13759 13793 13810
f 13725 13758 13747
f 13793 13808 13818
f 13927 13929 13935
f 13916 13921 13918
f 13765 13769 13764
f 13748 13751 13743
f 13849 13837 13833
f 13904 13898 13894
f 13930 13928 13924
f 13794 13786 13779
f 13779 13786 13784
f 13779 13784 13770
f 13758 13779 13767
f 13767 13779 13770
f 13767 13770 13756
f 13756 13770 13766
f 13748 13743 13749
f 13803 13812 13808
f 13808 13812 13826
f 13808 13826 13818
f 13818 13826 13844
f 13818 13844 13835
f 13835 13844 13848
f 13835 13848 13854
f 13848 13863 13854
f 13854 13863 13883
f 13854 13883 13885
f 13883 13891 13885
f 13885 13891 13903
f 13885 13903 13899
f 13899 13903 13912
f 13899 13912 13910
f 13927 13935 13932
f 13932 13935 13939
f 13932 13939 13936
f 13939 13941 13936
f 13936 13941 13943
f 13936 13943 13938
f 13938 13943 13942
f 13938 13942 13937
f 13937 13942 13940
f 13937 13940 13934
f 13934 13940 13933
f 13934 13933 13931
f 13931 13919 13922
f 13758 13767 13747
f 13747 13767 13756
f 13747 13756 13735
f 13735 13756 13746
f 13735 13746 13732
f 13732 13746 13742
f 13732 13742 13729
f 13793 13818 13810
f 13810 13818 13835
f 13810 13835 13825
f 13825 13835 13854
f 13825 13854 13839
f 13839 13854 13885
f 13839 13885 13861
f 13861 13885 13899
f 13861 13899 13890
f 13890 13899 13910
f 13890 13910 13897
f 13931 13922 13934
f 13934 13922 13925
f 13934 13925 13937
f 13937 13925 13926
f 13937 13926 13938
f 13938 13926 13923
f 13938 13923 13936
f 13936 13923 13920
f 13936 13920 13932
f 13932 13920 13914
f 13932 13914 13927
f 13919 13896 13901
f 13725 13747 13718
f 13718 13747 13735
f 13718 13735 13713
f 13713 13735 13732
f 13713 13732 13710
f 13710 13732 13729
f 13710 13729 13707
f 13759 13810 13783
f 13783 13810 13825
f 13783 13825 13798
f 13798 13825 13839
f 13798 13839 13815
f 13815 13839 13861
f 13815 13861 13831
f 13831 13861 13890
f 13831 13890 13847
f 13847 13890 13897
f 13847 13897 13866
f 13919 13901 13922
f 13922 13901 13905
f 13922 13905 13925
f 13925 13905 13906
f 13925 13906 13926
f 13926 13906 13902
f 13926 13902 13923
f 13923 13902 13900
f 13923 13900 13920
f 13920 13900 13893
f 13920 13893 13914
f 13896 13874 13882
f 13709 13718 13700
f 13700 13718 13713
f 13700 13713 13696
f 13696 13713 13710
f 13696 13710 13690
f 13690 13710 13707
f 13690 13707 13685
f 13752 13760 13745
f 13745 13760 13755
f 13745 13755 13731
f 13731 13755 13734
f 13731 13734 13708
f 13708 13734 13712
f 13708 13712 13688
f 13688 13712 13695
f 13688 13695 13681
f 13769 13785 13764
f 13764 13785 13782
f 13764 13782 13744
f 13744 13782 13761
f 13744 13761 13717
f 13717 13761 13726
f 13717 13726 13699
f 13699 13726 13711
f 13785 13796 13782
f 13782 13796 13791
f 13782 13791 13761
f 13761 13791 13780
f 13761 13780 13726
f 13726 13780 13737
f 13726 13737 13711
f 13711 13737 13719
f 13733 13783 13754
f 13754 13783 13798
f 13754 13798 13773
f 13773 13798 13815
f 13773 13815 13795
f 13795 13815 13831
f 13795 13831 13813
f 13813 13831 13847
f 13813 13847 13828
f 13828 13847 13866
f 13828 13866 13838
f 13896 13882 13901
f 13901 13882 13888
f 13901 13888 13905
f 13905 13888 13889
f 13905 13889 13906
f 13906 13889 13887
f 13906 13887 13902
f 13902 13887 13878
f 13902 13878 13900
f 13900 13878 13867
f 13900 13867 13893
f 13853 13858 13864
f 13864 13858 13874
f 13864 13874 13892
f 13892 13874 13896
f 13892 13896 13913
f 13913 13896 13919
f 13913 13919 13924
f 13924 13919 13931
f 13924 13931 13930
f 13930 13931 13933
f 13928 13917 13924
f 13924 13917 13915
f 13924 13915 13913
f 13913 13915 13907
f 13913 13907 13892
f 13892 13907 13880
f 13892 13880 13864
f 13864 13880 13850
f 13864 13850 13853
f 13853 13850 13842
f 13917 13911 13915
f 13915 13911 13908
f 13915 13908 13907
f 13907 13908 13895
f 13907 13895 13880
f 13880 13895 13862
f 13880 13862 13850
f 13850 13862 13834
f 13850 13834 13842
f 13842 13834 13830
f 13816 13821 13824
f 13824 13821 13834
f 13824 13834 13845
f 13845 13834 13862
f 13845 13862 13881
f 13881 13862 13895
f 13881 13895 13894
f 13894 13895 13908
f 13894 13908 13904
f 13904 13908 13911
f 13898 13884 13894
f 13894 13884 13879
f 13894 13879 13881
f 13881 13879 13855
f 13881 13855 13845
f 13845 13855 13829
f 13845 13829 13824
f 13824 13829 13811
f 13824 13811 13816
f 13816 13811 13801
f 13884 13860 13879
f 13879 13860 13852
f 13879 13852 13855
f 13855 13852 13836
f 13855 13836 13829
f 13829 13836 13814
f 13829 13814 13811
f 13811 13814 13792
f 13811 13792 13801
f 13801 13792 13787
f 13763 13777 13771
f 13771 13777 13792
f 13771 13792 13797
f 13797 13792 13814
f 13797 13814 13823
f 13823 13814 13836
f 13823 13836 13833
f 13833 13836 13852
f 13833 13852 13849
f 13849 13852 13860
f 13837 13827 13833
f 13833 13827 13817
f 13833 13817 13823
f 13823 13817 13807
f 13823 13807 13797
f 13797 13807 13781
f 13797 13781 13771
f 13771 13781 13750
f 13771 13750 13763
f 13763 13750 13740
f 13827 13809 13817
f 13817 13809 13805
f 13817 13805 13807
f 13807 13805 13790
f 13807 13790 13781
f 13781 13790 13757
f 13781 13757 13750
f 13750 13757 13730
f 13750 13730 13740
f 13740 13730 13724
f 13714 13722 13716
f 13716 13722 13730
f 13716 13730 13736
f 13736 13730 13757
f 13736 13757 13772
f 13772 13757 13790
f 13772 13790 13789
f 13789 13790 13805
f 13789 13805 13804
f 13804 13805 13809
f 13701 13704 13709
f 13709 13704 13716
f 13709 13716 13725
f 13725 13716 13736
f 13725 13736 13758
f 13758 13736 13772
f 13758 13772 13779
f 13779 13772 13789
f 13779 13789 13794
f 13794 13789 13804
f 13677 13679 13685
f 13685 13679 13683
f 13685 13683 13690
f 13690 13683 13689
f 13690 13689 13696
f 13696 13689 13693
f 13696 13693 13700
f 13700 13693 13698
f 13700 13698 13701
f 13680 13677 13686
f 13686 13677 13685
f 13686 13685 13706
f 13706 13685 13707
f 13706 13707 13728
f 13728 13707 13729
f 13728 13729 13743
f 13743 13729 13742
f 13743 13742 13749
f 13749 13742 13746
f 13749 13746 13753
f 13753 13746 13756
f 13753 13756 13762
f 13762 13756 13766
f 13751 13752 13743
f 13743 13752 13745
f 13743 13745 13728
f 13728 13745 13731
f 13728 13731 13706
f 13706 13731 13708
f 13706 13708 13686
f 13686 13708 13688
f 13686 13688 13680
f 13680 13688 13681
f 13697 13691 13695
f 13695 13691 13687
f 13695 13687 13681
f 13719 13702 13711
f 13711 13702 13697
f 13711 13697 13699
f 13699 13697 13695
f 13699 13695 13717
f 13717 13695 13712
f 13717 13712 13744
f 13744 13712 13734
f 13744 13734 13764
f 13764 13734 13755
f 13764 13755 13765
f 13765 13755 13760
f 13727 13720 13719
f 13719 13720 13715
f 13719 13715 13702
f 13796 13803 13791
f 13791 13803 13808
f 13791 13808 13780
f 13780 13808 13793
f 13780 13793 13737
f 13737 13793 13759
f 13737 13759 13719
f 13719 13759 13733
f 13719 13733 13727
f 13727 13733 13754
f 13727 13754 13738
f 13738 13754 13773
f 13738 13773 13768
f 13840 13832 13838
f 13838 13832 13819
f 13838 13819 13828
f 13828 13819 13806
f 13828 13806 13813
f 13813 13806 13799
f 13813 13799 13795
f 13795 13799 13788
f 13795 13788 13773
f 13773 13788 13774
f 13773 13774 13768
f 13846 13840 13851
f 13851 13840 13838
f 13851 13838 13886
f 13886 13838 13866
f 13886 13866 13909
f 13909 13866 13897
f 13909 13897 13918
f 13918 13897 13910
f 13918 13910 13916
f 13916 13910 13912
f 13921 13929 13918
f 13918 13929 13927
f 13918 13927 13909
f 13909 13927 13914
f 13909 13914 13886
f 13886 13914 13893
f 13886 13893 13851
f 13851 13893 13867
f 13851 13867 13846
f 13846 13867 13856
f 13858 13865 13874
f 13874 13865 13871
f 13874 13871 13882
f 13882 13871 13875
f 13882 13875 13888
f 13888 13875 13876
f 13888 13876 13889
f 13889 13876 13873
f 13889 13873 13887
f 13887 13873 13869
f 13887 13869 13878
f 13878 13869 13868
f 13878 13868 13856
f 13877 13876 13872
f 13872 13876 13875
f 13875 13871 13872
f 13872 13871 13865
f 13872 13865 13859
f 13865 13858 13859
f 13859 13858 13853
f 13859 13853 13843
f 13853 13842 13843
f 13843 13842 13830
f 13843 13830 13822
f 13822 13830 13821
f 13822 13821 13802
f 13802 13821 13816
f 13816 13801 13802
f 13802 13801 13787
f 13802 13787 13778
f 13778 13787 13777
f 13778 13777 13741
f 13741 13777 13763
f 13763 13740 13741
f 13741 13740 13724
f 13741 13724 13723
f 13724 13722 13723
f 13723 13722 13714
f 13723 13714 13705
f 13705 13714 13704
f 13705 13704 13694
f 13694 13704 13701
f 13701 13698 13694
f 13694 13698 13693
f 13694 13693 13684
f 13684 13693 13689
f 13689 13683 13684
f 13684 13683 13679
f 13684 13679 13678
f 13678 13679 13677
f 13678 13677 13682
f 13682 13677 13680
f 13680 13681 13682
f 13682 13681 13687
f 13682 13687 13692
f 13687 13691 13692
f 13692 13691 13697
f 13692 13697 13703
f 13697 13702 13703
f 13703 13702 13715
f 13703 13715 13721
f 13721 13715 13720
f 13721 13720 13739
f 13739 13720 13727
f 13727 13738 13739
f 13739 13738 13768
f 13739 13768 13775
f 13775 13768 13774
f 13775 13774 13800
f 13774 13788 13800
f 13800 13788 13799
f 13800 13799 13820
f 13820 13799 13806
f 13806 13819 13820
f 13820 13819 13832
f 13820 13832 13841
f 13841 13832 13840
f 13841 13840 13857
f 13857 13840 13846
f 13846 13856 13857
f 13857 13856 13868
f 13857 13868 13870
f 13870 13868 13869
f 13870 13869 13877
f 13877 13869 13873
f 13877 13873 13876
f 13857 13870 13776
f 13776 13870 13877
f 13776 13877 13872
f 13800 13820 13776
f 13776 13820 13841
f 13776 13841 13857
f 13721 13739 13776
f 13776 13739 13775
f 13776 13775 13800
f 13682 13692 13776
f 13776 13692 13703
f 13776 13703 13721
f 13694 13684 13776
f 13776 13684 13678
f 13776 13678 13682
f 13741 13723 13776
f 13776 13723 13705
f 13776 13705 13694
f 13822 13802 13776
f 13776 13802 13778
f 13776 13778 13741
f 13872 13859 13776
f 13776 13859 13843
f 13776 13843 13822
f 13948 13947 13944 13945 13946 14013 14014 14015 14016 14011 14010 14012 14007 14008 14009 14004 14005 14006 14001 14002 14003 13998 13999 14000 13995 13996 13997 13992 13993 13994 13989 13990 13991 13986 13987 13988 13984 13983 13985 13980 13981 13982 13978 13977 13979 13974 13975 13976 13972 13971 13973 13970 13969 13968 13967 13966 13965 13964 13963 13962 13961 13960 13959 13958 13957 13956 13955 13954 13953 13952 13951 13950 13949
f 14053 14060 14059
f 14059 14060 14072
f 14059 14072 14071
f 14071 14072 14084
f 14071 14084 14083
f 14083 14084 14098
f 14083 14098 14097
f 14097 14098 14114
f 14097 14114 14113
f 14113 14114 14131
f 14113 14131 14130
f 14130 14131 14149
f 14130 14149 14148
f 14148 14149 14170
f 14148 14170 14169
f 14169 14170 14190
f 14169 14190 14189
f 14189 14190 14200
f 14189 14200 14199
f 14199 14200 14207
f 14199 14207 14206
f 14206 14207 14209
f 14206 14209 14208
f 14208 14209 14205
f 14208 14205 14204
f 14204 14205 14198
f 14204 14198 14197
f 14197 14198 14188
f 14197 14188 14187
f 14187 14188 14168
f 14187 14168 14167
f 14167 14168 14147
f 14167 14147 14146
f 14146 14147 14128
f 14146 14128 14127
f 14127 14128 14112
f 14127 14112 14111
f 14111 14112 14096
f 14111 14096 14095
f 14095 14096 14082
f 14095 14082 14081
f 14081 14082 14070
f 14081 14070 14069
f 14069 14070 14058
f 14069 14058 14057
f 14057 14058 14054
f 14057 14054 14053
f 14053 14054 14060
f 14072 14060 14129
f 14129 14060 14054
f 14129 14054 14058
f 14114 14098 14129
f 14129 14098 14084
f 14129 14084 14072
f 14170 14149 14129
f 14129 14149 14131
f 14129 14131 14114
f 14207 14200 14129
f 14129 14200 14190
f 14129 14190 14170
f 14198 14205 14129
f 14129 14205 14209
f 14129 14209 14207
f 14147 14168 14129
f 14129 14168 14188
f 14129 14188 14198
f 14096 14112 14129
f 14129 14112 14128
f 14129 14128 14147
f 14058 14070 14129
f 14129 14070 14082
f 14129 14082 14096
f 14048 14053 14044
f 14044 14053 14059
f 14044 14059 14047
f 14047 14059 14071
f 14047 14071 14063
f 14063 14071 14083
f 14063 14083 14075
f 14075 14083 14097
f 14075 14097 14089
f 14089 14097 14113
f 14089 14113 14105
f 14105 14113 14130
f 14105 14130 14121
f 14121 14130 14148
f 14121 14148 14140
f 14140 14148 14169
f 14140 14169 14158
f 14158 14169 14189
f 14158 14189 14180
f 14180 14189 14199
f 14180 14199 14192
f 14192 14199 14206
f 14192 14206 14201
f 14201 14206 14208
f 14201 14208 14203
f 14203 14208 14204
f 14203 14204 14202
f 14202 14204 14197
f 14202 14197 14193
f 14193 14197 14187
f 14193 14187 14181
f 14181 14187 14167
f 14181 14167 14159
f 14159 14167 14146
f 14159 14146 14141
f 14141 14146 14127
f 14141 14127 14122
f 14122 14127 14111
f 14122 14111 14106
f 14106 14111 14095
f 14106 14095 14090
f 14090 14095 14081
f 14090 14081 14076
f 14076 14081 14069
f 14076 14069 14064
f 14064 14069 14057
f 14064 14057 14048
f 14048 14057 14053
f 14037 14044 14040
f 14040 14044 14047
f 14040 14047 14051
f 14051 14047 14063
f 14051 14063 14065
f 14065 14063 14075
f 14065 14075 14085
f 14085 14075 14089
f 14085 14089 14101
f 14101 14089 14105
f 14101 14105 14117
f 14117 14105 14121
f 14117 14121 14134
f 14134 14121 14140
f 14134 14140 14152
f 14152 14140 14158
f 14152 14158 14173
f 14173 14158 14180
f 14173 14180 14183
f 14183 14180 14192
f 14183 14192 14194
f 14194 14192 14201
f 14194 14201 14196
f 14196 14201 14203
f 14196 14203 14195
f 14195 14203 14202
f 14195 14202 14184
f 14184 14202 14193
f 14184 14193 14174
f 14174 14193 14181
f 14174 14181 14153
f 14153 14181 14159
f 14153 14159 14135
f 14135 14159 14141
f 14135 14141 14118
f 14118 14141 14122
f 14118 14122 14102
f 14102 14122 14106
f 14102 14106 14086
f 14086 14106 14090
f 14086 14090 14066
f 14066 14090 14076
f 14066 14076 14052
f 14052 14076 14064
f 14052 14064 14041
f 14041 14064 14048
f 14041 14048 14037
f 14037 14048 14044
f 14034 14037 14030
f 14030 14037 14040
f 14030 14040 14033
f 14033 14040 14051
f 14033 14051 14042
f 14042 14051 14065
f 14042 14065 14055
f 14055 14065 14085
f 14055 14085 14077
f 14077 14085 14101
f 14077 14101 14093
f 14093 14101 14117
f 14093 14117 14109
f 14109 14117 14134
f 14109 14134 14125
f 14125 14134 14152
f 14125 14152 14142
f 14142 14152 14173
f 14142 14173 14162
f 14162 14173 14183
f 14162 14183 14176
f 14176 14183 14194
f 14176 14194 14185
f 14185 14194 14196
f 14185 14196 14191
f 14191 14196 14195
f 14191 14195 14186
f 14186 14195 14184
f 14186 14184 14177
f 14177 14184 14174
f 14177 14174 14163
f 14163 14174 14153
f 14163 14153 14143
f 14143 14153 14135
f 14143 14135 14126
f 14126 14135 14118
f 14126 14118 14110
f 14110 14118 14102
f 14110 14102 14094
f 14094 14102 14086
f 14094 14086 14078
f 14078 14086 14066
f 14078 14066 14056
f 14056 14066 14052
f 14056 14052 14043
f 14043 14052 14041
f 14043 14041 14034
f 14034 14041 14037
f 14021 14017 14020
f 14020 14017 14018
f 14020 14018 14022
f 14022 14018 14023
f 14022 14023 14029
f 14029 14023 14031
f 14029 14031 14039
f 14039 14031 14049
f 14039 14049 14062
f 14062 14049 14073
f 14062 14073 14080
f 14080 14073 14091
f 14080 14091 14100
f 14100 14091 14107
f 14100 14107 14116
f 14116 14107 14123
f 14116 14123 14133
f 14133 14123 14138
f 14133 14138 14145
f 14145 14138 14150
f 14145 14150 14157
f 14157 14150 14160
f 14157 14160 14172
f 14172 14160 14164
f 14172 14164 14175
f 14175 14164 14161
f 14175 14161 14171
f 14171 14161 14151
f 14171 14151 14156
f 14156 14151 14139
f 14156 14139 14144
f 14144 14139 14124
f 14144 14124 14132
f 14132 14124 14108
f 14132 14108 14115
f 14115 14108 14092
f 14115 14092 14099
f 14099 14092 14074
f 14099 14074 14079
f 14079 14074 14050
f 14079 14050 14061
f 14061 14050 14032
f 14061 14032 14038
f 14038 14032 14024
f 14038 14024 14028
f 14028 14024 14019
f 14028 14019 14021
f 14021 14019 14017
f 14020 14026 14021
f 14021 14026 14035
f 14021 14035 14028
f 14028 14035 14045
f 14028 14045 14038
f 14038 14045 14067
f 14038 14067 14061
f 14061 14067 14087
f 14061 14087 14079
f 14079 14087 14103
f 14079 14103 14099
f 14099 14103 14119
f 14099 14119 14115
f 14115 14119 14136
f 14115 14136 14132
f 14132 14136 14154
f 14132 14154 14144
f 14144 14154 14165
f 14144 14165 14156
f 14156 14165 14178
f 14156 14178 14171
f 14171 14178 14182
f 14171 14182 14175
f 14175 14182 14179
f 14175 14179 14172
f 14172 14179 14166
f 14172 14166 14157
f 14157 14166 14155
f 14157 14155 14145
f 14145 14155 14137
f 14145 14137 14133
f 14133 14137 14120
f 14133 14120 14116
f 14116 14120 14104
f 14116 14104 14100
f 14100 14104 14088
f 14100 14088 14080
f 14080 14088 14068
f 14080 14068 14062
f 14062 14068 14046
f 14062 14046 14039
f 14039 14046 14036
f 14039 14036 14029
f 14029 14036 14027
f 14029 14027 14022
f 14022 14027 14025
f 14022 14025 14020
f 14020 14025 14026
f 14033 14025 14030
f 14030 14025 14027
f 14030 14027 14034
f 14034 14027 14036
f 14034 14036 14043
f 14043 14036 14046
f 14043 14046 14056
f 14056 14046 14068
f 14056 14068 14078
f 14078 14068 14088
f 14078 14088 14094
f 14094 14088 14104
f 14094 14104 14110
f 14110 14104 14120
f 14110 14120 14126
f 14126 14120 14137
f 14126 14137 14143
f 14143 14137 14155
f 14143 14155 14163
f 14163 14155 14166
f 14163 14166 14177
f 14177 14166 14179
f 14177 14179 14186
f 14186 14179 14182
f 14186 14182 14191
f 14191 14182 14178
f 14191 14178 14185
f 14185 14178 14165
f 14185 14165 14176
f 14176 14165 14154
f 14176 14154 14162
f 14162 14154 14136
f 14162 14136 14142
f 14142 14136 14119
f 14142 14119 14125
f 14125 14119 14103
f 14125 14103 14109
f 14109 14103 14087
f 14109 14087 14093
f 14093 14087 14067
f 14093 14067 14077
f 14077 14067 14045
f 14077 14045 14055
f 14055 14045 14035
f 14055 14035 14042
f 14042 14035 14026
f 14042 14026 14033
f 14033 14026 14025
f 14210 14161 14164 14211
f 14212 14161 14210
f 14213 14151 14161 14212
f 14214 14151 14213
f 14215 14139 14151 14214
f 14216 14139 14215
f 14124 14139 14216 14217
f 14124 14217 14218
f 14108 14124 14218 14219
f 14108 14219 14220
f 14092 14108 14220 14221
f 14092 14221 14222
f 14074 14092 14222 14223
f 14074 14223 14224
f 14050 14074 14224 14225
f 14050 14225 14226
f 14032 14050 14226 14227
f 14032 14227 14228
f 14024 14032 14228 14229
f 14229 14230 14024
f 14019 14024 14230 14231
f 14231 14232 14019
f 14017 14019 14232 14233
f 14233 14234 14017
f 14018 14017 14234 14235
f 14235 14236 14018
f 14023 14018 14236 14237
f 14237 14238 14023
f 14031 14023 14238 14239
f 14239 14240 14031
f 14241 14049 14031 14240
f 14242 14049 14241
f 14243 14073 14049 14242
f 14244 14073 14243
f 14245 14091 14073 14244
f 14246 14091 14245
f 14247 14107 14091 14246
f 14248 14107 14247
f 14249 14123 14107 14248
f 14250 14123 14249
f 14251 14138 14123 14250
f 14252 14138 14251
f 14253 14150 14138 14252
f 14254 14150 14253
f 14255 14160 14150 14254
f 14256 14160 14255
f 14257 14164 14160 14256
f 14211 14164 14257
f 14246 14245 14244 14243 14242 14241 14240 14239 14238 14237 14236 14235 14234 14233 14232 14231 14230 14229 14228 14227 14226 14225 14224 14223 14222 14221 14220 14219 14218 14217 14216 14215 14214 14213 14212 14210 14211 14257 14256 14255 14254 14253 14252 14251 14250 14249 14248 14247
f 14597 14259 14258 14261
f 14260 14258 14259 14563
f 14262 14258 14260
f 14263 14261 14258
f 14263 14258 14262
f 14263 14266 14264
f 14264 14267 14263
f 14263 14265 14266
f 14262 14265 14263
f 14267 14261 14263
f 14273 14268 14267 14269
f 14261 14267 14268 14596
f 14264 14269 14267
f 14269 14271 14595 14270
f 14270 14273 14269
f 14272 14269 14264
f 14272 14271 14269
f 14559 14560 14561 14562 14563 14259 14597 14596 14268 14273 14270 14595 14281 14282 14283 14284 14286 14287 14289 14291 14292 14294 14296 14297 14299 14301 14302 14304 14306 14307 14308 14331 14330 14329 14328 14332 14333 14335 14336 14338 14340 14341 14342 14569 14568 14510 14511 14512 14513 14514 14515 14516 14567 14566 14529 14531 14532 14533 14534 14535 14536 14537 14538 14539 14540 14544 14547 14565 14564 14554 14557 14556 14558
f 14276 14271 14272
f 14275 14272 14274
f 14264 14274 14272
f 14276 14272 14275
f 14276 14277 14278
f 14276 14279 14277
f 14278 14280 14276
f 14275 14279 14276
f 14280 14271 14276
f 14281 14595 14271 14280
f 14280 14278 14283 14282
f 14282 14281 14280
f 14284 14283 14278 14285
f 14286 14284 14285
f 14285 14288 14287 14286
f 14289 14287 14288 14290
f 14291 14289 14290
f 14292 14291 14290 14293
f 14294 14292 14293 14295
f 14296 14294 14295
f 14295 14298 14297 14296
f 14299 14297 14298 14300
f 14301 14299 14300
f 14300 14303 14302 14301
f 14304 14302 14303 14305
f 14306 14304 14305
f 14307 14306 14305 14309
f 14308 14307 14309 14310
f 14309 14305 14312
f 14310 14309 14311
f 14311 14309 14312
f 14312 14303 14313
f 14314 14312 14313
f 14312 14305 14303
f 14315 14312 14314
f 14311 14312 14315
f 14315 14314 14316
f 14317 14315 14316
f 14318 14315 14317
f 14318 14311 14315
f 14321 14311 14318
f 14319 14318 14320
f 14319 14321 14318
f 14320 14318 14317
f 14322 14310 14321
f 14323 14322 14321
f 14321 14310 14311
f 14323 14321 14319
f 14327 14322 14323
f 14323 14325 14324
f 14324 14327 14323
f 14323 14326 14325
f 14319 14326 14323
f 14330 14322 14327 14329
f 14328 14327 14324 14332
f 14329 14327 14328
f 14310 14322 14330 14331
f 14331 14308 14310
f 14332 14324 14334 14333
f 14333 14334 14335
f 14335 14334 14337 14336
f 14336 14337 14339 14338
f 14338 14339 14340
f 14340 14339 14343 14341
f 14341 14343 14344 14342
f 14343 14339 14345
f 14343 14345 14344
f 14345 14337 14349
f 14339 14337 14345
f 14345 14346 14344
f 14345 14347 14346
f 14348 14347 14345
f 14345 14349 14348
f 14349 14334 14325
f 14337 14334 14349
f 14349 14325 14350
f 14348 14349 14350
f 14350 14326 14351
f 14350 14325 14326
f 14348 14350 14352
f 14352 14350 14351
f 14352 14353 14348
f 14352 14351 14355
f 14352 14354 14353
f 14355 14354 14352
f 14355 14356 14357
f 14355 14351 14356
f 14355 14358 14354
f 14357 14358 14355
f 14361 14358 14357
f 14360 14359 14358
f 14358 14359 14354
f 14360 14358 14361
f 14361 14362 14364
f 14361 14365 14362
f 14363 14360 14361
f 14361 14364 14363
f 14357 14365 14361
f 14357 14356 14365
f 14356 14366 14365
f 14366 14362 14365
f 14320 14366 14367
f 14356 14367 14366
f 14366 14368 14362
f 14370 14368 14366
f 14369 14366 14320
f 14369 14370 14366
f 14370 14371 14373
f 14372 14371 14370
f 14372 14370 14369
f 14373 14368 14370
f 14363 14373 14374
f 14373 14375 14374
f 14373 14371 14375
f 14364 14368 14373
f 14363 14364 14373
f 14374 14375 14377
f 14376 14375 14371
f 14376 14377 14375
f 14379 14377 14378
f 14378 14377 14376
f 14374 14377 14379
f 14379 14380 14381
f 14378 14380 14379
f 14363 14379 14382
f 14374 14379 14363
f 14379 14381 14382
f 14363 14382 14383
f 14382 14384 14383
f 14382 14381 14384
f 14384 14386 14383
f 14385 14384 14381
f 14385 14386 14384
f 14387 14386 14385
f 14387 14388 14386
f 14383 14386 14388
f 14389 14388 14387
f 14389 14390 14388
f 14383 14388 14391
f 14391 14388 14390
f 14391 14392 14393
f 14391 14394 14392
f 14363 14391 14393
f 14390 14394 14391
f 14383 14391 14363
f 14395 14394 14396
f 14395 14392 14394
f 14396 14394 14390
f 14396 14398 14395
f 14396 14397 14398
f 14389 14397 14396
f 14396 14390 14389
f 14399 14398 14275
f 14399 14395 14398
f 14397 14279 14398
f 14275 14398 14279
f 14399 14400 14401
f 14399 14274 14400
f 14401 14395 14399
f 14275 14274 14399
f 14401 14404 14402
f 14402 14403 14401
f 14401 14403 14395
f 14401 14400 14404
f 14405 14404 14400
f 14405 14407 14404
f 14402 14404 14406
f 14406 14404 14407
f 14411 14407 14405
f 14408 14409 14407
f 14411 14408 14407
f 14407 14409 14410
f 14407 14410 14406
f 14265 14411 14405
f 14413 14411 14265
f 14412 14408 14411
f 14413 14412 14411
f 14262 14413 14265
f 14414 14413 14262
f 14414 14415 14413
f 14415 14412 14413
f 14416 14417 14415
f 14418 14416 14415
f 14415 14417 14412
f 14418 14415 14414
f 14418 14419 14420
f 14414 14419 14418
f 14418 14420 14421
f 14421 14416 14418
f 14422 14421 14420
f 14423 14421 14422
f 14423 14424 14421
f 14421 14424 14416
f 14425 14424 14423
f 14425 14427 14424
f 14424 14426 14416
f 14424 14427 14426
f 14428 14427 14425
f 14427 14429 14426
f 14428 14430 14427
f 14427 14430 14429
f 14430 14431 14429
f 14430 14432 14431
f 14434 14432 14430
f 14433 14430 14428
f 14433 14434 14430
f 14436 14432 14434
f 14437 14434 14435
f 14435 14434 14433
f 14436 14434 14437
f 14363 14436 14437
f 14437 14438 14440
f 14435 14438 14437
f 14363 14437 14439
f 14437 14440 14439
f 14439 14440 14441
f 14441 14440 14442
f 14438 14442 14440
f 14443 14442 14445
f 14446 14442 14443
f 14444 14442 14438
f 14444 14445 14442
f 14446 14441 14442
f 14443 14449 14446
f 14446 14448 14447
f 14447 14441 14446
f 14446 14449 14448
f 14443 14452 14449
f 14449 14450 14451
f 14452 14450 14449
f 14449 14451 14448
f 14453 14452 14443
f 14453 14454 14452
f 14454 14455 14452
f 14452 14455 14450
f 14456 14455 14457
f 14458 14455 14456
f 14454 14457 14455
f 14458 14450 14455
f 14459 14460 14458
f 14456 14459 14458
f 14462 14450 14458
f 14458 14460 14461
f 14458 14461 14462
f 14462 14451 14450
f 14464 14451 14462
f 14462 14461 14463
f 14462 14463 14464
f 14464 14465 14451
f 14467 14465 14464
f 14464 14466 14467
f 14464 14463 14466
f 14467 14466 14469
f 14467 14469 14468
f 14468 14470 14467
f 14467 14470 14465
f 14473 14471 14470
f 14470 14471 14465
f 14470 14468 14472
f 14473 14470 14472
f 14474 14471 14473
f 14363 14474 14473
f 14363 14473 14472
f 14439 14474 14363
f 14474 14475 14471
f 14447 14475 14474
f 14474 14441 14447
f 14439 14441 14474
f 14447 14448 14475
f 14448 14465 14475
f 14475 14465 14471
f 14472 14476 14477
f 14472 14468 14476
f 14472 14477 14363
f 14477 14476 14478
f 14478 14479 14477
f 14477 14479 14480
f 14363 14477 14481
f 14477 14480 14481
f 14363 14481 14482
f 14481 14483 14482
f 14481 14480 14483
f 14484 14483 14485
f 14486 14483 14484
f 14483 14480 14485
f 14482 14483 14486
f 14486 14484 14487
f 14487 14488 14486
f 14486 14488 14482
f 14487 14489 14488
f 14482 14488 14489
f 14490 14489 14487
f 14490 14491 14489
f 14482 14489 14492
f 14492 14489 14491
f 14482 14492 14363
f 14492 14493 14359
f 14491 14493 14492
f 14492 14359 14360
f 14363 14492 14360
f 14354 14493 14494
f 14354 14359 14493
f 14494 14493 14491
f 14494 14491 14490
f 14490 14495 14494
f 14494 14495 14353
f 14494 14353 14354
f 14495 14347 14353
f 14490 14497 14495
f 14495 14496 14347
f 14497 14496 14495
f 14497 14498 14496
f 14499 14498 14497
f 14487 14499 14497
f 14487 14497 14490
f 14499 14501 14498
f 14484 14499 14487
f 14484 14500 14499
f 14500 14501 14499
f 14501 14502 14504
f 14503 14502 14501
f 14500 14503 14501
f 14501 14504 14498
f 14502 14506 14504
f 14509 14504 14505
f 14504 14506 14505
f 14507 14504 14509
f 14507 14508 14504
f 14498 14504 14508
f 14511 14509 14505 14512
f 14568 14507 14509 14510
f 14510 14509 14511
f 14512 14505 14506 14513
f 14513 14506 14514
f 14514 14506 14517 14515
f 14515 14517 14518 14516
f 14519 14518 14517
f 14519 14517 14506
f 14520 14518 14519
f 14519 14522 14520
f 14519 14521 14522
f 14503 14521 14519
f 14502 14519 14506
f 14503 14519 14502
f 14520 14522 14524
f 14522 14523 14524
f 14522 14525 14523
f 14521 14525 14522
f 14463 14523 14525
f 14521 14526 14525
f 14466 14525 14526
f 14463 14525 14466
f 14466 14526 14469
f 14527 14526 14521
f 14527 14528 14526
f 14469 14526 14528
f 14485 14528 14527
f 14469 14528 14476
f 14476 14528 14478
f 14479 14478 14528
f 14485 14479 14528
f 14500 14527 14503
f 14500 14485 14527
f 14503 14527 14521
f 14524 14523 14530
f 14566 14520 14524 14529
f 14529 14524 14530 14531
f 14461 14530 14523
f 14460 14530 14461
f 14531 14530 14532
f 14532 14530 14460 14533
f 14533 14460 14459 14534
f 14534 14459 14535
f 14535 14459 14456 14536
f 14536 14456 14457 14537
f 14537 14457 14538
f 14538 14457 14541 14539
f 14539 14541 14543 14540
f 14542 14541 14454
f 14543 14541 14542
f 14541 14457 14454
f 14540 14543 14544
f 14544 14543 14545 14547
f 14545 14543 14542
f 14545 14548 14546
f 14547 14545 14546 14565
f 14542 14548 14545
f 14549 14548 14550
f 14549 14546 14548
f 14550 14548 14551
f 14542 14551 14548
f 14453 14445 14551
f 14552 14551 14445
f 14453 14551 14542
f 14550 14551 14552
f 14428 14550 14552
f 14552 14445 14444
f 14433 14552 14444
f 14428 14552 14433
f 14425 14550 14428
f 14425 14549 14550
f 14423 14549 14425
f 14423 14553 14549
f 14553 14546 14549
f 14555 14553 14423
f 14564 14546 14553 14554
f 14557 14554 14553 14555
f 14422 14555 14423
f 14555 14422 14558 14556
f 14556 14557 14555
f 14559 14558 14422 14420
f 14560 14559 14420
f 14420 14419 14561 14560
f 14562 14561 14419 14260
f 14563 14562 14260
f 14565 14546 14564
f 14542 14454 14453
f 14567 14520 14566
f 14516 14518 14520 14567
f 14461 14523 14463
f 14569 14344 14507 14568
f 14342 14344 14569
f 14344 14508 14507
f 14344 14346 14508
f 14496 14508 14346
f 14498 14508 14496
f 14484 14485 14500
f 14496 14346 14347
f 14480 14479 14485
f 14468 14469 14476
f 14448 14451 14465
f 14443 14445 14453
f 14433 14444 14435
f 14435 14444 14438
f 14570 14432 14436
f 14570 14436 14363
f 14570 14431 14432
f 14363 14573 14570
f 14571 14431 14570
f 14570 14572 14571
f 14573 14572 14570
f 14573 14574 14572
f 14573 14409 14574
f 14575 14409 14573
f 14363 14575 14573
f 14575 14410 14409
f 14576 14410 14575
f 14576 14575 14363
f 14576 14406 14410
f 14402 14406 14576
f 14576 14403 14402
f 14393 14403 14576
f 14363 14393 14576
f 14577 14574 14408
f 14577 14572 14574
f 14408 14574 14409
f 14578 14572 14577
f 14417 14578 14577
f 14412 14577 14408
f 14417 14577 14412
f 14426 14578 14417
f 14426 14429 14578
f 14429 14571 14578
f 14578 14571 14572
f 14429 14431 14571
f 14416 14426 14417
f 14414 14260 14419
f 14262 14260 14414
f 14266 14405 14400
f 14265 14405 14266
f 14393 14392 14403
f 14403 14392 14395
f 14266 14400 14274
f 14397 14579 14279
f 14580 14579 14397
f 14389 14580 14397
f 14580 14582 14579
f 14387 14581 14580
f 14581 14582 14580
f 14387 14580 14389
f 14582 14583 14579
f 14582 14584 14583
f 14585 14584 14582
f 14581 14585 14582
f 14585 14586 14584
f 14587 14586 14585
f 14588 14587 14585
f 14588 14585 14581
f 14589 14587 14588
f 14385 14588 14581
f 14590 14589 14588
f 14590 14588 14385
f 14380 14590 14385
f 14591 14589 14590
f 14378 14590 14380
f 14378 14591 14590
f 14376 14592 14591
f 14591 14592 14589
f 14376 14591 14378
f 14316 14592 14376
f 14316 14314 14592
f 14592 14314 14593
f 14592 14593 14589
f 14593 14313 14594
f 14314 14313 14593
f 14589 14593 14587
f 14593 14594 14587
f 14594 14300 14298
f 14313 14300 14594
f 14587 14594 14586
f 14594 14298 14586
f 14586 14293 14584
f 14586 14295 14293
f 14298 14295 14586
f 14584 14290 14288
f 14293 14290 14584
f 14584 14288 14583
f 14583 14285 14277
f 14583 14288 14285
f 14579 14583 14277
f 14385 14581 14387
f 14579 14277 14279
f 14380 14385 14381
f 14376 14371 14372
f 14372 14316 14376
f 14369 14317 14372
f 14317 14316 14372
f 14320 14317 14369
f 14364 14362 14368
f 14319 14367 14326
f 14320 14367 14319
f 14351 14367 14356
f 14351 14326 14367
f 14348 14353 14347
f 14324 14325 14334
f 14313 14303 14300
f 14278 14277 14285
f 14264 14266 14274
f 14596 14597 14261
f 14600 14599 14598
f 14601 14598 14599 14683
f 14598 14602 14765 14600
f 14604 14598 14601
f 14603 14602 14598
f 14603 14598 14604
f 14606 14603 14604
f 14604 14601 14605
f 14607 14604 14605
f 14606 14604 14607
f 14608 14606 14607
f 14607 14605 14609
f 14608 14607 14610
f 14610 14607 14609
f 14610 14611 14613
f 14612 14611 14610
f 14610 14609 14612
f 14610 14613 14608
f 14608 14613 14615
f 14614 14613 14611
f 14615 14613 14614
f 14614 14616 14615
f 14617 14615 14616
f 14608 14615 14617
f 14617 14606 14608
f 14617 14618 14606
f 14619 14618 14617
f 14617 14616 14619
f 14619 14620 14618
f 14621 14620 14619
f 14619 14616 14622
f 14619 14622 14621
f 14621 14622 14623
f 14623 14622 14614
f 14614 14622 14616
f 14621 14623 14624
f 14624 14623 14625
f 14614 14625 14623
f 14626 14625 14627
f 14624 14625 14626
f 14614 14627 14625
f 14626 14627 14628
f 14628 14627 14629
f 14629 14627 14614
f 14628 14629 14630
f 14630 14629 14631
f 14614 14631 14629
f 14614 14633 14631
f 14632 14631 14633
f 14630 14631 14632
f 14634 14633 14635
f 14632 14633 14634
f 14635 14633 14614
f 14614 14636 14635
f 14637 14635 14636
f 14634 14635 14637
f 14637 14638 14634
f 14637 14639 14638
f 14640 14639 14637
f 14637 14636 14640
f 14640 14641 14639
f 14642 14641 14640
f 14640 14643 14642
f 14640 14636 14643
f 14614 14643 14636
f 14644 14643 14614
f 14642 14643 14644
f 14614 14646 14644
f 14645 14644 14646
f 14642 14644 14645
f 14614 14647 14646
f 14648 14646 14647
f 14645 14646 14648
f 14648 14647 14651
f 14648 14650 14645
f 14648 14649 14650
f 14651 14649 14648
f 14652 14654 14651
f 14651 14653 14652
f 14651 14647 14653
f 14651 14654 14649
f 14652 14657 14654
f 14654 14656 14649
f 14654 14655 14656
f 14657 14655 14654
f 14657 14658 14655
f 14659 14658 14657
f 14660 14659 14657
f 14660 14657 14652
f 14661 14659 14660
f 14660 14662 14661
f 14660 14663 14662
f 14652 14663 14660
f 14614 14663 14653
f 14614 14662 14663
f 14652 14653 14663
f 14664 14662 14614
f 14661 14662 14664
f 14614 14665 14664
f 14666 14664 14665
f 14661 14664 14666
f 14666 14665 14669
f 14666 14667 14668
f 14669 14667 14666
f 14666 14668 14661
f 14669 14672 14667
f 14670 14672 14669
f 14669 14671 14670
f 14669 14665 14671
f 14673 14675 14672
f 14670 14673 14672
f 14672 14674 14667
f 14672 14675 14674
f 14675 14676 14674
f 14675 14677 14676
f 14678 14677 14675
f 14673 14678 14675
f 14605 14679 14678
f 14609 14605 14678
f 14678 14679 14677
f 14609 14678 14673
f 14677 14679 14680 14684
f 14605 14601 14679
f 14681 14680 14679
f 14679 14601 14682 14681
f 14733 14734 14735 14709 14708 14707 14705 14704 14703 14701 14702 14698 14697 14692 14691 14690 14688 14687 14686 14685 14684 14680 14681 14682 14683 14599 14600 14765 14764 14760 14761 14762 14763 14745 14744 14743 14741 14740 14738 14737 14736 14726 14727 14728 14729 14730 14731 14732
f 14683 14682 14601
f 14684 14685 14677
f 14686 14676 14677 14685
f 14687 14676 14686
f 14688 14689 14676 14687
f 14690 14689 14688
f 14691 14693 14689 14690
f 14692 14693 14691
f 14695 14689 14693
f 14697 14694 14693 14692
f 14696 14693 14694
f 14695 14693 14696
f 14668 14695 14696
f 14668 14696 14659
f 14696 14694 14658
f 14659 14696 14658
f 14667 14695 14668
f 14667 14674 14695
f 14674 14689 14695
f 14698 14694 14697
f 14702 14699 14694 14698
f 14658 14694 14699
f 14655 14699 14700
f 14703 14700 14699 14701
f 14658 14699 14655
f 14701 14699 14702
f 14704 14700 14703
f 14705 14706 14700 14704
f 14707 14706 14705
f 14708 14710 14706 14707
f 14709 14710 14708
f 14712 14706 14710
f 14735 14711 14710 14709
f 14713 14710 14711
f 14712 14710 14713
f 14650 14712 14713
f 14713 14711 14714
f 14715 14713 14714
f 14650 14713 14715
f 14715 14714 14641
f 14642 14715 14641
f 14645 14715 14642
f 14645 14650 14715
f 14714 14716 14717
f 14714 14711 14716
f 14641 14714 14717
f 14717 14716 14718
f 14717 14718 14719
f 14639 14717 14719
f 14641 14717 14639
f 14719 14720 14721
f 14719 14718 14720
f 14639 14719 14638
f 14638 14719 14721
f 14721 14720 14724
f 14722 14721 14723
f 14638 14721 14722
f 14721 14724 14723
f 14723 14724 14725
f 14725 14724 14726 14736
f 14727 14726 14724
f 14724 14720 14728 14727
f 14728 14720 14729
f 14729 14720 14718 14730
f 14730 14718 14731
f 14731 14718 14716 14732
f 14732 14716 14733
f 14733 14716 14711 14734
f 14734 14711 14735
f 14736 14737 14725
f 14739 14725 14737 14738
f 14738 14740 14739
f 14742 14739 14740 14741
f 14741 14743 14742
f 14746 14742 14743 14744
f 14744 14745 14746
f 14748 14746 14745 14763
f 14747 14746 14749
f 14747 14742 14746
f 14749 14746 14748
f 14749 14748 14750
f 14751 14749 14750
f 14752 14749 14751
f 14752 14747 14749
f 14624 14752 14751
f 14626 14752 14624
f 14753 14747 14752
f 14626 14753 14752
f 14753 14754 14747
f 14755 14754 14753
f 14628 14755 14753
f 14628 14753 14626
f 14630 14755 14628
f 14755 14756 14754
f 14630 14757 14755
f 14757 14756 14755
f 14722 14723 14757
f 14632 14722 14757
f 14757 14723 14756
f 14632 14757 14630
f 14756 14725 14739
f 14723 14725 14756
f 14756 14739 14754
f 14754 14739 14742
f 14754 14742 14747
f 14621 14751 14620
f 14624 14751 14621
f 14751 14750 14620
f 14620 14750 14759
f 14750 14758 14759
f 14750 14748 14758
f 14759 14602 14603
f 14618 14759 14603
f 14759 14758 14602
f 14620 14759 14618
f 14761 14760 14758
f 14602 14758 14760 14764
f 14758 14748 14762 14761
f 14763 14762 14748
f 14764 14765 14602
f 14634 14722 14632
f 14634 14638 14722
f 14656 14706 14712
f 14649 14656 14712
f 14649 14712 14650
f 14656 14700 14706
f 14655 14700 14656
f 14674 14676 14689
f 14612 14673 14670
f 14612 14609 14673
f 14766 14671 14614
f 14670 14671 14766
f 14614 14671 14665
f 14614 14611 14766
f 14612 14766 14611
f 14670 14766 14612
f 14661 14668 14659
f 14653 14647 14614
f 14618 14603 14606
f 14767 14768 14771
f 14769 14768 14767
f 14767 14772 14769
f 14770 14773 14767
f 14767 14771 14770
f 14767 14773 14772
f 14770 14774 14773
f 14773 14775 14772
f 14774 14776 14773
f 14773 14776 14775
f 14774 14777 14776
f 14776 14778 14775
f 14777 14779 14776
f 14776 14779 14778
f 14778 14779 14781 14905
f 14777 14780 14779
f 14779 14780 14783 14782
f 14779 14782 14781
f 14908 14907 14906 14902 14903 14904 14905 14781 14782 14783 14784 14785 14787 14788 14790 14791 14793 14794 14795 14802 14803 14804 14805 14806 14808 14809 14810 14911 14910 14835 14836 14837 14838 14839 14840 14847 14848 14849 14850 14851 14853 14854 14856 14857 14859 14860 14861 14909
f 14780 14784 14783
f 14780 14786 14785 14784
f 14786 14787 14785
f 14786 14789 14788 14787
f 14789 14790 14788
f 14789 14792 14791 14790
f 14792 14793 14791
f 14792 14796 14794 14793
f 14796 14795 14794
f 14797 14796 14798
f 14797 14799 14796
f 14798 14796 14792
f 14796 14799 14802 14795
f 14800 14799 14797
f 14800 14801 14799
f 14803 14799 14801 14804
f 14802 14799 14803
f 14804 14801 14805
f 14805 14801 14807 14806
f 14806 14807 14808
f 14808 14807 14811 14809
f 14809 14811 14810
f 14812 14813 14811
f 14812 14811 14814
f 14810 14811 14813 14911
f 14814 14811 14807
f 14814 14807 14815
f 14817 14814 14815
f 14816 14814 14817
f 14816 14812 14814
f 14818 14817 14819
f 14820 14817 14818
f 14820 14816 14817
f 14817 14815 14819
f 14818 14821 14820
f 14820 14821 14823
f 14822 14816 14820
f 14820 14823 14822
f 14823 14821 14824
f 14824 14825 14823
f 14822 14823 14825
f 14824 14826 14825
f 14827 14825 14826
f 14822 14825 14827
f 14828 14829 14827
f 14827 14826 14828
f 14827 14830 14822
f 14827 14829 14830
f 14829 14831 14830
f 14830 14812 14816
f 14822 14830 14816
f 14830 14831 14812
f 14832 14833 14831
f 14829 14832 14831
f 14831 14813 14812
f 14831 14833 14813
f 14832 14834 14833
f 14836 14833 14834 14837
f 14910 14813 14833 14835
f 14835 14833 14836
f 14837 14834 14838
f 14838 14834 14841 14839
f 14839 14841 14840
f 14842 14841 14843
f 14842 14844 14841
f 14843 14841 14834
f 14840 14841 14844 14847
f 14846 14845 14844
f 14848 14844 14845 14849
f 14846 14844 14842
f 14847 14844 14848
f 14849 14845 14850
f 14850 14845 14852 14851
f 14851 14852 14853
f 14853 14852 14855 14854
f 14854 14855 14856
f 14856 14855 14858 14857
f 14859 14857 14858
f 14858 14862 14860 14859
f 14861 14860 14862
f 14865 14863 14862
f 14862 14863 14909 14861
f 14864 14862 14858
f 14865 14862 14864
f 14866 14865 14864
f 14868 14865 14866
f 14867 14863 14865
f 14868 14867 14865
f 14869 14867 14868
f 14870 14869 14868
f 14870 14868 14871
f 14871 14868 14866
f 14871 14872 14874
f 14873 14872 14871
f 14871 14866 14873
f 14871 14874 14870
f 14875 14874 14824
f 14870 14874 14875
f 14824 14874 14872
f 14870 14875 14769
f 14824 14768 14875
f 14769 14875 14768
f 14873 14876 14872
f 14878 14876 14873
f 14873 14877 14878
f 14873 14866 14877
f 14878 14879 14876
f 14878 14877 14880
f 14881 14879 14878
f 14878 14880 14881
f 14881 14882 14879
f 14881 14880 14883
f 14884 14882 14881
f 14881 14883 14884
f 14884 14885 14882
f 14887 14885 14884
f 14884 14886 14887
f 14884 14883 14886
f 14887 14886 14889
f 14887 14888 14885
f 14890 14888 14887
f 14887 14889 14890
f 14890 14889 14892
f 14890 14891 14888
f 14893 14891 14890
f 14890 14892 14893
f 14893 14892 14895
f 14893 14894 14891
f 14828 14894 14893
f 14893 14895 14828
f 14895 14843 14832
f 14892 14843 14895
f 14828 14895 14829
f 14895 14832 14829
f 14824 14891 14894
f 14894 14826 14824
f 14828 14826 14894
f 14889 14842 14892
f 14892 14842 14843
f 14824 14888 14891
f 14889 14846 14842
f 14886 14846 14889
f 14885 14888 14824
f 14886 14896 14846
f 14883 14896 14886
f 14897 14852 14896
f 14883 14897 14896
f 14896 14852 14845
f 14896 14845 14846
f 14897 14855 14852
f 14898 14855 14897
f 14880 14897 14883
f 14880 14898 14897
f 14877 14898 14880
f 14877 14864 14898
f 14898 14858 14855
f 14864 14858 14898
f 14824 14882 14885
f 14824 14879 14882
f 14876 14879 14824
f 14866 14864 14877
f 14824 14872 14876
f 14769 14869 14870
f 14772 14899 14869
f 14769 14772 14869
f 14869 14899 14867
f 14899 14900 14867
f 14775 14901 14899
f 14772 14775 14899
f 14899 14901 14900
f 14903 14902 14901
f 14900 14901 14902 14906
f 14901 14778 14904 14903
f 14775 14778 14901
f 14905 14904 14778
f 14906 14907 14900
f 14863 14900 14907 14908
f 14908 14909 14863
f 14867 14900 14863
f 14843 14834 14832
f 14911 14813 14910
f 14824 14912 14915
f 14824 14821 14912
f 14824 14913 14917
f 14824 14914 14913
f 14915 14914 14824
f 14824 14918 14916
f 14916 14771 14824
f 14917 14919 14824
f 14824 14771 14768
f 14824 14919 14918
f 14920 14919 14921
f 14920 14918 14919
f 14921 14919 14917
f 14921 14922 14920
f 14921 14924 14922
f 14923 14924 14921
f 14921 14917 14923
f 14923 14926 14924
f 14924 14925 14922
f 14924 14927 14925
f 14926 14927 14924
f 14798 14792 14927
f 14926 14798 14927
f 14927 14789 14925
f 14927 14792 14789
f 14928 14798 14926
f 14929 14928 14926
f 14929 14926 14923
f 14923 14913 14929
f 14930 14928 14929
f 14929 14914 14930
f 14929 14913 14914
f 14930 14914 14915
f 14930 14932 14928
f 14931 14932 14930
f 14930 14915 14931
f 14932 14797 14928
f 14932 14800 14797
f 14819 14800 14932
f 14931 14819 14932
f 14931 14915 14912
f 14818 14819 14931
f 14931 14912 14818
f 14928 14797 14798
f 14925 14786 14933
f 14925 14789 14786
f 14922 14925 14933
f 14934 14933 14777
f 14922 14933 14934
f 14933 14780 14777
f 14933 14786 14780
f 14934 14777 14774
f 14935 14934 14774
f 14920 14934 14935
f 14920 14922 14934
f 14935 14916 14918
f 14770 14916 14935
f 14935 14774 14770
f 14935 14918 14920
f 14923 14917 14913
f 14770 14771 14916
f 14818 14912 14821
f 14819 14815 14800
f 14815 14801 14800
f 14815 14807 14801
