t,track_id,class_name,tip_x_mm,tip_y_mm,tip_z_mm,n_neighbours,plane_rms_mm,clearance_mm
1787165458.406,77,Monopolar_Curved_Scissors,93.13,-12.55,12.26,318,2.48,-13.25
1787165458.406,78,UNKNOWN,122.90,-25.44,32.82,42,1.28,-16.34
1787165458.641,77,Monopolar_Curved_Scissors,86.51,-12.22,11.60,175,2.35,9.50
1787165458.641,78,UNKNOWN,120.67,-26.39,32.61,56,1.54,-15.86
1787165458.749,77,Monopolar_Curved_Scissors,95.11,-11.06,15.61,796,3.26,-3.65
1787165458.749,78,UNKNOWN,119.68,-26.81,32.51,269,3.40,-8.65
1787165458.842,77,Monopolar_Curved_Scissors,93.46,-8.21,15.99,1065,2.23,-0.42
1787165458.842,78,UNKNOWN,118.82,-27.17,32.43,446,2.76,3.31
1787165459.082,77,Monopolar_Curved_Scissors,96.51,-7.59,16.13,429,3.35,-1.73
1787165459.082,78,UNKNOWN,116.69,-28.08,32.22,444,4.58,-3.18
1787165459.208,77,Monopolar_Curved_Scissors,96.98,-4.36,12.66,629,4.79,-2.13
1787165459.208,78,UNKNOWN,115.47,-28.60,32.10,491,4.33,4.32
1787165459.208,80,UNKNOWN,140.80,14.76,13.77,28,2.43,-15.42
1787165459.337,77,Monopolar_Curved_Scissors,94.94,-3.50,10.61,698,2.95,9.82
1787165459.337,78,UNKNOWN,114.32,-29.09,31.99,524,4.41,-1.48
1787165459.337,80,UNKNOWN,112.41,10.33,7.71,94,1.52,-12.36
1787165459.465,77,Monopolar_Curved_Scissors,94.52,-7.88,14.23,724,3.51,-6.14
1787165459.465,78,UNKNOWN,113.16,-29.58,31.87,629,3.95,-0.28
1787165459.465,80,Prograsp_Forceps_Right,104.49,10.33,8.33,263,3.44,9.84
1787165459.604,77,Monopolar_Curved_Scissors,91.56,-4.86,14.04,675,4.20,-0.77
1787165459.604,78,UNKNOWN,111.93,-30.11,31.75,514,3.71,-0.30
1787165459.604,80,Prograsp_Forceps_Right,93.33,15.39,5.99,495,3.03,-2.67
1787165459.852,77,Monopolar_Curved_Scissors,89.95,-3.78,12.32,929,3.83,2.00
1787165459.852,80,Bipolar_Forceps,84.53,18.49,4.92,1234,3.15,4.64
1787165459.977,77,Monopolar_Curved_Scissors,86.87,-5.66,10.88,968,3.55,5.83
1787165459.977,80,Bipolar_Forceps,82.70,18.98,5.02,1144,2.92,4.81
1787165460.077,77,Monopolar_Curved_Scissors,86.14,-7.23,9.40,1177,3.77,1.78
1787165460.077,78,UNKNOWN,140.62,-5.06,16.56,71,1.96,-14.48
1787165460.077,80,Bipolar_Forceps,82.03,18.65,5.26,1322,3.18,6.72
1787165460.189,77,Monopolar_Curved_Scissors,85.68,-8.40,7.90,1096,5.51,-3.08
1787165460.189,78,UNKNOWN,140.54,6.09,14.72,188,2.93,5.97
1787165460.189,80,Bipolar_Forceps,79.11,18.72,5.01,1050,2.67,9.18
1787165460.297,77,Monopolar_Curved_Scissors,85.29,-8.65,6.98,876,3.39,2.38
1787165460.297,80,Bipolar_Forceps,76.51,18.79,4.79,491,2.57,10.33
1787165460.401,77,Monopolar_Curved_Scissors,83.56,-8.54,9.47,904,3.84,3.21
1787165460.401,80,Bipolar_Forceps,73.71,18.85,4.55,311,2.46,12.06
1787165460.490,77,Monopolar_Curved_Scissors,83.27,-9.70,12.16,358,2.91,7.79
1787165460.490,80,Bipolar_Forceps,71.32,18.91,4.34,393,2.16,15.58
1787165460.600,77,Monopolar_Curved_Scissors,87.95,-10.72,14.95,535,3.44,-1.39
1787165460.600,80,Bipolar_Forceps,68.66,18.98,4.11,266,1.60,16.76
1787165460.725,77,Monopolar_Curved_Scissors,82.18,-11.83,13.20,87,1.52,9.95
1787165460.725,80,Bipolar_Forceps,65.67,19.05,3.86,106,3.30,0.25
1787165460.845,77,Monopolar_Curved_Scissors,86.63,-12.22,14.18,597,3.92,1.49
1787165460.845,80,Bipolar_Forceps,62.45,19.13,3.58,618,2.61,2.28
1787165460.942,77,Monopolar_Curved_Scissors,91.61,-13.20,16.21,501,4.04,-3.01
1787165460.942,80,Bipolar_Forceps,60.08,19.19,3.38,821,2.64,2.58
1787165461.050,77,Monopolar_Curved_Scissors,94.17,-14.75,14.88,35,0.94,8.79
1787165461.050,80,Bipolar_Forceps,57.17,19.27,3.13,2199,5.33,2.42
1787165461.270,82,Monopolar_Curved_Scissors,95.81,-14.55,12.15,104,1.96,-15.62
1787165461.406,82,Monopolar_Curved_Scissors,95.81,-14.55,11.47,58,1.86,-7.59
1787165461.518,82,Monopolar_Curved_Scissors,95.81,-15.54,10.96,97,1.38,-15.12
1787165461.652,81,Large_Needle_Driver_Left,140.32,-2.12,43.52,37,2.25,-14.10
1787165461.652,82,Monopolar_Curved_Scissors,95.81,-8.84,5.45,25,0.46,-14.23
1787165461.753,81,Large_Needle_Driver_Left,140.32,-2.23,43.34,341,3.39,2.97
1787165461.753,82,Monopolar_Curved_Scissors,95.81,-7.50,4.18,52,1.81,12.41
1787165461.850,81,Large_Needle_Driver_Left,140.32,-2.33,43.18,308,3.36,1.62
1787165461.850,82,Monopolar_Curved_Scissors,95.81,-4.45,3.69,49,0.65,-18.13
1787165461.955,81,Large_Needle_Driver_Left,140.32,-2.44,42.99,318,2.86,2.41
1787165461.955,82,Monopolar_Curved_Scissors,95.81,-6.92,4.33,70,2.08,13.23
1787165462.060,81,Large_Needle_Driver_Left,140.32,-2.55,42.82,355,3.49,2.17
1787165462.165,81,Large_Needle_Driver_Left,140.32,-2.66,42.64,439,3.30,4.98
1787165462.267,81,Large_Needle_Driver_Left,140.32,-2.77,42.46,288,3.06,2.68
1787165462.267,82,Monopolar_Curved_Scissors,95.81,-7.03,5.06,82,1.18,-17.25
1787165462.613,81,Large_Needle_Driver_Left,84.71,-10.71,23.98,333,2.42,-0.32
1787165462.613,82,Monopolar_Curved_Scissors,85.10,1.71,17.56,356,2.36,9.91
1787165462.718,81,Large_Needle_Driver_Left,81.66,-9.90,19.95,130,0.97,-6.54
1787165462.718,82,Monopolar_Curved_Scissors,82.89,3.88,20.52,205,1.23,-13.94
1787165462.718,83,Monopolar_Curved_Scissors,95.81,-22.82,-10.71,607,3.62,6.95
1787165462.942,81,Large_Needle_Driver_Left,77.53,-9.22,17.87,336,1.56,-0.44
1787165462.942,82,Monopolar_Curved_Scissors,80.25,3.93,21.27,231,2.29,-4.33
1787165462.942,83,Monopolar_Curved_Scissors,95.81,-19.76,-9.42,294,2.64,-5.74
1787165463.199,81,Large_Needle_Driver_Left,76.60,-9.65,16.78,188,1.24,-5.97
1787165463.199,82,Monopolar_Curved_Scissors,79.44,6.36,22.06,217,1.24,-12.39
1787165463.199,83,Monopolar_Curved_Scissors,96.70,-20.93,-7.95,495,4.26,8.26
1787165463.315,81,Bipolar_Forceps,76.96,-9.74,17.62,196,1.17,-1.57
1787165463.315,82,Monopolar_Curved_Scissors,78.37,7.51,22.94,222,1.41,-11.15
1787165463.315,83,Monopolar_Curved_Scissors,96.95,-18.58,-7.00,307,2.68,2.15
1787165463.420,81,Bipolar_Forceps,74.36,-10.05,16.48,209,1.45,-2.51
1787165463.420,82,Monopolar_Curved_Scissors,77.39,8.55,23.74,213,1.41,-11.18
1787165463.420,83,Monopolar_Curved_Scissors,97.04,-16.40,-6.53,264,2.98,2.72
1787165463.520,81,Bipolar_Forceps,77.56,-14.67,19.69,58,1.67,6.65
1787165463.520,83,Monopolar_Curved_Scissors,97.07,-17.53,-3.47,248,5.58,-4.58
1787165463.726,81,Bipolar_Forceps,78.10,-16.01,21.36,221,1.14,13.65
1787165463.726,83,Monopolar_Curved_Scissors,97.10,-18.83,3.46,217,3.25,-6.58
1787165463.726,85,Prograsp_Forceps_Right,94.30,-17.68,26.30,94,1.42,13.48
1787165463.818,81,Bipolar_Forceps,76.75,-16.61,21.00,71,1.05,16.17
1787165463.818,83,Monopolar_Curved_Scissors,97.09,-19.64,5.05,111,2.45,7.73
1787165463.818,85,Prograsp_Forceps_Right,115.63,-23.08,31.18,337,3.92,-1.06
1787165464.022,81,Bipolar_Forceps,73.78,-17.93,20.20,46,0.63,10.88
1787165464.022,83,Monopolar_Curved_Scissors,97.23,-19.38,7.54,55,0.85,-6.47
1787165464.022,85,Prograsp_Forceps_Right,112.16,-23.07,30.18,52,2.35,10.65
1787165464.370,81,Bipolar_Forceps,79.14,-14.31,22.35,297,1.72,14.25
1787165464.370,82,Monopolar_Curved_Scissors,56.90,25.95,12.19,307,2.11,0.92
1787165464.370,83,Monopolar_Curved_Scissors,97.49,-18.92,11.89,599,3.80,1.79
1787165464.370,85,Prograsp_Forceps_Right,106.08,-23.05,28.45,835,3.98,-1.66
1787165464.478,81,Large_Needle_Driver_Left,79.35,-16.06,21.45,210,4.19,7.94
1787165464.478,82,Monopolar_Curved_Scissors,54.90,27.59,12.13,189,2.10,-6.84
1787165464.478,83,Monopolar_Curved_Scissors,103.85,-15.01,14.07,721,5.48,4.87
1787165464.478,85,Prograsp_Forceps_Right,114.51,-24.76,30.06,514,4.31,7.52
1787165464.571,81,Large_Needle_Driver_Left,78.71,-16.40,21.25,404,1.70,0.42
1787165464.571,82,Monopolar_Curved_Scissors,53.04,29.11,12.08,234,1.50,-2.73
1787165464.571,83,Monopolar_Curved_Scissors,98.16,-12.97,13.50,293,1.90,-15.20
1787165464.571,85,Prograsp_Forceps_Right,114.89,-24.33,30.01,51,1.42,15.58
1787165464.667,81,Large_Needle_Driver_Left,78.06,-16.74,21.04,394,1.69,0.03
1787165464.667,82,Monopolar_Curved_Scissors,51.17,30.64,12.02,174,1.56,-2.42
1787165464.667,83,Monopolar_Curved_Scissors,95.58,-13.18,13.16,289,2.43,-14.40
1787165464.667,85,Prograsp_Forceps_Right,114.13,-24.42,29.72,56,1.38,-2.39
1787165464.774,81,UNKNOWN,86.77,-15.10,22.20,1463,4.04,6.59
1787165464.774,82,Monopolar_Curved_Scissors,49.18,32.27,11.96,74,0.60,2.78
1787165464.774,83,Monopolar_Curved_Scissors,95.39,-12.68,14.23,857,2.91,-1.22
1787165464.774,85,Prograsp_Forceps_Right,113.31,-24.51,29.42,417,3.31,-10.89
1787165464.882,81,UNKNOWN,90.28,-11.84,18.79,732,4.91,-0.43
1787165464.882,82,Monopolar_Curved_Scissors,47.17,33.92,11.90,194,0.53,1.04
1787165464.882,83,Monopolar_Curved_Scissors,93.44,-10.36,16.13,772,5.08,2.60
1787165464.882,85,Prograsp_Forceps_Right,112.49,-24.60,29.10,220,2.13,14.10
1787165465.161,81,UNKNOWN,109.14,2.38,14.37,297,3.17,-2.43
1787165465.161,82,Monopolar_Curved_Scissors,41.87,38.26,11.73,66,0.11,6.64
1787165465.161,83,Monopolar_Curved_Scissors,91.59,-6.67,16.58,1076,2.22,0.98
1787165465.161,85,Prograsp_Forceps_Right,110.33,-24.84,28.28,469,2.46,-4.54
1787165465.274,81,Large_Needle_Driver_Left,113.45,7.73,14.90,30,2.69,1.05
1787165465.274,82,Monopolar_Curved_Scissors,39.73,40.02,11.67,34,0.17,15.81
1787165465.274,83,Monopolar_Curved_Scissors,96.65,-7.13,16.57,343,3.70,-2.84
1787165465.274,85,Prograsp_Forceps_Right,109.45,-24.94,27.95,390,3.81,-2.94
1787165465.381,81,Large_Needle_Driver_Left,115.25,11.47,11.15,146,4.61,4.21
1787165465.381,82,Monopolar_Curved_Scissors,37.65,41.71,11.61,26,0.05,18.07
1787165465.381,83,Monopolar_Curved_Scissors,98.47,-4.33,13.38,718,4.94,-4.25
1787165465.381,85,Prograsp_Forceps_Right,108.60,-25.04,27.63,503,2.98,-3.37
1787165465.480,81,Large_Needle_Driver_Left,116.10,11.27,7.06,133,1.60,-12.55
1787165465.480,83,Monopolar_Curved_Scissors,97.51,-3.58,11.39,762,3.70,9.24
1787165465.480,85,Prograsp_Forceps_Right,107.90,-25.11,27.36,774,3.32,-3.30
1787165465.550,81,Bipolar_Forceps,116.44,12.66,8.24,76,1.29,-12.45
1787165465.550,83,Monopolar_Curved_Scissors,95.71,-7.31,14.23,777,3.56,-5.33
1787165465.550,85,Prograsp_Forceps_Right,107.27,-25.19,27.12,717,3.45,-1.74
1787165465.758,81,Large_Needle_Driver_Left,98.92,18.11,5.20,309,3.01,0.00
1787165465.758,83,Monopolar_Curved_Scissors,91.40,-4.21,14.13,678,4.25,-0.75
1787165465.758,85,Prograsp_Forceps_Right,105.77,-25.35,26.55,373,3.30,-3.50
1787165465.956,81,Bipolar_Forceps,110.13,25.46,5.55,77,2.50,-6.09
1787165465.956,83,Monopolar_Curved_Scissors,89.17,-2.02,10.73,1001,3.69,1.85
1787165465.956,85,Prograsp_Forceps_Right,104.16,-25.53,25.94,603,2.91,-3.88
1787165466.076,81,Bipolar_Forceps,113.59,27.02,6.23,27,1.54,5.01
1787165466.076,83,Monopolar_Curved_Scissors,86.39,-4.75,10.23,1110,4.20,2.66
1787165466.172,81,Bipolar_Forceps,115.08,26.94,6.79,28,1.29,-5.34
1787165466.172,83,Monopolar_Curved_Scissors,85.71,-6.73,9.13,1192,3.74,2.10
1787165466.280,83,Monopolar_Curved_Scissors,85.30,-8.10,7.82,1115,5.53,-2.76
1787165466.377,83,Monopolar_Curved_Scissors,84.94,-8.47,6.97,876,3.38,2.65
1787165466.490,81,Bipolar_Forceps,118.72,32.73,4.95,31,1.13,16.53
1787165466.490,83,Monopolar_Curved_Scissors,83.27,-8.42,9.47,901,3.83,3.46
1787165466.588,81,Bipolar_Forceps,119.99,34.74,4.31,87,1.52,15.73
1787165466.588,83,Monopolar_Curved_Scissors,82.97,-9.67,12.30,358,2.89,7.84
1787165466.717,81,Bipolar_Forceps,121.37,36.95,3.61,196,1.95,-14.34
1787165466.717,83,Monopolar_Curved_Scissors,87.93,-10.73,15.19,548,3.47,-1.78
1787165466.887,81,Bipolar_Forceps,123.41,40.19,2.58,249,3.15,-13.09
1787165466.887,83,Monopolar_Curved_Scissors,81.27,-11.96,13.11,87,1.49,10.05
1787165467.040,83,Monopolar_Curved_Scissors,86.45,-12.27,14.22,595,3.93,1.42
1787165467.160,83,Monopolar_Curved_Scissors,91.90,-13.29,16.43,499,4.04,-3.09
1787165467.302,83,Monopolar_Curved_Scissors,94.42,-14.87,14.88,34,0.95,7.73
1787165467.438,83,Monopolar_Curved_Scissors,95.54,-15.19,13.21,33,1.62,-13.91
1787165467.710,86,Large_Needle_Driver_Left,75.17,-0.70,24.24,1274,2.82,-0.71
1787165467.822,86,Large_Needle_Driver_Left,74.60,-1.05,23.27,1408,3.37,0.72
1787165467.959,86,Large_Needle_Driver_Left,74.52,-1.11,23.13,195,1.57,-6.64
1787165468.071,86,Large_Needle_Driver_Left,74.45,-1.17,23.01,374,2.21,-3.92
1787165468.237,86,Large_Needle_Driver_Left,74.36,-1.24,22.85,385,2.13,-3.81
1787165468.381,86,Large_Needle_Driver_Left,93.20,-8.65,7.53,147,2.53,11.70
1787165468.381,87,Bipolar_Forceps,85.09,0.45,3.23,142,1.69,16.07
1787165468.520,87,Large_Needle_Driver_Left,76.17,2.56,9.22,342,2.16,-10.30
1787165468.652,87,Large_Needle_Driver_Left,72.88,6.78,9.68,489,2.26,-9.36
1787165468.806,86,Monopolar_Curved_Scissors,96.98,-8.05,4.54,43,1.03,-18.00
1787165468.806,87,Large_Needle_Driver_Left,71.52,7.00,8.99,437,2.17,-9.00
1787165469.165,87,Large_Needle_Driver_Left,77.25,5.05,19.86,429,2.49,1.28
1787165469.286,86,Monopolar_Curved_Scissors,96.76,-24.70,-12.50,613,3.22,5.35
1787165469.286,87,Large_Needle_Driver_Left,79.31,4.50,21.86,218,1.23,-11.17
1787165469.577,86,Monopolar_Curved_Scissors,96.69,-24.85,-13.64,298,2.34,-0.29
1787165469.740,86,Monopolar_Curved_Scissors,106.29,-25.33,-12.67,375,3.19,-1.97
1787165470.120,86,Monopolar_Curved_Scissors,119.47,-24.82,-12.70,504,3.63,-6.62
1787165470.120,87,Large_Needle_Driver_Left,84.31,3.37,23.25,198,1.44,-11.47
1787165470.295,86,Monopolar_Curved_Scissors,121.71,-26.78,-11.09,538,4.16,-10.20
1787165470.295,87,Large_Needle_Driver_Left,81.25,5.51,22.65,190,1.27,-12.54
1787165470.486,86,Monopolar_Curved_Scissors,132.16,-26.37,-9.54,315,3.62,-7.02
1787165470.486,87,Large_Needle_Driver_Left,80.17,5.55,22.76,251,2.10,7.95
1787165470.679,86,Monopolar_Curved_Scissors,134.15,-24.95,-9.54,355,3.65,11.01
1787165470.679,87,Large_Needle_Driver_Left,78.02,5.91,23.63,226,1.33,-10.32
1787165471.129,86,Monopolar_Curved_Scissors,135.57,-21.99,-9.36,290,2.56,-12.44
1787165471.129,87,Large_Needle_Driver_Left,73.14,6.72,25.60,247,1.30,-7.15
1787165471.129,88,UNKNOWN,119.92,-20.43,33.04,565,3.64,9.20
1787165471.149,86,Monopolar_Curved_Scissors,131.42,-23.32,-5.62,283,2.86,-9.53
1787165471.149,87,Large_Needle_Driver_Left,72.90,6.76,25.70,251,1.32,-6.86
1787165471.149,88,UNKNOWN,100.94,-18.83,27.75,75,2.55,-6.19
1787165471.622,86,Monopolar_Curved_Scissors,132.54,-26.60,5.15,402,4.08,-6.28
1787165471.622,87,Large_Needle_Driver_Left,80.02,-14.80,23.17,58,1.02,13.31
1787165471.622,88,UNKNOWN,85.42,-17.78,25.13,53,0.94,14.23
1787165471.631,86,Monopolar_Curved_Scissors,130.04,-26.69,6.12,413,4.37,-3.94
1787165471.631,87,Large_Needle_Driver_Left,79.98,-14.91,23.18,59,1.03,13.31
1787165471.631,88,UNKNOWN,108.03,-22.29,29.97,39,3.15,4.83
1787165471.726,86,Monopolar_Curved_Scissors,130.79,-27.04,7.04,268,3.53,-4.10
1787165471.726,87,Large_Needle_Driver_Left,79.56,-16.04,23.37,67,0.92,13.22
1787165471.726,88,UNKNOWN,109.68,-23.39,31.25,63,0.85,15.81
1787165472.062,87,UNKNOWN,80.33,-16.76,22.95,25,0.00,-13.45
1787165472.178,87,UNKNOWN,80.48,-14.69,22.93,1014,3.54,2.15
1787165472.178,88,UNKNOWN,116.80,-28.17,36.77,64,1.48,1.25
1787165472.288,86,Monopolar_Curved_Scissors,100.53,-15.18,12.85,1465,6.71,-1.65
1787165472.288,87,UNKNOWN,80.54,-16.46,21.93,1020,4.43,6.93
1787165472.288,88,UNKNOWN,101.77,-22.40,27.50,968,4.09,-6.93
1787165472.384,86,Monopolar_Curved_Scissors,96.85,-13.00,13.04,202,2.79,-13.33
1787165472.384,87,UNKNOWN,80.34,-17.24,21.92,377,1.69,-0.94
1787165472.384,88,UNKNOWN,100.52,-21.53,26.73,113,1.72,3.70
1787165472.637,86,Monopolar_Curved_Scissors,94.74,-13.22,13.12,352,1.98,-14.45
1787165472.637,87,UNKNOWN,90.27,-5.39,9.29,800,2.83,-0.03
1787165472.637,88,UNKNOWN,101.00,-22.56,27.54,171,1.81,-8.51
1787165472.746,86,Monopolar_Curved_Scissors,92.81,-12.53,13.91,479,2.94,-4.84
1787165472.746,87,UNKNOWN,91.01,-4.96,8.14,522,3.22,1.99
1787165472.746,88,UNKNOWN,97.95,-17.20,25.21,666,4.58,-1.56
1787165472.867,86,Monopolar_Curved_Scissors,91.13,-10.06,15.85,899,4.32,4.10
1787165472.867,87,UNKNOWN,91.41,-7.97,13.65,1013,4.41,5.65
1787165472.867,88,UNKNOWN,97.88,-17.16,25.35,591,3.35,-8.09
1787165472.952,86,Monopolar_Curved_Scissors,89.47,-9.31,16.63,755,3.24,5.74
1787165472.952,87,UNKNOWN,94.63,-7.68,13.19,859,4.37,1.06
1787165472.952,88,UNKNOWN,97.82,-17.12,25.47,570,3.66,-1.16
1787165472.952,89,UNKNOWN,93.23,7.22,9.03,1225,4.52,-0.30
1787165473.054,86,Monopolar_Curved_Scissors,87.73,-8.53,17.45,606,3.90,4.23
1787165473.054,87,UNKNOWN,94.51,-7.52,13.90,559,3.85,-1.70
1787165473.054,88,UNKNOWN,97.76,-17.08,25.59,630,4.48,-1.16
1787165473.054,89,UNKNOWN,93.19,7.72,11.27,639,4.93,-0.24
1787165473.152,86,Monopolar_Curved_Scissors,86.08,-7.79,18.24,372,3.25,8.08
1787165473.152,87,UNKNOWN,96.75,-4.85,11.68,555,5.29,-2.37
1787165473.152,88,UNKNOWN,97.70,-17.05,25.70,384,3.89,-0.76
1787165473.152,89,Prograsp_Forceps_Right,96.65,9.52,9.53,891,5.53,-1.39
1787165473.379,86,Monopolar_Curved_Scissors,96.49,4.80,4.51,576,2.44,-7.89
1787165473.379,87,UNKNOWN,90.26,-3.50,9.06,857,2.86,-7.50
1787165473.379,88,UNKNOWN,97.58,-16.97,25.96,989,4.61,-1.32
1787165473.471,86,Monopolar_Curved_Scissors,89.92,11.96,2.74,734,2.66,0.86
1787165473.471,87,Large_Needle_Driver_Left,79.80,-6.32,10.89,775,4.11,6.95
1787165473.471,88,UNKNOWN,97.52,-16.93,26.07,887,4.63,-1.79
1787165473.471,89,Large_Needle_Driver_Left,108.00,10.63,7.71,136,2.06,-6.61
1787165473.699,86,Monopolar_Curved_Scissors,83.70,17.71,3.46,699,2.57,3.76
1787165473.699,87,UNKNOWN,85.07,-3.92,12.33,924,3.82,3.28
1787165473.699,88,UNKNOWN,97.38,-16.85,26.35,665,4.29,-3.32
1787165473.699,89,Large_Needle_Driver_Left,95.23,1.44,11.69,937,3.01,-7.15
1787165473.777,86,Monopolar_Curved_Scissors,110.75,26.16,5.72,59,1.24,-6.30
1787165473.777,87,Large_Needle_Driver_Left,87.42,-2.52,10.29,1002,3.26,2.29
1787165473.777,88,UNKNOWN,97.33,-16.81,26.45,675,4.69,-1.86
1787165473.777,89,Large_Needle_Driver_Left,95.32,0.79,12.11,1058,3.75,-4.75
1787165473.872,87,Large_Needle_Driver_Left,85.03,-4.74,9.78,1093,3.17,4.77
1787165473.872,88,UNKNOWN,97.28,-16.78,26.56,968,5.09,-3.49
1787165473.872,89,Large_Needle_Driver_Left,95.40,0.17,12.52,1234,3.74,-7.07
1787165473.953,87,Large_Needle_Driver_Left,84.27,-6.60,8.70,1144,3.24,4.85
1787165473.953,88,UNKNOWN,97.23,-16.75,26.67,992,5.10,-2.77
1787165473.953,89,Large_Needle_Driver_Left,95.49,-0.51,12.97,1465,4.40,-5.85
1787165474.064,87,Monopolar_Curved_Scissors,84.49,-8.07,7.43,1141,3.59,5.13
1787165474.064,89,Large_Needle_Driver_Left,87.63,4.02,9.78,1658,3.48,0.93
1787165474.143,87,Monopolar_Curved_Scissors,84.89,-8.52,6.72,938,3.37,4.46
1787165474.143,89,Large_Needle_Driver_Left,86.50,4.58,10.40,1082,2.80,0.44
1787165474.256,87,Monopolar_Curved_Scissors,85.11,-8.70,9.42,241,4.41,-4.06
1787165474.256,89,Large_Needle_Driver_Left,85.92,2.66,15.48,268,4.10,4.52
1787165474.366,87,Monopolar_Curved_Scissors,90.04,-10.65,13.20,410,3.25,2.40
1787165474.366,89,Large_Needle_Driver_Left,85.67,0.22,20.99,324,2.82,9.51
1787165474.466,87,Monopolar_Curved_Scissors,93.58,-11.51,15.82,433,3.35,-3.14
1787165474.466,89,Large_Needle_Driver_Left,85.58,-1.04,24.65,273,2.46,10.72
1787165474.713,89,Large_Needle_Driver_Left,77.36,-1.64,24.73,912,2.84,-2.87
1787165474.812,87,Monopolar_Curved_Scissors,96.23,-13.58,17.10,31,2.02,-16.95
1787165474.812,89,Large_Needle_Driver_Left,75.23,-1.61,24.66,981,3.74,-8.38
1787165474.935,87,Monopolar_Curved_Scissors,96.45,-15.00,15.18,28,0.67,-9.96
1787165474.935,89,Large_Needle_Driver_Left,74.32,-1.09,24.63,1073,2.90,0.14
1787165475.167,91,Large_Needle_Driver_Left,77.19,-0.58,24.84,235,1.60,-7.70
1787165475.339,91,Large_Needle_Driver_Left,77.19,-0.73,24.89,76,1.30,-7.61
1787165475.468,91,Large_Needle_Driver_Left,77.19,-1.10,24.05,79,1.04,-6.65
1787165475.583,91,Large_Needle_Driver_Left,77.19,-1.17,23.94,63,1.29,-6.62
1787165475.694,91,Large_Needle_Driver_Left,77.19,-1.23,23.84,345,2.09,-4.00
1787165475.790,91,Large_Needle_Driver_Left,77.19,-1.29,23.75,462,2.05,-4.19
1787165475.790,92,Bipolar_Forceps,107.58,-2.41,-1.75,61,0.66,16.92
1787165475.891,91,Large_Needle_Driver_Left,77.19,-1.35,23.66,393,2.21,-3.73
1787165475.891,92,Bipolar_Forceps,89.98,0.18,2.42,104,1.18,17.15
1787165475.995,91,Large_Needle_Driver_Left,77.19,2.98,13.72,395,2.43,6.02
1787165475.995,92,Monopolar_Curved_Scissors,92.12,-4.76,2.71,101,1.63,14.39
1787165476.002,91,Large_Needle_Driver_Left,77.19,6.04,11.44,385,2.55,-8.34
1787165476.002,92,Monopolar_Curved_Scissors,93.51,-4.96,4.14,119,1.94,13.82
1787165476.105,91,Large_Needle_Driver_Left,77.19,6.62,8.87,302,1.68,-9.94
1787165476.105,92,Monopolar_Curved_Scissors,93.80,-6.90,5.56,47,1.59,-16.27
1787165476.441,92,Monopolar_Curved_Scissors,101.60,-24.78,-11.09,571,3.84,-0.65
1787165476.800,91,Large_Needle_Driver_Left,82.21,5.38,19.83,215,1.37,-14.24
1787165476.800,92,Monopolar_Curved_Scissors,94.23,-23.06,-10.15,611,5.17,8.96
1787165476.990,91,Large_Needle_Driver_Left,85.61,4.00,22.44,167,1.38,-13.20
1787165476.990,92,Monopolar_Curved_Scissors,92.56,-23.48,-9.02,324,3.09,-2.48
1787165477.175,91,Large_Needle_Driver_Left,86.70,4.07,23.01,112,1.08,-12.61
1787165477.175,92,Monopolar_Curved_Scissors,92.06,-20.11,-6.94,216,1.89,0.78
1787165477.263,91,Large_Needle_Driver_Left,87.27,4.14,23.30,125,1.23,-12.91
1787165477.263,92,Monopolar_Curved_Scissors,92.04,-17.20,-6.58,305,3.20,-1.03
1787165477.371,91,Large_Needle_Driver_Left,87.83,4.21,23.59,26,0.70,15.66
1787165477.371,92,Monopolar_Curved_Scissors,92.02,-17.83,-3.65,376,2.28,-12.86
1787165477.371,93,Prograsp_Forceps_Right,102.99,-19.75,27.83,96,1.32,9.98
1787165477.590,91,Large_Needle_Driver_Left,87.19,-13.19,24.53,33,0.60,13.81
1787165477.590,92,Monopolar_Curved_Scissors,91.96,-18.96,2.47,119,1.28,-13.38
1787165477.590,93,UNKNOWN,90.68,-18.12,25.36,52,0.77,12.37
1787165477.690,91,Large_Needle_Driver_Left,87.64,-14.59,24.87,26,0.82,11.47
1787165477.690,93,Prograsp_Forceps_Right,115.14,-23.46,31.06,358,5.47,0.02
1787165477.785,91,Large_Needle_Driver_Left,88.09,-15.97,25.21,74,0.99,-12.82
1787165477.785,92,Monopolar_Curved_Scissors,91.59,-19.88,5.20,78,1.07,7.58
1787165477.785,93,Prograsp_Forceps_Right,115.77,-23.84,31.20,120,1.74,0.33
1787165478.252,91,Large_Needle_Driver_Left,86.98,-18.03,23.61,1546,3.37,-1.82
1787165478.252,92,Monopolar_Curved_Scissors,92.92,-14.18,12.15,1538,3.68,0.68
1787165478.252,93,Prograsp_Forceps_Right,116.33,-25.09,30.58,144,1.94,0.24
1787165478.372,91,Large_Needle_Driver_Left,87.24,-19.31,23.72,490,1.57,8.81
1787165478.372,92,Monopolar_Curved_Scissors,100.42,-13.54,13.60,303,1.86,8.24
1787165478.612,91,UNKNOWN,98.36,-6.07,10.08,485,3.63,9.41
1787165478.612,92,Monopolar_Curved_Scissors,103.90,-14.76,14.22,156,1.54,-16.49
1787165478.700,91,UNKNOWN,99.29,-5.91,9.20,549,1.51,-7.43
1787165478.700,92,Monopolar_Curved_Scissors,97.75,-14.78,19.70,796,2.32,-5.20
1787165478.700,93,Prograsp_Forceps_Right,117.50,-25.36,30.43,417,3.44,2.30
1787165478.721,91,UNKNOWN,95.07,-8.01,13.49,711,1.56,-3.38
1787165478.721,92,Monopolar_Curved_Scissors,95.50,-12.62,18.53,784,1.99,-3.63
1787165478.721,93,Prograsp_Forceps_Right,117.56,-25.41,30.43,413,3.30,2.80
1787165478.823,91,UNKNOWN,97.16,-7.14,15.09,723,4.93,-4.01
1787165478.823,92,Monopolar_Curved_Scissors,95.34,-12.38,19.72,595,4.81,0.01
1787165478.823,93,Prograsp_Forceps_Right,117.93,-25.65,30.44,526,5.10,-5.56
1787165478.823,94,UNKNOWN,89.83,6.49,10.02,1162,4.78,0.40
1787165479.008,91,Large_Needle_Driver_Left,92.45,-6.98,12.92,471,3.37,1.89
1787165479.008,92,Monopolar_Curved_Scissors,95.04,-11.95,21.92,514,3.84,1.72
1787165479.008,93,Prograsp_Forceps_Right,118.61,-26.11,30.46,411,4.35,-4.88
1787165479.008,94,UNKNOWN,90.73,5.60,8.71,709,4.32,0.20
1787165479.041,91,Large_Needle_Driver_Left,94.58,-7.32,13.95,457,3.33,-0.12
1787165479.041,92,Monopolar_Curved_Scissors,95.00,-11.88,22.27,517,3.87,1.52
1787165479.041,93,Prograsp_Forceps_Right,118.72,-26.18,30.47,412,4.35,-4.78
1787165479.041,94,Prograsp_Forceps_Right,90.98,6.73,10.51,614,4.05,-0.97
1787165479.166,91,Large_Needle_Driver_Left,95.92,-4.69,11.48,629,4.62,-1.72
1787165479.166,92,Monopolar_Curved_Scissors,94.80,-11.59,23.73,643,4.10,-0.38
1787165479.166,93,Prograsp_Forceps_Right,119.17,-26.48,30.48,460,3.82,7.97
1787165479.166,94,Prograsp_Forceps_Right,90.57,8.46,8.76,908,3.89,0.83
1787165479.384,91,Large_Needle_Driver_Left,89.37,-3.47,8.89,618,2.67,-8.67
1787165479.384,92,Monopolar_Curved_Scissors,94.46,-11.08,26.29,838,4.22,-1.83
1787165479.384,93,Prograsp_Forceps_Right,119.96,-27.01,30.50,596,3.32,-1.66
1787165479.384,94,Prograsp_Forceps_Right,101.02,8.65,5.59,227,1.61,14.28
1787165479.617,91,Large_Needle_Driver_Left,89.44,-8.51,13.36,944,3.49,-3.13
1787165479.617,92,Monopolar_Curved_Scissors,95.02,8.76,10.14,883,2.43,-7.76
1787165479.617,93,Prograsp_Forceps_Right,120.78,-27.56,30.53,472,3.69,-7.99
1787165479.617,94,Prograsp_Forceps_Right,97.44,9.86,7.58,804,2.34,-10.53
1787165479.854,91,Large_Needle_Driver_Left,88.44,-5.41,11.88,895,4.01,2.16
1787165479.854,92,Monopolar_Curved_Scissors,88.14,15.37,5.85,925,3.14,1.52
1787165479.854,93,Prograsp_Forceps_Right,121.68,-28.16,30.55,429,3.33,8.03
1787165479.854,94,Large_Needle_Driver_Left,89.31,14.74,5.30,905,3.21,0.24
1787165479.963,91,Large_Needle_Driver_Left,88.19,-3.90,12.66,1154,3.72,1.05
1787165479.963,92,Monopolar_Curved_Scissors,84.29,17.80,4.72,1195,3.19,4.87
1787165479.963,94,Large_Needle_Driver_Left,84.89,16.95,4.63,1183,3.21,4.29
1787165480.062,91,Large_Needle_Driver_Left,88.78,-2.53,10.47,1022,3.30,1.43
1787165480.062,92,Monopolar_Curved_Scissors,84.43,19.83,4.66,1383,3.12,4.47
1787165480.062,94,Large_Needle_Driver_Left,84.24,17.47,4.52,1310,3.15,4.53
1787165480.160,91,Large_Needle_Driver_Left,85.54,-4.81,9.85,1102,3.13,4.25
1787165480.160,92,Monopolar_Curved_Scissors,83.71,21.49,4.30,1313,3.34,5.31
1787165480.160,94,Large_Needle_Driver_Left,84.69,19.04,5.09,1314,3.27,4.38
1787165480.362,91,Large_Needle_Driver_Left,84.07,-7.13,8.39,1094,3.34,5.85
1787165480.362,92,Monopolar_Curved_Scissors,82.12,25.16,3.50,1114,3.30,7.19
1787165480.362,94,Large_Needle_Driver_Left,84.30,19.07,5.49,1417,3.12,5.40
1787165480.483,91,Large_Needle_Driver_Left,84.65,-8.46,7.29,1143,3.33,5.71
1787165480.483,92,Monopolar_Curved_Scissors,81.28,27.11,3.07,915,2.81,6.26
1787165480.483,94,Large_Needle_Driver_Left,84.61,11.22,7.43,1537,3.07,4.14
1787165480.586,91,Large_Needle_Driver_Left,84.92,-8.69,9.79,230,4.60,-5.61
1787165480.586,92,Monopolar_Curved_Scissors,80.44,29.06,2.65,285,2.70,5.79
1787165480.586,94,Large_Needle_Driver_Left,84.76,5.51,14.10,302,4.93,4.24
1787165480.680,91,Monopolar_Curved_Scissors,89.64,-10.56,13.22,408,3.26,2.77
1787165480.680,92,Monopolar_Curved_Scissors,79.74,30.66,2.30,676,4.72,4.39
1787165480.680,94,Large_Needle_Driver_Left,84.85,1.56,19.96,341,3.18,9.96
1787165480.766,91,Monopolar_Curved_Scissors,93.07,-11.42,15.67,438,3.36,-2.72
1787165480.766,92,Monopolar_Curved_Scissors,79.07,32.23,1.96,921,4.70,5.97
1787165480.766,94,Large_Needle_Driver_Left,84.90,-0.48,23.84,289,2.50,11.20
1787165480.997,92,Monopolar_Curved_Scissors,77.25,36.43,1.04,716,3.73,-7.91
1787165480.997,94,Large_Needle_Driver_Left,77.27,-1.77,24.29,935,2.88,-2.81
1787165481.129,91,Monopolar_Curved_Scissors,96.10,-13.87,15.44,63,2.13,-17.21
1787165481.129,92,Monopolar_Curved_Scissors,76.28,38.67,0.55,606,3.84,1.74
1787165481.129,94,Large_Needle_Driver_Left,74.55,-1.94,24.21,1055,3.59,-7.92
1787165481.254,92,Monopolar_Curved_Scissors,75.34,40.85,0.08,654,3.52,5.51
1787165481.254,94,Large_Needle_Driver_Left,74.36,-1.95,24.64,1072,2.71,0.11
1787165481.275,92,Monopolar_Curved_Scissors,75.25,41.06,0.03,643,3.46,5.52
1787165481.275,94,Large_Needle_Driver_Left,74.41,-1.35,24.38,1069,2.72,-0.16
1787165481.296,94,Large_Needle_Driver_Left,74.52,-1.18,24.43,1063,2.73,-0.30
1787165481.674,96,Large_Needle_Driver_Left,75.08,-0.70,24.21,76,1.30,-7.21
1787165481.797,96,Large_Needle_Driver_Left,75.08,-1.06,23.39,81,1.03,-6.20
1787165481.899,96,Large_Needle_Driver_Left,75.08,-1.11,23.31,75,1.88,-4.61
1787165481.990,96,Large_Needle_Driver_Left,75.08,-1.16,23.23,355,2.07,-3.66
1787165482.117,96,Large_Needle_Driver_Left,75.08,-1.22,23.12,471,2.13,-3.65
1787165482.117,97,Bipolar_Forceps,106.73,-2.43,-1.33,51,0.54,17.27
1787165482.226,96,Large_Needle_Driver_Left,92.60,-8.30,8.35,167,1.78,-14.77
1787165482.226,97,Bipolar_Forceps,87.82,0.20,2.67,113,1.35,-16.74
1787165482.318,96,Large_Needle_Driver_Left,95.33,-8.89,4.05,62,0.96,-10.52
1787165482.318,97,Large_Needle_Driver_Left,79.33,2.19,8.23,360,2.38,11.49
1787165482.513,96,Large_Needle_Driver_Left,96.95,-6.90,4.50,43,1.92,1.53
1787165482.513,97,Large_Needle_Driver_Left,74.07,7.15,9.56,295,2.07,9.95
1787165482.743,96,Large_Needle_Driver_Left,86.96,-10.12,16.72,309,2.57,7.78
1787165482.743,97,Large_Needle_Driver_Left,77.05,5.31,19.12,416,1.91,-10.99
1787165482.830,96,Large_Needle_Driver_Left,83.61,-8.84,18.19,82,1.14,-5.86
1787165482.830,97,Large_Needle_Driver_Left,74.87,5.78,20.88,195,1.06,-10.70
1787165482.830,98,Monopolar_Curved_Scissors,96.05,-24.20,-12.40,339,2.65,-2.86
1787165483.067,96,Large_Needle_Driver_Left,81.69,-9.20,18.11,152,1.42,-8.01
1787165483.067,97,Large_Needle_Driver_Left,78.18,5.26,22.70,239,1.37,-10.30
1787165483.067,98,Monopolar_Curved_Scissors,93.59,-21.58,-9.99,630,5.13,-2.77
1787165483.286,96,Bipolar_Forceps,85.10,-10.05,19.86,117,2.36,-4.27
1787165483.286,97,Large_Needle_Driver_Left,83.29,4.03,24.38,206,1.33,-11.25
1787165483.286,98,Monopolar_Curved_Scissors,92.69,-22.05,-8.40,319,3.02,-0.99
1787165483.387,96,Bipolar_Forceps,86.15,-8.47,18.57,91,4.05,3.80
1787165483.387,97,Large_Needle_Driver_Left,84.94,5.13,24.80,166,1.99,5.50
1787165483.387,98,Monopolar_Curved_Scissors,92.51,-19.20,-6.57,379,2.59,0.87
1787165483.642,96,Bipolar_Forceps,116.89,-18.53,30.21,654,3.96,9.73
1787165483.642,97,Large_Needle_Driver_Left,83.17,5.85,28.54,196,1.23,-10.35
1787165483.642,98,Monopolar_Curved_Scissors,92.37,-15.45,-5.94,324,3.27,-1.19
1787165483.735,96,Bipolar_Forceps,100.71,-18.70,26.74,100,1.30,8.51
1787165483.735,98,Monopolar_Curved_Scissors,92.41,-16.68,-3.01,383,2.28,-12.83
1787165483.996,96,Bipolar_Forceps,91.84,-18.39,25.69,48,0.74,12.55
1787165483.996,98,Monopolar_Curved_Scissors,92.40,-17.89,3.58,103,1.20,-10.96
1787165484.010,96,Bipolar_Forceps,89.41,-18.13,25.28,60,0.80,12.59
1787165484.010,98,Monopolar_Curved_Scissors,92.46,-18.43,4.59,113,1.29,-11.14
1787165484.315,96,Bipolar_Forceps,107.56,-22.49,29.44,820,4.18,-2.85
1787165484.315,97,Large_Needle_Driver_Left,84.89,8.02,19.26,161,1.41,4.50
1787165484.315,98,Monopolar_Curved_Scissors,88.15,-16.60,-1.38,145,1.62,-7.78
1787165484.333,96,Bipolar_Forceps,107.88,-22.68,29.58,829,4.18,-3.14
1787165484.333,97,Large_Needle_Driver_Left,84.82,8.09,19.34,160,1.42,4.59
1787165484.333,98,Monopolar_Curved_Scissors,88.04,-16.52,-1.28,147,1.63,-7.66
1787165484.646,96,Bipolar_Forceps,89.52,-16.30,25.33,1184,3.45,-4.59
1787165484.646,97,Large_Needle_Driver_Left,83.78,9.06,20.46,535,4.09,11.39
1787165484.646,98,Monopolar_Curved_Scissors,86.50,-15.39,0.07,1663,7.55,3.89
1787165484.646,100,Grasping_Retractor_Right,92.15,45.76,35.99,62,0.81,-16.32
1787165484.867,96,UNKNOWN,91.82,-18.95,24.74,1208,3.43,-4.87
1787165484.867,97,UNKNOWN,92.49,-6.01,30.40,469,2.33,-12.29
1787165484.867,98,Monopolar_Curved_Scissors,92.22,-19.39,21.30,1291,3.85,-2.99
1787165484.867,100,Grasping_Retractor_Right,92.15,45.67,36.27,28,0.38,-18.74
1787165484.887,96,Bipolar_Forceps,92.43,-19.13,24.57,1201,3.47,-5.13
1787165484.887,97,UNKNOWN,92.53,-6.09,30.51,468,2.32,-12.36
1787165484.887,98,Monopolar_Curved_Scissors,92.22,-19.39,21.52,1282,3.81,-3.11
1787165484.887,99,Monopolar_Curved_Scissors,92.70,-12.20,11.78,1188,5.21,1.18
1787165484.887,100,Grasping_Retractor_Right,92.15,45.66,36.28,28,0.38,-18.75
1787165485.071,96,Bipolar_Forceps,92.30,-19.82,24.64,312,1.56,-2.24
1787165485.071,98,Monopolar_Curved_Scissors,92.50,-16.14,23.91,157,1.54,-6.32
1787165485.071,99,Monopolar_Curved_Scissors,93.41,-15.75,12.46,276,3.92,-2.44
1787165485.100,96,Bipolar_Forceps,92.29,-19.87,24.65,315,1.57,-2.25
1787165485.100,98,Monopolar_Curved_Scissors,92.35,-13.09,20.72,191,3.01,-3.15
1787165485.100,99,UNKNOWN,92.58,-11.59,15.17,369,2.15,-12.73
1787165485.227,96,Bipolar_Forceps,92.22,-20.25,24.69,794,3.30,0.69
1787165485.227,97,UNKNOWN,93.43,-8.38,33.57,454,4.21,6.32
1787165485.227,98,Monopolar_Curved_Scissors,92.38,-12.54,22.42,634,4.23,1.56
1787165485.227,99,Monopolar_Curved_Scissors,96.07,-9.18,16.43,677,4.90,-2.29
1787165485.227,100,Grasping_Retractor_Right,92.15,45.53,36.71,233,3.46,1.07
1787165485.227,101,Prograsp_Forceps_Right,87.83,8.64,10.54,1133,4.61,0.53
1787165485.490,96,Bipolar_Forceps,92.03,-21.21,24.80,855,2.72,1.09
1787165485.490,97,UNKNOWN,94.20,-10.34,36.18,438,4.31,5.21
1787165485.490,98,Monopolar_Curved_Scissors,92.46,-11.14,26.71,512,3.50,-1.04
1787165485.490,99,Monopolar_Curved_Scissors,96.83,-8.73,14.52,411,3.28,-1.16
1787165485.490,100,Grasping_Retractor_Right,92.15,45.41,37.07,209,2.51,-3.68
1787165485.490,101,Prograsp_Forceps_Right,91.08,6.25,8.19,665,3.94,0.38
1787165485.587,96,Bipolar_Forceps,91.97,-21.54,24.83,1037,3.16,-1.01
1787165485.587,97,UNKNOWN,94.47,-11.02,37.09,456,3.91,6.11
1787165485.587,98,Monopolar_Curved_Scissors,92.49,-10.65,28.19,698,4.23,-4.14
1787165485.587,99,Monopolar_Curved_Scissors,95.21,-8.31,14.84,565,3.90,-2.71
1787165485.587,100,Grasping_Retractor_Right,92.15,45.37,37.19,372,4.24,-7.67
1787165485.587,101,Prograsp_Forceps_Right,91.98,7.32,10.73,651,4.64,0.42
1787165485.687,96,Bipolar_Forceps,91.90,-21.89,24.87,761,2.69,0.54
1787165485.687,97,UNKNOWN,94.75,-11.73,38.04,301,4.02,7.05
1787165485.687,98,Monopolar_Curved_Scissors,92.52,-10.14,29.75,468,4.57,-4.03
1787165485.687,99,Monopolar_Curved_Scissors,96.92,-5.47,12.35,561,5.38,-1.31
1787165485.687,100,Grasping_Retractor_Right,92.15,45.33,37.32,369,5.13,5.64
1787165485.687,101,Large_Needle_Driver_Left,96.05,9.41,8.90,920,5.55,-0.95
1787165485.921,96,Bipolar_Forceps,91.75,-22.70,24.96,1415,4.51,-1.90
1787165485.921,97,UNKNOWN,95.41,-13.39,40.25,402,3.66,7.34
1787165485.921,98,Monopolar_Curved_Scissors,92.59,-8.95,33.37,753,4.65,5.65
1787165485.921,99,Monopolar_Curved_Scissors,89.71,-4.11,9.59,873,2.90,-6.77
1787165486.020,96,Bipolar_Forceps,91.69,-23.03,24.99,1345,3.66,-1.09
1787165486.020,97,UNKNOWN,95.68,-14.08,41.17,437,2.91,7.68
1787165486.020,98,Monopolar_Curved_Scissors,92.62,-8.46,34.88,680,4.78,5.21
1787165486.020,99,Monopolar_Curved_Scissors,79.21,-6.86,11.35,747,4.08,6.47
1787165486.020,101,Large_Needle_Driver_Left,108.05,10.66,7.17,128,1.91,-7.29
1787165486.229,96,UNKNOWN,88.29,-3.54,13.76,959,3.70,0.43
1787165486.229,97,UNKNOWN,96.25,-15.52,43.10,365,3.42,8.29
1787165486.229,98,Monopolar_Curved_Scissors,92.68,-7.43,38.04,455,3.54,6.94
1787165486.229,99,Monopolar_Curved_Scissors,84.48,-4.49,12.75,908,4.06,4.41
1787165486.229,101,Large_Needle_Driver_Left,91.15,15.86,4.97,877,2.89,-2.02
1787165486.355,96,Bipolar_Forceps,88.87,-2.04,10.47,1036,3.26,1.06
1787165486.355,98,Monopolar_Curved_Scissors,92.71,-6.89,39.67,370,3.47,8.44
1787165486.355,99,Monopolar_Curved_Scissors,83.94,-4.60,12.87,841,4.24,8.33
1787165486.355,101,Large_Needle_Driver_Left,115.44,25.17,6.38,37,1.64,-5.84
1787165486.434,96,Bipolar_Forceps,88.70,-1.28,9.75,1264,3.10,-0.01
1787165486.434,98,Monopolar_Curved_Scissors,92.73,-6.43,41.08,264,3.68,8.29
1787165486.434,99,Monopolar_Curved_Scissors,83.04,-6.31,10.69,966,3.47,8.05
1787165486.546,96,Bipolar_Forceps,88.50,-0.42,8.94,1596,3.56,-0.05
1787165486.546,98,Monopolar_Curved_Scissors,92.76,-5.91,42.68,191,2.59,8.16
1787165486.546,99,Monopolar_Curved_Scissors,83.20,-7.63,9.13,1067,3.24,6.13
1787165486.546,101,Large_Needle_Driver_Left,130.89,29.62,8.21,27,1.21,-0.79
1787165486.771,96,Large_Needle_Driver_Left,85.76,4.61,8.49,1624,3.20,2.33
1787165486.771,99,Monopolar_Curved_Scissors,84.39,-9.03,7.43,1108,3.26,6.03
1787165486.877,96,Large_Needle_Driver_Left,76.29,4.87,8.40,220,5.52,6.76
1787165486.877,99,Monopolar_Curved_Scissors,84.86,-9.09,6.70,207,3.65,-3.77
1787165487.003,96,Large_Needle_Driver_Left,72.44,3.14,12.52,83,4.80,6.72
1787165487.003,99,Monopolar_Curved_Scissors,90.00,-9.54,10.43,767,3.13,2.90
1787165487.133,96,Large_Needle_Driver_Left,70.82,0.92,17.93,58,0.96,8.60
1787165487.133,99,Monopolar_Curved_Scissors,93.66,-11.10,14.75,379,3.10,0.80
1787165487.238,96,Large_Needle_Driver_Left,72.45,-0.08,21.07,1154,2.84,2.73
1787165487.346,96,Large_Needle_Driver_Left,73.03,-0.60,22.68,1193,3.43,0.56
1787165487.346,99,Monopolar_Curved_Scissors,96.02,-13.66,15.38,27,1.06,-13.88
1787165487.450,96,Large_Needle_Driver_Left,73.44,-0.82,23.62,1024,3.86,-8.05
1787165487.450,99,Monopolar_Curved_Scissors,96.33,-14.01,16.86,27,1.57,-16.15
1787165487.551,96,Large_Needle_Driver_Left,73.75,-0.44,24.01,1094,2.94,0.79
1787165487.551,99,Monopolar_Curved_Scissors,96.44,-15.15,15.25,27,0.69,-10.13
1787165487.752,102,Large_Needle_Driver_Left,77.19,-0.58,24.84,235,1.60,-7.70
1787165487.857,102,Large_Needle_Driver_Left,77.19,-0.70,24.88,76,1.30,-7.61
1787165487.950,102,Large_Needle_Driver_Left,77.19,-1.05,24.14,79,1.04,-6.75
1787165488.165,102,Large_Needle_Driver_Left,90.43,-3.67,8.71,28,1.11,-9.65
1787165488.273,102,Large_Needle_Driver_Left,94.53,-5.90,4.90,38,1.69,-0.42
1787165488.395,102,Large_Needle_Driver_Left,96.29,-8.41,4.27,42,1.02,-18.05
1787165488.507,102,Large_Needle_Driver_Left,96.95,-8.98,2.23,29,0.93,-11.81
1787165488.713,102,Monopolar_Curved_Scissors,97.39,-6.89,3.89,51,1.69,-1.05
1787165488.810,102,Monopolar_Curved_Scissors,97.16,-7.86,4.51,45,2.06,3.34
1787165488.937,102,Monopolar_Curved_Scissors,98.69,-8.42,3.05,72,1.44,0.53
1787165489.030,102,Monopolar_Curved_Scissors,86.58,-7.88,14.04,47,1.63,-9.54
1787165489.264,102,Monopolar_Curved_Scissors,82.44,-8.84,16.82,106,1.47,10.09
1787165489.264,103,Monopolar_Curved_Scissors,93.54,-21.37,-9.87,636,5.10,-1.70
1787165489.520,102,Monopolar_Curved_Scissors,85.20,-9.96,19.66,117,2.34,-4.52
1787165489.520,103,Monopolar_Curved_Scissors,92.69,-22.10,-8.40,323,3.04,-1.05
1787165489.520,104,UNKNOWN,87.13,3.59,23.49,134,1.34,-11.46
1787165489.704,102,Monopolar_Curved_Scissors,86.20,-8.26,18.45,91,4.05,4.05
1787165489.704,103,Monopolar_Curved_Scissors,92.49,-18.87,-6.32,375,2.60,1.25
1787165489.704,104,UNKNOWN,84.56,3.87,22.66,178,1.92,9.72
1787165489.715,102,Monopolar_Curved_Scissors,86.36,-9.25,19.55,93,4.14,-3.23
1787165489.715,103,Monopolar_Curved_Scissors,92.51,-17.77,-6.29,380,2.72,2.17
1787165489.715,104,UNKNOWN,83.75,3.87,22.47,192,1.83,-10.83
1787165490.032,102,Monopolar_Curved_Scissors,117.05,-19.02,30.88,446,3.64,10.25
1787165490.032,103,Monopolar_Curved_Scissors,92.40,-14.92,-5.89,277,2.87,-0.99
1787165490.032,104,UNKNOWN,71.80,3.83,19.71,237,1.25,-8.18
1787165490.146,102,Monopolar_Curved_Scissors,100.09,-18.91,26.96,154,1.98,13.08
1787165490.146,103,Monopolar_Curved_Scissors,92.45,-16.55,-2.92,443,4.51,-10.03
1787165490.146,104,UNKNOWN,83.69,16.04,7.75,231,1.28,-8.79
1787165490.252,102,Monopolar_Curved_Scissors,92.87,-18.41,25.94,41,0.71,12.68
1787165490.252,103,Monopolar_Curved_Scissors,92.46,-17.74,2.33,100,1.62,1.38
1787165490.252,104,UNKNOWN,84.60,11.13,11.98,67,0.88,15.03
1787165490.472,102,Monopolar_Curved_Scissors,120.33,-24.92,32.64,426,4.44,-3.96
1787165490.472,103,Monopolar_Curved_Scissors,83.47,-16.89,4.51,92,1.25,9.26
1787165490.472,104,UNKNOWN,84.72,11.99,2.85,36,1.04,0.43
1787165490.596,102,Monopolar_Curved_Scissors,123.41,-26.41,33.93,108,1.45,-15.59
1787165490.596,103,Monopolar_Curved_Scissors,82.30,-16.54,5.85,126,1.56,-5.97
1787165490.596,104,UNKNOWN,85.16,19.02,2.02,156,2.23,3.37
1787165490.883,102,Monopolar_Curved_Scissors,90.62,-16.55,25.70,1162,3.51,-5.46
1787165490.883,103,Monopolar_Curved_Scissors,79.67,-15.76,8.87,1210,3.79,4.26
1787165490.883,104,UNKNOWN,81.05,22.07,-2.84,906,5.16,3.59
1787165490.883,105,Grasping_Retractor_Right,92.15,45.78,35.93,63,0.81,-16.32
1787165491.014,102,Monopolar_Curved_Scissors,95.52,-19.53,26.00,1181,5.15,-7.20
1787165491.014,103,Monopolar_Curved_Scissors,93.42,-13.58,12.61,1302,5.79,3.46
1787165491.014,104,UNKNOWN,79.24,23.42,-4.99,643,4.49,6.78
1787165491.014,105,Grasping_Retractor_Right,92.15,45.73,36.09,99,1.02,-16.35
1787165491.245,102,Large_Needle_Driver_Left,99.46,-7.32,12.30,378,3.07,-10.80
1787165491.245,103,Monopolar_Curved_Scissors,86.28,-12.38,11.98,124,2.27,-10.58
1787165491.245,104,UNKNOWN,75.99,25.83,-8.83,807,4.52,-4.87
1787165491.254,102,Large_Needle_Driver_Left,99.48,-7.25,12.20,381,3.09,-10.72
1787165491.254,103,Monopolar_Curved_Scissors,90.24,-13.63,17.32,58,3.72,-1.21
1787165491.254,104,UNKNOWN,75.86,25.93,-8.99,792,4.46,-4.72
1787165491.476,102,Large_Needle_Driver_Left,95.06,-8.40,14.67,840,4.88,4.69
1787165491.476,103,Monopolar_Curved_Scissors,92.05,-10.68,17.85,717,4.68,2.87
1787165491.476,104,UNKNOWN,90.01,14.69,9.91,1834,5.53,1.19
1787165491.476,105,Grasping_Retractor_Right,92.15,45.55,36.65,365,4.69,-7.84
1787165491.572,102,Large_Needle_Driver_Left,94.83,-7.88,14.00,878,4.77,0.99
1787165491.572,103,Monopolar_Curved_Scissors,99.93,-8.27,18.53,797,5.44,-4.34
1787165491.572,104,UNKNOWN,95.52,9.60,10.66,1135,5.01,-4.05
1787165491.572,105,Grasping_Retractor_Right,92.15,45.50,36.78,252,2.94,-0.98
1787165491.744,102,Monopolar_Curved_Scissors,96.00,-7.42,13.13,394,3.30,-0.21
1787165491.744,103,Monopolar_Curved_Scissors,101.27,-7.12,20.43,384,3.88,-5.90
1787165491.744,104,UNKNOWN,93.72,7.01,8.57,625,4.05,-2.07
1787165491.744,105,Grasping_Retractor_Right,92.15,45.44,36.99,210,2.51,-3.75
1787165491.755,102,Monopolar_Curved_Scissors,100.01,-7.84,14.66,398,3.34,-4.04
1787165491.755,103,Monopolar_Curved_Scissors,101.30,-7.09,20.48,384,3.88,-5.95
1787165491.755,104,UNKNOWN,93.27,7.55,10.20,572,3.87,-2.64
1787165491.755,105,Grasping_Retractor_Right,92.15,45.44,37.00,209,2.51,-3.74
1787165491.898,102,Monopolar_Curved_Scissors,97.01,-4.53,11.50,571,5.01,-1.73
1787165491.898,103,Monopolar_Curved_Scissors,102.46,-6.09,22.14,530,5.66,-2.08
1787165491.898,104,UNKNOWN,92.84,9.03,8.29,1009,5.04,-0.09
1787165491.898,105,Grasping_Retractor_Right,92.15,45.38,37.18,354,4.13,-6.85
1787165492.065,102,Monopolar_Curved_Scissors,89.94,-3.30,9.09,628,2.70,-8.67
1787165492.065,103,Monopolar_Curved_Scissors,103.70,-5.02,23.91,737,3.88,-5.28
1787165492.065,104,Prograsp_Forceps_Right,100.93,8.88,5.31,217,1.51,14.43
1787165492.479,102,Monopolar_Curved_Scissors,74.66,-7.19,11.42,537,4.35,6.65
1787165492.479,103,Monopolar_Curved_Scissors,96.47,9.58,10.04,867,3.14,-8.55
1787165492.479,104,Prograsp_Forceps_Right,97.10,10.12,7.45,806,2.98,-8.51
1787165492.613,102,Monopolar_Curved_Scissors,72.04,-4.64,9.93,427,2.85,9.66
1787165492.613,103,Monopolar_Curved_Scissors,89.58,14.84,6.27,951,3.30,0.70
1787165492.613,104,Prograsp_Forceps_Right,89.97,14.11,5.39,907,3.26,-0.38
1787165492.748,102,Monopolar_Curved_Scissors,81.01,-3.22,11.71,1003,4.03,8.76
1787165492.748,103,Monopolar_Curved_Scissors,84.82,17.75,4.86,1216,3.26,4.45
1787165492.748,104,Large_Needle_Driver_Left,84.96,16.75,4.50,1176,3.21,4.18
1787165492.895,102,Monopolar_Curved_Scissors,85.80,-2.00,9.83,1011,3.55,2.70
1787165492.895,103,Monopolar_Curved_Scissors,84.64,20.11,4.69,1388,3.12,4.21
1787165492.895,104,Large_Needle_Driver_Left,83.79,17.44,3.95,1276,3.13,4.89
1787165493.019,102,Monopolar_Curved_Scissors,83.96,-4.76,9.50,1053,3.18,5.96
1787165493.019,103,Monopolar_Curved_Scissors,83.76,22.30,4.21,1314,3.36,5.28
1787165493.019,104,Large_Needle_Driver_Left,84.55,19.18,4.90,1296,3.26,4.54
1787165493.161,102,Monopolar_Curved_Scissors,83.67,-6.87,8.43,1115,3.24,5.50
1787165493.161,103,Monopolar_Curved_Scissors,82.80,24.68,3.70,1215,3.35,5.61
1787165493.161,104,Large_Needle_Driver_Left,84.51,19.11,5.29,1449,3.12,4.45
1787165493.308,102,Monopolar_Curved_Scissors,84.24,-8.33,7.22,1108,3.58,5.36
1787165493.308,103,Monopolar_Curved_Scissors,81.83,27.09,3.17,929,3.42,7.36
1787165493.308,104,Large_Needle_Driver_Left,84.85,10.92,7.37,1486,3.17,4.48
1787165493.430,102,Monopolar_Curved_Scissors,84.84,-8.70,6.52,921,3.36,4.57
1787165493.430,103,Monopolar_Curved_Scissors,80.95,29.27,2.70,609,3.16,7.85
1787165493.430,104,Large_Needle_Driver_Left,85.27,7.36,9.39,1084,2.59,1.66
1787165493.455,102,Monopolar_Curved_Scissors,84.13,-8.61,8.54,954,3.46,4.80
1787165493.455,103,Monopolar_Curved_Scissors,80.91,29.38,2.68,602,3.15,7.92
1787165493.455,104,Large_Needle_Driver_Left,86.77,5.04,13.48,971,3.21,0.28
1787165493.557,102,Monopolar_Curved_Scissors,82.37,-9.65,11.41,56,0.98,7.46
1787165493.557,103,Monopolar_Curved_Scissors,80.03,31.56,2.20,615,2.43,11.09
1787165493.557,104,Large_Needle_Driver_Left,87.92,1.11,20.41,106,3.75,-3.12
1787165493.817,102,Monopolar_Curved_Scissors,91.87,-11.42,15.95,428,3.38,-1.94
1787165493.817,103,Monopolar_Curved_Scissors,78.26,35.95,1.25,675,3.76,8.40
1787165493.817,104,Large_Needle_Driver_Left,88.70,-1.56,26.34,264,2.32,7.22
1787165493.833,102,Monopolar_Curved_Scissors,91.83,-12.86,14.94,405,3.36,-3.40
1787165493.833,103,Monopolar_Curved_Scissors,78.20,36.10,1.22,667,3.73,8.49
1787165493.833,104,Large_Needle_Driver_Left,88.90,-1.56,26.96,256,2.33,6.77
1787165493.960,102,Monopolar_Curved_Scissors,83.92,-11.76,13.77,1240,2.40,-9.96
1787165493.960,103,Monopolar_Curved_Scissors,77.27,38.41,0.72,704,3.16,-8.30
1787165493.960,104,Large_Needle_Driver_Left,80.81,-1.98,25.83,951,2.77,-3.87
1787165494.217,102,Monopolar_Curved_Scissors,77.63,-11.31,13.98,1380,3.19,-1.68
1787165494.217,103,Monopolar_Curved_Scissors,75.47,42.87,-0.25,431,2.94,3.51
1787165494.217,104,Large_Needle_Driver_Left,75.75,-2.10,25.24,955,3.69,-8.37
1787165494.365,102,Monopolar_Curved_Scissors,74.64,-11.85,11.72,1460,3.36,-1.59
1787165494.365,104,Large_Needle_Driver_Left,74.52,-1.34,24.77,1070,2.90,0.04
1787165494.389,102,Monopolar_Curved_Scissors,75.24,-11.92,10.71,1474,3.41,-2.11
1787165494.389,104,Large_Needle_Driver_Left,74.63,-1.08,24.60,1076,2.90,-0.19
1787165494.521,102,Monopolar_Curved_Scissors,74.78,-11.65,10.01,1955,3.05,0.41
1787165494.521,104,Large_Needle_Driver_Left,75.55,-1.11,25.12,1304,3.38,-1.28
1787165494.886,106,Large_Needle_Driver_Left,77.19,-1.17,23.95,78,1.28,-6.60
1787165495.070,106,Large_Needle_Driver_Left,75.82,-2.95,8.41,49,0.80,6.79
1787165495.280,106,Large_Needle_Driver_Left,75.31,-4.93,3.48,160,1.60,15.16
1787165495.506,106,Monopolar_Curved_Scissors,75.14,-3.10,2.00,106,1.37,15.96
1787165495.706,106,Monopolar_Curved_Scissors,75.11,-6.29,2.60,222,1.73,16.52
1787165495.857,106,Monopolar_Curved_Scissors,75.12,-6.90,1.35,60,0.88,15.36
1787165496.065,106,Monopolar_Curved_Scissors,75.13,-5.23,3.11,126,1.42,15.25
1787165496.298,106,Monopolar_Curved_Scissors,75.14,-6.24,3.64,60,0.95,14.48
1787165496.298,107,Bipolar_Forceps,95.23,9.52,10.13,84,3.49,11.38
1787165496.762,106,Monopolar_Curved_Scissors,64.80,-16.78,-8.47,358,1.67,-1.05
1787165496.762,107,Bipolar_Forceps,137.99,-11.60,-3.78,250,2.62,-0.31
1787165496.879,106,Monopolar_Curved_Scissors,64.19,-15.70,-7.74,396,1.67,-1.51
1787165496.879,107,Bipolar_Forceps,140.19,-14.49,-5.77,277,3.58,-1.01
1787165497.114,107,Prograsp_Forceps_Left,135.77,-3.82,-7.41,774,4.50,-6.84
1787165497.374,106,Monopolar_Curved_Scissors,63.81,-14.61,-6.24,166,0.73,17.76
1787165497.374,107,Prograsp_Forceps_Left,138.44,-6.22,-11.11,287,3.36,-11.62
1787165497.492,107,Prograsp_Forceps_Left,139.69,-7.34,-12.84,316,4.50,-11.10
1787165497.492,109,Bipolar_Forceps,141.60,-16.92,33.29,47,1.69,13.28
1787165497.596,106,Monopolar_Curved_Scissors,64.01,-11.40,-4.99,194,1.37,-9.06
1787165497.596,107,Prograsp_Forceps_Left,140.78,-8.31,-14.34,267,3.71,-10.58
1787165497.596,109,Bipolar_Forceps,134.16,-20.11,34.22,163,2.55,9.94
1787165497.717,106,Monopolar_Curved_Scissors,64.04,-12.09,-2.79,220,1.39,8.59
1787165497.717,107,Prograsp_Forceps_Left,141.97,-9.38,-15.99,180,3.33,-11.46
1787165497.717,109,Bipolar_Forceps,130.88,-24.38,34.75,160,2.39,-11.39
1787165497.860,106,Monopolar_Curved_Scissors,64.07,-12.88,1.01,159,1.11,-1.41
1787165497.860,107,Prograsp_Forceps_Left,143.41,-10.66,-17.97,165,2.25,-13.76
1787165497.860,109,Bipolar_Forceps,121.17,-24.28,33.82,151,1.94,-8.04
1787165497.965,107,Prograsp_Forceps_Left,144.51,-11.66,-19.50,30,1.45,-16.09
1787165497.965,109,Bipolar_Forceps,128.64,-26.60,35.07,447,4.53,1.16
1787165498.211,107,UNKNOWN,127.78,-23.17,-7.89,306,3.46,-10.03
1787165498.211,109,Bipolar_Forceps,130.94,-27.62,35.57,124,2.65,-14.10
1787165498.329,106,Monopolar_Curved_Scissors,63.88,-4.90,2.61,315,1.67,-2.79
1787165498.329,109,Bipolar_Forceps,130.28,-28.55,35.83,26,0.42,-19.05
1787165498.537,106,Monopolar_Curved_Scissors,63.45,-3.92,3.12,941,2.59,3.50
1787165498.618,106,Monopolar_Curved_Scissors,87.76,-11.17,10.90,1571,5.73,2.00
1787165498.618,109,Prograsp_Forceps_Right,119.90,-24.04,32.81,107,1.39,1.21
1787165498.712,106,Monopolar_Curved_Scissors,98.56,-12.45,12.89,335,2.17,9.02
1787165498.895,106,Monopolar_Curved_Scissors,104.22,-14.52,13.83,170,1.62,-16.33
1787165498.988,106,Monopolar_Curved_Scissors,98.73,-14.85,19.59,771,2.02,-6.28
1787165498.988,109,Prograsp_Forceps_Right,113.31,-24.83,30.80,524,3.89,-4.74
1787165499.102,106,Monopolar_Curved_Scissors,96.43,-12.03,18.53,631,4.69,4.16
1787165499.102,109,Prograsp_Forceps_Right,111.79,-25.09,30.57,214,4.28,13.46
1787165499.195,106,Monopolar_Curved_Scissors,93.16,-9.34,15.58,817,4.41,2.67
1787165499.195,109,Prograsp_Forceps_Right,110.46,-25.32,30.37,513,3.81,-2.58
1787165499.401,106,Monopolar_Curved_Scissors,94.27,-7.98,15.60,587,3.96,-2.19
1787165499.401,109,Prograsp_Forceps_Right,107.51,-25.82,29.91,606,4.01,-0.65
1787165499.401,111,Large_Needle_Driver_Left,91.44,8.27,11.39,637,4.76,0.96
1787165499.492,106,Monopolar_Curved_Scissors,96.77,-4.92,12.76,563,5.35,-1.05
1787165499.492,109,Prograsp_Forceps_Right,106.20,-26.05,29.71,490,3.60,-0.04
1787165499.492,111,Large_Needle_Driver_Left,95.78,9.86,9.21,913,5.58,-0.93
1787165499.501,106,Monopolar_Curved_Scissors,92.57,-4.20,11.04,506,5.11,4.71
1787165499.501,109,Prograsp_Forceps_Right,106.01,-26.08,29.68,485,3.59,0.03
1787165499.501,111,Large_Needle_Driver_Left,99.82,9.50,7.04,872,5.53,-2.62
1787165499.732,106,Monopolar_Curved_Scissors,91.14,-8.30,14.46,961,3.35,-3.76
1787165499.732,109,Prograsp_Forceps_Right,102.62,-26.66,29.16,870,4.28,-0.22
1787165499.732,111,Large_Needle_Driver_Left,97.19,10.13,7.68,812,2.36,-10.29
1787165499.762,106,Monopolar_Curved_Scissors,88.59,-6.30,13.02,1011,3.76,-3.34
1787165499.762,109,Prograsp_Forceps_Right,102.24,-26.73,29.11,883,4.42,-0.09
1787165499.762,111,Large_Needle_Driver_Left,91.92,13.06,6.10,883,2.33,-5.57
1787165499.975,106,Monopolar_Curved_Scissors,88.88,-3.92,13.55,1113,3.94,2.22
1787165499.975,109,Prograsp_Forceps_Right,99.19,-27.25,28.64,937,5.08,-1.82
1787165499.975,111,Large_Needle_Driver_Left,85.17,16.72,4.55,1164,3.41,4.15
1787165500.211,106,Monopolar_Curved_Scissors,84.89,-3.35,11.61,950,4.15,5.14
1787165500.211,109,Prograsp_Forceps_Right,83.46,-4.46,11.16,834,4.38,7.95
1787165500.211,111,Large_Needle_Driver_Left,84.66,19.63,4.45,1377,3.16,4.23
1787165500.337,106,Monopolar_Curved_Scissors,84.72,-2.82,11.71,1104,3.63,5.62
1787165500.337,109,Prograsp_Forceps_Right,82.08,-5.70,9.64,867,3.26,9.84
1787165500.337,111,Large_Needle_Driver_Left,84.66,19.98,4.87,1242,3.27,3.20
1787165500.577,106,Monopolar_Curved_Scissors,84.40,-1.88,11.87,1434,3.66,4.57
1787165500.577,109,Prograsp_Forceps_Right,81.87,-7.06,7.76,992,3.26,7.68
1787165500.577,111,Bipolar_Forceps,84.23,19.40,5.26,1396,3.13,5.47
1787165500.702,106,Monopolar_Curved_Scissors,85.07,4.29,9.29,1636,3.20,2.92
1787165500.702,109,Prograsp_Forceps_Right,83.25,-8.18,6.72,1100,3.23,6.88
1787165500.702,111,Bipolar_Forceps,83.58,20.01,5.00,1352,3.12,5.15
1787165500.849,106,Monopolar_Curved_Scissors,75.88,4.66,8.94,208,6.29,7.69
1787165500.849,109,Prograsp_Forceps_Right,83.85,-8.38,6.03,204,3.63,-3.72
1787165500.849,111,Bipolar_Forceps,82.87,20.66,4.72,428,3.38,6.18
1787165500.982,106,Monopolar_Curved_Scissors,72.37,2.91,13.05,87,4.83,6.67
1787165500.982,109,Prograsp_Forceps_Right,89.23,-8.92,9.90,723,3.20,3.55
1787165500.982,111,Bipolar_Forceps,82.17,21.31,4.44,562,3.86,5.71
1787165501.101,106,Monopolar_Curved_Scissors,70.95,0.72,18.36,49,0.96,8.96
1787165501.101,109,Prograsp_Forceps_Right,92.99,-10.56,14.29,396,3.14,1.33
1787165501.101,111,Bipolar_Forceps,81.54,21.90,4.19,946,6.57,3.26
1787165501.219,106,Monopolar_Curved_Scissors,72.67,-0.26,21.47,1139,2.80,2.50
1787165501.219,111,Bipolar_Forceps,80.92,22.48,3.95,1477,4.11,-9.05
1787165501.316,106,Monopolar_Curved_Scissors,73.26,-0.74,22.97,1177,3.37,0.25
1787165501.316,109,Monopolar_Curved_Scissors,95.49,-13.25,15.00,37,1.17,-13.49
1787165501.316,111,Bipolar_Forceps,80.37,22.99,3.73,1321,4.76,-8.48
1787165501.436,106,Monopolar_Curved_Scissors,73.65,-0.95,23.93,1005,3.80,-8.20
1787165501.436,109,Monopolar_Curved_Scissors,95.88,-13.67,16.58,37,2.29,-16.99
1787165501.436,111,Bipolar_Forceps,79.75,23.57,3.48,1439,4.93,-7.25
1787165501.538,106,Monopolar_Curved_Scissors,73.96,-0.54,24.28,1077,2.91,0.38
1787165501.538,109,Monopolar_Curved_Scissors,96.04,-14.88,14.92,32,0.69,-9.60
1787165501.538,111,Bipolar_Forceps,79.19,24.09,3.26,1784,4.72,-7.75
1787165501.763,112,Large_Needle_Driver_Left,77.19,-0.58,24.84,235,1.60,-7.70
1787165501.859,112,Large_Needle_Driver_Left,77.19,-0.70,24.88,76,1.30,-7.61
1787165501.949,112,Large_Needle_Driver_Left,77.19,-1.05,24.14,79,1.04,-6.75
1787165502.067,112,Large_Needle_Driver_Left,77.19,-1.11,24.04,63,1.29,-6.73
1787165502.160,112,Large_Needle_Driver_Left,77.19,-1.17,23.95,345,2.09,-4.10
1787165502.171,112,Large_Needle_Driver_Left,77.19,-1.17,23.95,345,2.09,-4.10
1787165502.297,112,Large_Needle_Driver_Left,77.19,-1.24,23.84,462,2.05,-4.27
1787165502.297,113,Bipolar_Forceps,91.93,0.19,1.50,27,0.60,17.24
1787165502.405,112,Large_Needle_Driver_Left,77.19,2.90,13.97,427,2.26,5.84
1787165502.405,113,Monopolar_Curved_Scissors,93.40,-4.95,2.15,48,0.93,-18.10
1787165502.660,112,Large_Needle_Driver_Left,77.19,7.97,9.59,262,1.37,-9.45
1787165502.660,113,Monopolar_Curved_Scissors,94.37,-5.43,5.64,51,3.52,3.67
1787165502.757,112,Large_Needle_Driver_Left,77.19,7.45,7.98,169,1.76,10.40
1787165502.757,113,Monopolar_Curved_Scissors,94.99,-7.28,6.09,39,2.10,3.99
1787165502.858,113,Monopolar_Curved_Scissors,94.19,-7.80,6.82,59,2.34,1.75
1787165502.986,113,Monopolar_Curved_Scissors,111.48,-10.79,-0.92,622,3.61,5.77
1787165502.986,114,Monopolar_Curved_Scissors,96.05,-25.40,-12.70,532,3.66,0.53
1787165503.320,113,Monopolar_Curved_Scissors,118.37,2.70,25.18,62,0.91,17.08
1787165503.320,114,Monopolar_Curved_Scissors,93.31,-21.58,-9.79,454,3.99,-3.49
1787165503.536,114,Monopolar_Curved_Scissors,92.63,-22.02,-8.37,321,3.01,-0.93
1787165503.657,114,Monopolar_Curved_Scissors,92.48,-19.09,-6.50,376,2.60,1.00
1787165503.763,114,Monopolar_Curved_Scissors,92.42,-17.34,-6.17,69,3.92,0.70
1787165503.763,115,UNKNOWN,96.46,-10.27,21.90,180,3.20,7.22
1787165503.957,114,Monopolar_Curved_Scissors,92.38,-15.02,-5.88,278,2.87,-1.04
1787165503.957,115,UNKNOWN,115.76,-18.15,30.01,381,3.80,12.37
1787165504.161,112,Large_Needle_Driver_Left,129.52,9.83,25.41,437,4.10,6.20
1787165504.161,113,Monopolar_Curved_Scissors,128.31,10.93,26.74,430,4.03,7.64
1787165504.161,114,Monopolar_Curved_Scissors,92.40,-17.22,2.25,136,1.28,15.61
1787165504.161,115,UNKNOWN,130.37,-24.40,36.31,211,2.77,3.55
1787165504.237,112,Large_Needle_Driver_Left,131.49,10.18,25.45,312,3.72,9.16
1787165504.237,113,Monopolar_Curved_Scissors,129.45,11.63,27.47,263,3.02,10.75
1787165504.237,115,UNKNOWN,136.79,-26.91,38.70,188,3.00,-12.03
1787165504.362,112,Large_Needle_Driver_Left,134.38,10.70,25.50,299,5.43,1.68
1787165504.362,113,Monopolar_Curved_Scissors,131.14,12.65,28.53,249,5.54,5.40
1787165504.362,114,Monopolar_Curved_Scissors,112.56,-21.24,-1.75,186,3.01,11.93
1787165504.362,115,UNKNOWN,135.27,-27.70,37.35,312,2.53,3.66
1787165504.396,112,Large_Needle_Driver_Left,135.05,10.82,25.52,299,5.49,1.22
1787165504.396,113,Monopolar_Curved_Scissors,131.52,12.88,28.78,232,5.53,4.91
1787165504.396,114,Monopolar_Curved_Scissors,113.06,-21.25,-1.60,188,3.08,12.16
1787165504.396,115,UNKNOWN,135.63,-28.03,37.57,301,2.53,3.54
1787165504.855,113,Monopolar_Curved_Scissors,137.61,16.57,32.63,56,1.59,-9.45
1787165504.855,114,Monopolar_Curved_Scissors,97.92,-14.31,10.75,1584,3.39,-3.39
1787165504.855,115,UNKNOWN,121.23,-25.23,32.95,120,1.40,-0.18
1787165504.975,114,Monopolar_Curved_Scissors,102.31,-13.42,13.18,309,2.22,6.40
1787165505.108,114,Monopolar_Curved_Scissors,104.06,-14.37,14.04,128,1.61,7.86
1787165505.108,115,UNKNOWN,117.15,-25.39,31.33,54,1.36,-15.43
1787165505.129,114,Monopolar_Curved_Scissors,100.40,-14.68,18.26,114,2.00,1.87
1787165505.129,115,UNKNOWN,117.05,-25.46,31.32,55,1.38,-15.32
1787165505.505,112,Large_Needle_Driver_Left,129.10,-13.29,45.14,652,2.77,-7.87
1787165505.505,113,Monopolar_Curved_Scissors,93.67,13.86,12.89,1703,5.92,-0.94
1787165505.505,114,Monopolar_Curved_Scissors,94.82,-10.39,18.37,705,4.88,2.07
1787165505.505,115,UNKNOWN,96.39,-12.24,18.85,618,4.71,3.86
1787165505.618,112,Large_Needle_Driver_Left,129.99,-14.35,46.21,638,2.89,-10.37
1787165505.618,113,Monopolar_Curved_Scissors,92.01,14.28,12.33,1095,4.85,-3.80
1787165505.618,114,Monopolar_Curved_Scissors,101.16,-8.03,18.72,787,5.50,0.19
1787165505.618,115,UNKNOWN,94.24,-11.55,17.81,769,4.15,2.47
1787165505.713,112,Large_Needle_Driver_Left,130.84,-15.34,47.21,620,2.57,-10.41
1787165505.713,113,Monopolar_Curved_Scissors,90.45,14.68,11.79,486,3.25,-5.32
1787165505.713,114,Monopolar_Curved_Scissors,101.38,-7.27,19.87,385,3.68,-5.91
1787165505.713,115,UNKNOWN,95.30,-8.51,14.24,409,3.34,0.17
1787165505.832,112,Large_Needle_Driver_Left,131.70,-16.36,48.22,558,3.13,-11.68
1787165505.832,113,Monopolar_Curved_Scissors,88.86,15.09,11.25,676,4.98,1.59
1787165505.832,114,Monopolar_Curved_Scissors,101.61,-6.49,21.04,568,4.22,-5.84
1787165505.832,115,UNKNOWN,93.63,-7.55,14.10,567,3.97,-1.02
1787165505.832,116,Large_Needle_Driver_Left,92.11,6.75,11.38,620,4.67,0.51
1787165505.949,112,Large_Needle_Driver_Left,132.64,-17.47,49.34,628,2.52,-12.79
1787165505.949,113,Monopolar_Curved_Scissors,97.02,11.95,8.07,949,5.58,-2.15
1787165505.949,114,Monopolar_Curved_Scissors,101.86,-5.63,22.33,523,6.12,-4.17
1787165505.949,115,UNKNOWN,95.35,-4.34,11.26,551,5.24,-1.72
1787165505.949,116,Large_Needle_Driver_Left,89.97,5.01,11.79,682,5.13,3.39
1787165506.038,112,Large_Needle_Driver_Left,133.40,-18.36,50.24,439,3.76,-12.10
1787165506.038,114,Monopolar_Curved_Scissors,102.06,-4.94,23.36,682,3.50,-5.31
1787165506.038,115,UNKNOWN,90.29,-3.30,9.21,633,3.09,-7.66
1787165506.038,116,Large_Needle_Driver_Left,95.62,5.79,5.01,328,2.12,-11.13
1787165506.261,112,Large_Needle_Driver_Left,135.16,-20.44,52.32,111,2.55,-15.31
1787165506.261,113,Monopolar_Curved_Scissors,97.11,14.49,2.50,606,2.78,-7.17
1787165506.261,114,Monopolar_Curved_Scissors,88.98,-9.78,16.72,977,4.10,-3.64
1787165506.261,116,Large_Needle_Driver_Left,94.86,8.33,7.24,822,3.01,-6.29
1787165506.373,113,Large_Needle_Driver_Left,90.03,15.90,3.12,814,3.24,-1.86
1787165506.373,114,Monopolar_Curved_Scissors,88.15,-6.13,13.68,882,4.29,4.46
1787165506.373,115,Prograsp_Forceps_Right,128.86,20.06,7.80,30,0.79,-14.41
1787165506.373,116,Large_Needle_Driver_Left,93.79,7.45,7.17,917,3.29,-4.27
1787165506.556,113,Large_Needle_Driver_Left,88.03,5.34,-2.85,781,3.83,1.40
1787165506.556,114,Monopolar_Curved_Scissors,84.33,-4.16,11.74,1042,5.47,-6.06
1787165506.556,115,Prograsp_Forceps_Right,133.74,29.42,7.05,46,1.43,-13.92
1787165506.556,116,Large_Needle_Driver_Left,85.27,-1.15,9.67,1142,4.38,0.43
1787165506.639,113,Large_Needle_Driver_Left,86.67,4.78,-4.02,598,3.32,-1.91
1787165506.639,114,Monopolar_Curved_Scissors,83.08,-5.53,10.53,927,3.41,8.54
1787165506.639,116,Large_Needle_Driver_Left,83.77,-2.51,9.83,1043,3.43,6.02
1787165506.742,113,Large_Needle_Driver_Left,85.21,4.18,-5.27,1039,3.85,2.85
1787165506.742,114,Monopolar_Curved_Scissors,82.98,-6.92,9.11,1088,3.25,6.21
1787165506.742,116,Large_Needle_Driver_Left,82.16,-3.98,9.99,1269,3.60,6.38
1787165506.851,113,Large_Needle_Driver_Left,83.83,3.61,-6.45,924,3.87,4.50
1787165506.851,114,Monopolar_Curved_Scissors,83.59,-8.06,7.76,1111,3.56,5.94
1787165506.851,116,Large_Needle_Driver_Left,84.41,2.82,9.14,1586,3.35,3.82
1787165507.041,113,Large_Needle_Driver_Left,81.03,2.46,-8.85,631,3.77,10.72
1787165507.041,114,Monopolar_Curved_Scissors,83.90,-8.43,6.65,205,3.72,-3.48
1787165507.041,116,Large_Needle_Driver_Left,74.23,3.36,8.98,229,5.46,8.18
1787165507.159,113,Large_Needle_Driver_Left,79.32,1.76,-10.32,879,4.09,10.71
1787165507.159,114,Monopolar_Curved_Scissors,89.49,-9.05,10.44,750,3.15,3.31
1787165507.159,116,Large_Needle_Driver_Left,71.26,1.74,13.14,63,4.49,9.49
1787165507.269,113,Large_Needle_Driver_Left,77.83,1.15,-11.59,845,4.90,9.77
1787165507.269,114,Monopolar_Curved_Scissors,92.77,-10.81,13.93,392,3.05,1.52
1787165507.269,116,Large_Needle_Driver_Left,70.12,-0.17,17.39,49,0.96,7.78
1787165507.367,113,Large_Needle_Driver_Left,76.46,0.59,-12.77,2552,5.30,-3.49
1787165507.367,116,Large_Needle_Driver_Left,71.78,-1.14,20.85,1103,2.54,2.95
1787165507.374,113,Large_Needle_Driver_Left,76.41,0.57,-12.81,2561,5.29,-3.47
1787165507.374,116,Large_Needle_Driver_Left,72.84,-1.18,21.70,1072,2.49,1.96
1787165507.488,113,Large_Needle_Driver_Left,74.71,-0.13,-14.27,2999,4.18,-2.41
1787165507.488,114,Monopolar_Curved_Scissors,95.23,-13.04,15.70,38,1.17,-13.46
1787165507.488,116,Large_Needle_Driver_Left,72.83,-1.67,23.22,1196,3.37,0.26
1787165507.501,113,Large_Needle_Driver_Left,74.53,-0.21,-14.42,3023,4.16,-2.32
1787165507.501,114,Monopolar_Curved_Scissors,95.31,-13.31,16.45,33,1.01,-13.76
1787165507.501,116,Large_Needle_Driver_Left,73.36,-1.55,23.54,1184,3.34,-0.16
1787165507.642,114,Monopolar_Curved_Scissors,95.55,-14.73,15.04,52,1.19,-17.55
1787165507.642,116,Large_Needle_Driver_Left,73.59,-1.27,24.40,992,3.82,-8.13
1787165507.757,114,Monopolar_Curved_Scissors,95.61,-15.04,13.36,70,2.06,-2.55
1787165507.757,116,Large_Needle_Driver_Left,73.91,-1.17,24.78,1246,2.72,-0.02
1787165507.897,114,Monopolar_Curved_Scissors,95.62,-14.76,12.74,120,1.67,-14.91
1787165507.897,116,Large_Needle_Driver_Left,75.36,-1.10,25.31,1297,3.37,-1.26
1787165508.131,118,Large_Needle_Driver_Left,77.19,-1.13,24.04,78,1.28,-6.69
1787165508.259,118,Large_Needle_Driver_Left,77.19,-1.16,23.96,48,0.81,-7.64
1787165508.478,118,Large_Needle_Driver_Left,91.69,-5.85,7.81,146,2.38,11.53
1787165508.772,118,Large_Needle_Driver_Left,95.49,-3.67,3.66,85,1.57,-15.83
1787165508.931,118,Monopolar_Curved_Scissors,96.16,-7.69,3.96,57,0.96,11.76
1787165509.143,118,Monopolar_Curved_Scissors,96.28,-6.88,3.98,43,1.92,1.93
1787165509.266,118,Monopolar_Curved_Scissors,96.26,-7.86,4.54,46,2.04,3.55
1787165509.380,118,Monopolar_Curved_Scissors,88.14,-9.86,14.74,300,2.47,9.32
1787165509.615,118,Monopolar_Curved_Scissors,83.55,-8.61,18.15,104,1.03,-7.17
1787165509.615,119,Monopolar_Curved_Scissors,95.34,-23.80,-12.21,374,3.11,-3.16
1787165509.880,118,Monopolar_Curved_Scissors,81.72,-8.48,19.21,177,1.38,-4.61
1787165509.880,119,Monopolar_Curved_Scissors,95.34,-19.74,-9.71,393,2.51,2.10
1787165510.153,118,Monopolar_Curved_Scissors,81.21,-9.13,19.63,162,1.67,-5.15
1787165510.153,119,Monopolar_Curved_Scissors,95.34,-22.01,-8.45,209,2.53,-3.54
1787165510.266,118,Monopolar_Curved_Scissors,107.77,-12.85,26.20,137,3.75,12.99
1787165510.266,119,Monopolar_Curved_Scissors,95.34,-18.91,-7.15,332,2.85,1.73
1787165510.387,118,Monopolar_Curved_Scissors,120.98,-18.62,31.64,439,3.47,10.43
1787165510.387,119,Monopolar_Curved_Scissors,95.34,-16.36,-6.50,266,3.25,-3.23
1787165510.493,118,Monopolar_Curved_Scissors,99.75,-18.19,26.75,107,1.29,8.82
1787165510.493,119,Monopolar_Curved_Scissors,95.34,-17.34,-3.25,319,3.39,-5.36
1787165510.590,118,Monopolar_Curved_Scissors,89.79,-17.50,25.03,139,1.72,14.50
1787165510.590,119,Monopolar_Curved_Scissors,87.07,-16.66,1.75,301,2.18,-5.82
1787165510.986,118,Monopolar_Curved_Scissors,104.27,-21.81,28.75,764,4.07,-0.65
1787165510.986,119,Monopolar_Curved_Scissors,81.03,-15.30,-1.00,115,1.40,-5.80
1787165511.114,118,Monopolar_Curved_Scissors,105.73,-22.96,29.64,404,3.34,-11.10
1787165511.332,118,Monopolar_Curved_Scissors,84.18,-15.38,23.95,1159,3.22,-0.43
1787165511.332,119,Monopolar_Curved_Scissors,77.44,-13.71,0.79,871,4.01,-1.55
1787165511.438,118,Monopolar_Curved_Scissors,82.28,-16.62,22.49,1139,4.73,6.55
1787165511.438,119,Monopolar_Curved_Scissors,92.52,-13.28,11.02,1314,6.03,3.74
1787165511.569,118,Prograsp_Forceps_Right,92.05,-19.11,24.54,247,0.89,4.54
1787165511.569,119,Monopolar_Curved_Scissors,94.73,-12.32,12.58,233,2.77,8.95
1787165511.681,118,Prograsp_Forceps_Right,92.14,-19.55,24.70,360,1.52,6.18
1787165511.681,119,Monopolar_Curved_Scissors,88.34,-12.08,12.06,188,2.80,-12.34
1787165511.692,118,Prograsp_Forceps_Right,93.99,-17.09,24.31,177,1.83,-6.93
1787165511.692,119,Monopolar_Curved_Scissors,88.33,-12.05,12.12,188,2.80,-12.33
1787165511.786,118,Prograsp_Forceps_Right,93.08,-12.94,20.02,900,3.17,-4.96
1787165511.786,119,Monopolar_Curved_Scissors,90.38,-10.38,15.02,1219,4.13,-4.11
1787165511.786,120,UNKNOWN,97.45,7.56,9.75,2188,3.87,-5.23
1787165511.937,118,Prograsp_Forceps_Right,93.29,-12.64,19.63,619,4.81,2.53
1787165511.937,119,Monopolar_Curved_Scissors,95.19,-7.67,16.85,705,4.86,-2.07
1787165511.937,120,UNKNOWN,89.32,6.27,9.70,1179,4.68,0.91
1787165512.051,118,Prograsp_Forceps_Right,93.43,-12.44,19.36,513,3.80,3.84
1787165512.051,119,Monopolar_Curved_Scissors,92.00,-6.96,14.79,454,3.34,2.05
1787165512.051,120,Prograsp_Forceps_Right,90.53,5.95,8.52,725,4.37,0.24
1787165512.187,118,Prograsp_Forceps_Right,93.65,-12.14,18.94,693,3.50,1.51
1787165512.187,119,Monopolar_Curved_Scissors,90.31,-6.64,14.95,602,2.95,3.73
1787165512.187,120,Prograsp_Forceps_Right,91.19,7.35,11.02,627,3.68,0.93
1787165512.315,118,Prograsp_Forceps_Right,93.83,-11.88,18.60,532,4.26,-0.52
1787165512.315,119,Monopolar_Curved_Scissors,92.87,-3.91,12.29,577,4.99,2.75
1787165512.315,120,Prograsp_Forceps_Right,91.42,9.19,8.74,982,4.95,0.53
1787165512.427,118,Prograsp_Forceps_Right,94.00,-11.64,18.28,806,3.25,-1.06
1787165512.427,119,Monopolar_Curved_Scissors,88.83,-3.08,10.23,653,2.75,-7.12
1787165512.427,120,Prograsp_Forceps_Right,99.99,9.18,5.89,255,1.78,14.30
1787165512.542,118,Monopolar_Curved_Scissors,87.49,-10.68,15.68,747,3.88,-2.22
1787165512.542,119,Monopolar_Curved_Scissors,90.64,4.95,9.18,637,3.20,-5.48
1787165512.542,120,Prograsp_Forceps_Right,95.99,9.87,7.10,495,2.61,6.24
1787165512.801,118,Monopolar_Curved_Scissors,87.62,-5.60,12.29,866,4.25,2.77
1787165512.801,119,Monopolar_Curved_Scissors,87.15,14.38,5.80,882,2.60,1.88
1787165512.801,120,Prograsp_Forceps_Right,89.11,14.74,5.09,880,2.78,0.03
1787165513.046,118,Monopolar_Curved_Scissors,87.83,-3.33,12.70,1176,3.74,1.42
1787165513.046,119,Monopolar_Curved_Scissors,83.35,18.38,4.59,1158,3.10,5.62
1787165513.046,120,Large_Needle_Driver_Left,84.04,17.61,4.32,1169,3.17,4.95
1787165513.067,118,Monopolar_Curved_Scissors,86.54,-3.43,11.85,1151,3.73,2.88
1787165513.067,119,Monopolar_Curved_Scissors,83.19,19.01,4.64,1181,3.14,5.86
1787165513.067,120,Large_Needle_Driver_Left,84.02,17.65,4.31,1166,3.16,4.97
1787165513.314,118,Monopolar_Curved_Scissors,85.52,-1.62,9.08,1071,3.30,2.62
1787165513.314,119,Monopolar_Curved_Scissors,81.74,24.00,4.12,1135,3.28,6.27
1787165513.314,120,Large_Needle_Driver_Left,84.85,19.99,4.62,1234,3.27,3.02
1787165513.424,118,Monopolar_Curved_Scissors,84.31,-5.37,8.19,1039,2.98,6.21
1787165513.424,119,Monopolar_Curved_Scissors,81.11,26.14,3.89,1132,3.17,6.53
1787165513.424,120,Large_Needle_Driver_Left,84.82,19.48,5.22,1322,3.13,4.06
1787165513.542,118,Monopolar_Curved_Scissors,84.43,-7.50,7.08,1158,3.57,4.86
1787165513.542,119,Monopolar_Curved_Scissors,80.47,28.37,3.66,840,3.34,8.36
1787165513.542,120,Large_Needle_Driver_Left,85.13,11.58,7.28,1475,3.17,4.26
1787165513.654,118,Monopolar_Curved_Scissors,84.83,-8.24,6.41,943,3.36,4.49
1787165513.654,119,Monopolar_Curved_Scissors,79.85,30.47,3.44,541,3.03,8.58
1787165513.654,120,Large_Needle_Driver_Left,85.51,7.86,9.30,1083,2.56,1.47
1787165513.752,118,Monopolar_Curved_Scissors,85.03,-8.49,9.23,241,4.53,-3.25
1787165513.752,119,Monopolar_Curved_Scissors,79.33,32.26,3.25,201,2.11,9.68
1787165513.752,120,Large_Needle_Driver_Left,85.69,4.14,14.81,259,4.99,4.36
1787165513.861,118,Monopolar_Curved_Scissors,89.93,-10.49,13.06,413,3.25,2.47
1787165513.861,119,Monopolar_Curved_Scissors,78.72,34.36,3.03,472,4.13,6.02
1787165513.861,120,Large_Needle_Driver_Left,85.79,0.71,20.71,326,2.78,9.53
1787165513.958,118,Monopolar_Curved_Scissors,93.36,-11.36,15.65,441,3.35,-2.79
1787165513.958,119,Monopolar_Curved_Scissors,78.20,36.16,2.85,670,4.10,7.84
1787165513.958,120,Large_Needle_Driver_Left,85.84,-0.94,24.44,286,2.47,10.39
1787165514.056,119,Monopolar_Curved_Scissors,77.67,37.97,2.66,681,2.66,-10.70
1787165514.056,120,Large_Needle_Driver_Left,79.83,-1.54,24.38,967,2.62,-3.31
1787165514.063,119,Monopolar_Curved_Scissors,77.63,38.11,2.64,672,2.59,-10.74
1787165514.063,120,Large_Needle_Driver_Left,77.89,-1.49,24.13,1022,2.75,-1.63
1787165514.174,119,Monopolar_Curved_Scissors,77.04,40.14,2.43,556,2.61,-10.76
1787165514.174,120,Large_Needle_Driver_Left,75.74,-1.86,24.64,1059,3.01,-0.24
1787165514.314,118,Monopolar_Curved_Scissors,96.44,-15.16,14.96,40,1.01,-17.27
1787165514.314,120,Large_Needle_Driver_Left,74.84,-1.45,24.89,972,3.78,-8.50
1787165514.778,122,Large_Needle_Driver_Left,77.19,-0.58,24.84,80,1.33,-7.63
1787165514.913,122,Large_Needle_Driver_Left,77.19,-0.72,24.89,79,1.04,-7.54
1787165515.007,122,Large_Needle_Driver_Left,77.19,-1.08,24.11,86,1.23,-6.53
1787165515.131,122,Large_Needle_Driver_Left,77.19,-1.14,24.00,43,0.65,-8.35
1787165515.273,122,Large_Needle_Driver_Left,77.19,-1.22,23.88,461,2.04,-4.32
1787165515.399,122,Large_Needle_Driver_Left,77.19,-1.29,23.77,393,2.21,-3.84
1787165515.399,123,Bipolar_Forceps,103.54,-2.37,-1.11,50,0.82,-13.83
1787165515.529,122,Large_Needle_Driver_Left,77.19,-1.36,23.66,391,2.22,-4.01
1787165515.529,123,Bipolar_Forceps,86.96,0.41,3.08,139,1.89,-14.68
1787165515.649,122,Large_Needle_Driver_Left,77.19,-1.43,23.55,244,1.84,3.44
1787165515.649,123,Large_Needle_Driver_Left,79.80,2.51,9.06,227,1.61,-10.00
1787165515.772,122,Large_Needle_Driver_Left,94.45,-4.91,7.86,99,1.42,14.54
1787165515.772,123,Large_Needle_Driver_Left,76.74,6.87,9.77,302,2.18,9.85
1787165515.886,122,Large_Needle_Driver_Left,96.02,-7.21,6.07,45,0.84,15.48
1787165515.886,123,Large_Needle_Driver_Left,75.58,7.15,9.19,100,1.05,-17.34
1787165516.141,123,Large_Needle_Driver_Left,68.71,9.26,12.11,244,1.30,-14.34
1787165516.419,122,Large_Needle_Driver_Left,94.50,-21.61,-10.47,720,5.39,-4.69
1787165516.419,123,Large_Needle_Driver_Left,60.89,11.66,15.45,256,1.51,-8.65
1787165516.535,122,Monopolar_Curved_Scissors,93.64,-19.99,-10.28,290,2.15,1.97
1787165516.535,123,Large_Needle_Driver_Left,57.53,12.69,16.87,292,1.52,-6.17
1787165516.856,122,Monopolar_Curved_Scissors,93.25,-21.29,-9.30,230,2.44,-2.64
1787165516.856,124,Bipolar_Forceps,116.72,-13.64,26.30,129,3.99,0.39
1787165517.015,122,Monopolar_Curved_Scissors,93.02,-18.63,-8.03,223,2.44,-0.07
1787165517.015,124,Bipolar_Forceps,116.72,-13.99,27.48,190,4.43,5.83
1787165517.127,122,Monopolar_Curved_Scissors,92.91,-16.41,-7.40,304,3.14,-1.08
1787165517.127,124,Bipolar_Forceps,124.15,-19.16,31.99,394,3.44,10.04
1787165517.486,122,Monopolar_Curved_Scissors,92.87,-17.86,-3.24,431,4.06,-10.97
1787165517.486,123,Large_Needle_Driver_Left,134.67,26.49,13.63,329,5.40,-5.67
1787165517.486,124,Bipolar_Forceps,130.84,-26.27,35.28,216,2.91,-12.06
1787165517.571,122,Monopolar_Curved_Scissors,92.78,-18.64,2.05,104,1.64,0.37
1787165517.571,123,Large_Needle_Driver_Left,131.70,17.44,19.59,296,4.65,-4.23
1787165517.571,124,Bipolar_Forceps,135.46,-27.07,37.84,76,2.62,-12.34
1787165517.730,123,Large_Needle_Driver_Left,130.58,17.89,7.28,691,6.61,-3.66
1787165517.730,124,Bipolar_Forceps,134.94,-27.81,36.70,273,3.72,-10.43
1787165517.903,122,Monopolar_Curved_Scissors,114.58,-22.33,-2.79,234,3.15,10.54
1787165517.903,123,Large_Needle_Driver_Left,132.11,18.69,5.81,326,4.77,6.91
1787165517.903,124,Bipolar_Forceps,134.28,-27.95,36.30,73,2.31,-14.43
1787165518.031,122,Monopolar_Curved_Scissors,117.31,-23.09,-3.17,140,1.56,13.10
1787165518.031,123,Prograsp_Forceps_Right,128.37,30.08,4.38,166,4.45,-10.45
1787165518.369,122,Monopolar_Curved_Scissors,124.05,-24.97,-4.12,50,0.88,-11.49
1787165518.369,125,Grasping_Retractor_Right,92.15,45.70,36.17,62,0.61,-15.94
1787165518.651,122,Monopolar_Curved_Scissors,99.21,-14.62,11.18,1481,6.56,-0.54
1787165518.651,125,Grasping_Retractor_Right,92.15,45.56,36.60,81,0.97,-16.51
1787165518.694,122,Monopolar_Curved_Scissors,102.11,-13.91,12.55,1480,6.96,-2.00
1787165518.694,124,Prograsp_Forceps_Right,113.28,-23.37,30.08,206,3.07,-10.54
1787165518.694,125,Grasping_Retractor_Right,92.15,45.55,36.64,80,0.97,-16.48
1787165519.025,122,Monopolar_Curved_Scissors,104.42,-14.85,13.97,149,1.49,-16.33
1787165519.025,123,Prograsp_Forceps_Right,103.55,1.47,5.33,800,5.29,-2.32
1787165519.025,124,Prograsp_Forceps_Right,103.29,-6.88,11.60,325,2.37,9.35
1787165519.049,122,Monopolar_Curved_Scissors,100.00,-15.03,19.05,99,3.20,-2.82
1787165519.049,123,Prograsp_Forceps_Right,103.13,1.08,5.22,819,5.20,-1.69
1787165519.049,124,Prograsp_Forceps_Right,102.79,-6.49,11.08,349,2.50,8.80
1787165519.432,122,Monopolar_Curved_Scissors,94.50,-10.62,18.10,706,4.80,1.68
1787165519.432,123,Prograsp_Forceps_Right,92.69,10.49,10.44,1719,5.72,-0.45
1787165519.432,124,Prograsp_Forceps_Right,93.75,-8.14,14.46,851,4.56,3.84
1787165519.432,125,Grasping_Retractor_Right,93.01,15.05,13.31,1722,5.86,-0.47
1787165519.457,122,Monopolar_Curved_Scissors,94.39,-10.51,18.28,705,4.81,1.56
1787165519.457,123,Prograsp_Forceps_Right,87.88,7.95,9.97,1632,5.38,3.13
1787165519.457,124,Prograsp_Forceps_Right,95.75,-7.21,15.52,861,5.10,3.57
1787165519.457,125,Grasping_Retractor_Right,93.02,14.58,12.97,1739,5.83,-0.51
1787165519.628,122,Monopolar_Curved_Scissors,93.62,-9.80,19.53,459,3.81,2.02
1787165519.628,123,Prograsp_Forceps_Right,88.70,6.32,8.46,733,4.20,1.41
1787165519.628,124,Prograsp_Forceps_Right,90.66,-6.57,12.94,461,3.36,3.27
1787165519.628,125,Grasping_Retractor_Right,93.11,11.38,10.71,612,4.20,-5.57
1787165519.799,122,Monopolar_Curved_Scissors,92.72,-8.98,20.98,709,3.93,0.93
1787165519.799,123,Prograsp_Forceps_Right,85.48,5.40,8.36,649,3.64,5.50
1787165519.799,124,Prograsp_Forceps_Right,88.50,-6.48,13.15,553,2.66,5.78
1787165519.799,125,Grasping_Retractor_Right,91.63,8.15,11.67,618,3.97,0.70
1787165519.998,122,Monopolar_Curved_Scissors,91.82,-8.15,22.43,539,4.54,0.90
1787165519.998,123,Prograsp_Forceps_Right,89.47,9.18,7.22,1041,4.78,1.82
1787165519.998,124,Prograsp_Forceps_Right,91.61,-3.48,10.39,567,5.07,3.75
1787165519.998,125,Grasping_Retractor_Right,91.49,4.49,9.57,884,4.93,2.18
1787165520.219,122,Monopolar_Curved_Scissors,90.81,-7.22,24.07,794,3.62,3.36
1787165520.219,123,Prograsp_Forceps_Right,100.45,8.97,4.71,203,1.39,14.65
1787165520.219,124,Prograsp_Forceps_Right,86.78,-2.77,8.36,567,2.59,-8.17
1787165520.219,125,Large_Needle_Driver_Left,91.28,5.20,2.59,334,4.44,-1.12
1787165520.636,122,Monopolar_Curved_Scissors,89.55,-10.68,16.46,945,3.55,-1.82
1787165520.636,123,Large_Needle_Driver_Left,96.10,10.17,7.49,822,2.33,-9.29
1787165520.636,124,Prograsp_Forceps_Right,92.51,8.59,7.73,867,2.38,-6.02
1787165520.636,125,Large_Needle_Driver_Left,86.71,12.65,0.85,700,2.13,1.38
1787165520.677,122,Monopolar_Curved_Scissors,87.22,-7.00,13.61,988,3.91,-3.52
1787165520.677,123,Large_Needle_Driver_Left,90.65,13.48,5.83,893,2.35,-4.38
1787165520.677,124,Prograsp_Forceps_Right,92.32,9.08,7.49,869,2.36,-5.87
1787165520.677,125,Large_Needle_Driver_Left,86.16,14.50,2.46,777,2.26,1.25
1787165521.130,122,Monopolar_Curved_Scissors,87.50,-3.42,13.42,1164,3.96,1.60
1787165521.130,123,Large_Needle_Driver_Left,83.10,17.55,4.40,1126,3.03,5.79
1787165521.130,124,Bipolar_Forceps,83.36,17.67,4.28,1134,3.10,5.55
1787165521.130,125,Large_Needle_Driver_Left,87.43,0.23,10.46,1248,3.26,1.17
1787165521.146,122,Monopolar_Curved_Scissors,86.21,-3.47,12.16,1142,3.79,3.10
1787165521.146,123,Large_Needle_Driver_Left,82.96,17.61,4.38,1120,3.04,5.92
1787165521.146,124,Bipolar_Forceps,83.12,18.76,4.45,1151,3.11,5.82
1787165521.146,125,Large_Needle_Driver_Left,86.19,-1.72,10.60,1201,3.40,2.56
1787165521.251,122,Monopolar_Curved_Scissors,85.70,-2.90,12.00,1069,4.57,-6.55
1787165521.251,123,Large_Needle_Driver_Left,81.78,18.17,4.14,1107,2.67,5.58
1787165521.251,124,Bipolar_Forceps,83.76,20.28,4.38,1263,2.91,3.70
1787165521.251,125,Large_Needle_Driver_Left,87.79,-2.40,9.64,976,3.81,-1.68
1787165521.383,122,Monopolar_Curved_Scissors,85.08,-2.23,11.81,1256,3.57,3.59
1787165521.383,123,Large_Needle_Driver_Left,83.98,19.39,5.03,1297,3.24,5.01
1787165521.383,124,Bipolar_Forceps,82.64,22.35,3.58,1254,3.24,6.33
1787165521.383,125,Large_Needle_Driver_Left,84.77,-5.90,9.56,994,3.12,5.52
1787165521.407,122,Monopolar_Curved_Scissors,84.98,-2.12,11.78,1256,3.59,3.69
1787165521.407,123,Large_Needle_Driver_Left,84.48,19.10,5.36,1325,3.27,4.56
1787165521.407,124,Bipolar_Forceps,82.45,22.69,3.45,1245,3.23,6.55
1787165521.407,125,Large_Needle_Driver_Left,84.44,-7.17,8.93,897,3.07,6.94
1787165521.552,122,Monopolar_Curved_Scissors,84.75,3.93,9.34,1596,3.07,2.65
1787165521.552,123,Large_Needle_Driver_Left,83.61,19.74,5.26,1296,3.11,5.51
1787165521.552,124,Bipolar_Forceps,81.39,24.65,2.70,948,2.97,7.30
1787165521.552,125,Large_Needle_Driver_Left,84.86,-9.27,7.69,1101,3.37,4.63
1787165521.801,122,Monopolar_Curved_Scissors,85.38,5.51,10.16,1075,2.66,1.54
1787165521.801,123,Large_Needle_Driver_Left,81.79,21.07,5.06,842,2.48,6.15
1787165521.801,124,Bipolar_Forceps,79.18,28.74,1.13,453,2.59,9.11
1787165521.801,125,Monopolar_Curved_Scissors,85.03,-10.12,6.61,887,3.27,4.65
1787165521.940,122,Monopolar_Curved_Scissors,85.62,3.38,15.63,266,4.09,4.69
1787165521.940,123,Large_Needle_Driver_Left,80.97,21.67,4.97,356,2.84,7.17
1787165521.940,124,Bipolar_Forceps,78.17,30.60,0.41,251,2.05,14.84
1787165521.940,125,Monopolar_Curved_Scissors,85.15,-9.86,9.83,243,3.89,-5.23
1787165522.056,122,Monopolar_Curved_Scissors,85.72,0.97,20.94,322,2.78,9.77
1787165522.056,123,Large_Needle_Driver_Left,80.23,22.21,4.88,908,6.95,-2.84
1787165522.056,124,Bipolar_Forceps,77.28,32.25,-0.22,619,3.75,7.00
1787165522.056,125,Monopolar_Curved_Scissors,90.09,-11.62,13.57,383,3.19,2.51
1787165522.166,122,Monopolar_Curved_Scissors,85.77,-0.33,24.64,285,2.43,10.63
1787165522.166,123,Large_Needle_Driver_Left,79.39,22.83,4.79,1179,6.06,2.19
1787165522.166,124,Bipolar_Forceps,76.25,34.15,-0.96,724,3.36,8.43
1787165522.166,125,Monopolar_Curved_Scissors,93.71,-12.40,16.23,393,3.35,-3.49
1787165522.280,122,Monopolar_Curved_Scissors,79.23,-0.75,24.27,984,2.64,-2.86
1787165522.280,123,Large_Needle_Driver_Left,78.55,23.44,4.70,1624,3.82,-7.84
1787165522.280,124,Bipolar_Forceps,75.22,36.03,-1.68,869,4.46,-6.21
1787165522.377,122,Monopolar_Curved_Scissors,76.24,-0.98,24.18,1098,2.92,-2.13
1787165522.377,123,Large_Needle_Driver_Left,77.90,23.92,4.62,1379,4.06,-7.52
1787165522.377,124,Bipolar_Forceps,74.43,37.49,-2.24,840,4.07,-1.25
1787165522.474,122,Monopolar_Curved_Scissors,74.88,-1.05,24.33,984,3.77,-8.39
1787165522.474,123,Large_Needle_Driver_Left,77.25,24.40,4.55,1410,4.76,-5.36
1787165522.474,124,Bipolar_Forceps,73.63,38.97,-2.81,703,3.15,2.12
1787165522.608,122,Monopolar_Curved_Scissors,74.21,-0.56,24.41,1073,2.91,0.07
1787165522.608,123,Large_Needle_Driver_Left,76.33,25.06,4.45,1696,3.94,-5.89
1787165522.810,126,Large_Needle_Driver_Left,77.19,-0.58,24.84,235,1.60,-7.70
1787165522.830,126,Large_Needle_Driver_Left,77.19,-0.67,24.87,235,1.60,-7.70
1787165522.946,126,Large_Needle_Driver_Left,77.19,-1.04,24.12,78,1.28,-6.78
1787165523.038,126,Large_Needle_Driver_Left,77.19,-1.09,24.03,47,0.81,-7.75
1787165523.359,126,Large_Needle_Driver_Left,92.88,-6.09,7.15,93,1.28,-16.07
1787165523.364,126,Large_Needle_Driver_Left,94.35,-4.51,5.65,59,1.65,1.57
1787165523.454,126,Large_Needle_Driver_Left,95.99,-7.36,4.72,69,1.16,-17.55
1787165523.580,126,Large_Needle_Driver_Left,96.89,-8.53,2.34,29,0.93,-11.99
1787165523.849,126,Monopolar_Curved_Scissors,97.39,-6.59,4.04,51,1.69,-0.72
1787165524.331,126,Monopolar_Curved_Scissors,95.26,-20.62,-10.97,750,5.35,-3.56
1787165524.331,127,Large_Needle_Driver_Right,93.83,2.89,23.94,25,0.44,5.45
1787165524.564,126,Monopolar_Curved_Scissors,94.41,-21.65,-9.64,235,3.16,-2.64
1787165524.564,127,UNKNOWN,74.98,4.98,19.93,201,1.26,-10.62
1787165524.760,126,Monopolar_Curved_Scissors,94.04,-19.49,-7.73,214,2.43,-0.16
1787165524.760,127,UNKNOWN,69.86,4.95,19.21,259,1.31,-8.29
1787165524.873,126,Monopolar_Curved_Scissors,93.86,-16.91,-7.32,305,3.08,-3.14
1787165524.873,127,UNKNOWN,64.14,5.10,17.94,277,1.52,-6.65
1787165525.033,126,Monopolar_Curved_Scissors,93.78,-17.94,-3.98,336,3.23,-14.46
1787165525.033,128,Prograsp_Forceps_Right,91.09,-17.49,24.61,158,1.20,9.61
1787165525.210,126,Monopolar_Curved_Scissors,85.21,-17.25,1.74,296,1.76,-5.20
1787165525.210,127,UNKNOWN,68.70,8.69,10.28,345,1.10,3.03
1787165525.210,128,UNKNOWN,76.26,-15.12,21.26,112,1.11,15.15
1787165525.364,126,Monopolar_Curved_Scissors,82.08,-17.05,3.59,108,1.06,14.21
1787165525.364,128,UNKNOWN,71.42,-14.33,20.19,28,0.82,14.64
1787165525.505,127,UNKNOWN,69.09,9.81,1.68,75,1.30,9.96
1787165525.725,126,Monopolar_Curved_Scissors,79.22,-17.60,4.97,120,1.50,-7.31
1787165525.725,127,UNKNOWN,69.74,16.64,1.11,66,1.02,-10.55
1787165525.755,126,Monopolar_Curved_Scissors,79.13,-17.62,5.00,120,1.50,-7.34
1787165525.755,127,UNKNOWN,69.54,16.74,0.94,66,1.02,-10.64
1787165525.958,126,Monopolar_Curved_Scissors,77.50,-18.08,5.65,1078,3.20,2.39
1787165525.958,127,UNKNOWN,65.79,18.57,-2.22,507,2.93,-2.13
1787165525.958,128,UNKNOWN,69.97,-12.29,19.84,426,3.18,6.59
1787165525.958,129,Grasping_Retractor_Right,91.58,45.66,35.18,111,1.09,-16.21
1787165526.159,126,Monopolar_Curved_Scissors,93.42,-13.92,12.18,1324,5.90,3.32
1787165526.159,127,UNKNOWN,62.35,20.26,-5.13,431,3.34,-0.44
1787165526.159,128,UNKNOWN,70.00,-14.14,18.80,478,2.46,9.60
1787165526.159,129,Grasping_Retractor_Right,91.56,45.64,35.21,135,1.26,-16.02
1787165526.252,126,Monopolar_Curved_Scissors,95.07,-12.77,12.67,211,2.76,9.64
1787165526.252,127,UNKNOWN,60.56,21.14,-6.63,696,2.95,0.74
1787165526.252,128,UNKNOWN,86.39,-17.81,22.74,331,0.87,7.88
1787165526.347,126,Monopolar_Curved_Scissors,95.66,-12.57,13.40,253,2.33,-13.85
1787165526.347,127,UNKNOWN,58.76,22.02,-8.15,698,2.25,0.75
1787165526.347,128,UNKNOWN,91.37,-16.45,23.41,197,1.67,-4.13
1787165526.558,126,Monopolar_Curved_Scissors,93.98,-10.19,16.16,744,4.53,3.76
1787165526.558,127,UNKNOWN,88.45,14.39,9.93,1798,5.50,2.34
1787165526.558,128,UNKNOWN,92.76,-11.81,18.83,665,4.56,1.61
1787165526.558,129,Grasping_Retractor_Right,91.54,45.60,35.27,405,4.72,-7.86
1787165526.659,126,Monopolar_Curved_Scissors,101.02,-8.09,17.67,795,5.42,-6.24
1787165526.659,127,UNKNOWN,95.21,9.52,10.71,1151,5.01,-3.86
1787165526.659,128,UNKNOWN,93.25,-11.37,18.37,779,4.21,2.98
1787165526.659,129,Grasping_Retractor_Right,91.53,45.60,35.29,250,2.95,-1.65
1787165526.752,126,Monopolar_Curved_Scissors,98.95,-7.59,15.60,408,3.23,-3.44
1787165526.752,127,UNKNOWN,94.15,7.43,8.97,601,4.07,-2.73
1787165526.752,128,UNKNOWN,93.66,-11.00,17.99,429,3.58,2.13
1787165526.752,129,Grasping_Retractor_Right,91.53,45.59,35.30,205,2.38,-4.95
1787165526.939,126,Monopolar_Curved_Scissors,96.00,-7.21,15.51,572,3.86,-3.68
1787165526.939,127,UNKNOWN,93.64,7.84,11.25,640,5.01,-0.55
1787165526.939,128,UNKNOWN,94.48,-10.27,17.22,591,4.10,-2.77
1787165526.939,129,Grasping_Retractor_Right,91.51,45.57,35.33,445,4.67,-8.02
1787165526.953,126,Monopolar_Curved_Scissors,95.44,-5.15,13.06,539,3.91,-3.11
1787165526.953,127,UNKNOWN,93.25,8.97,9.42,695,4.86,-0.96
1787165526.953,128,UNKNOWN,94.58,-10.18,17.13,588,4.06,-3.05
1787165526.953,129,Grasping_Retractor_Right,91.51,45.57,35.33,445,4.67,-8.02
1787165527.067,126,Monopolar_Curved_Scissors,90.26,-3.73,10.60,676,2.87,-7.25
1787165527.067,127,Prograsp_Forceps_Right,100.47,8.90,6.28,266,1.88,14.03
1787165527.067,128,UNKNOWN,95.13,-9.69,16.61,803,3.34,-3.16
1787165527.414,126,Monopolar_Curved_Scissors,94.11,7.68,9.01,845,3.07,-5.82
1787165527.414,127,Prograsp_Forceps_Right,97.66,10.08,7.64,801,3.02,-9.30
1787165527.414,128,UNKNOWN,73.78,-8.73,12.96,515,4.25,4.50
1787165527.530,126,Monopolar_Curved_Scissors,89.00,13.91,6.03,926,3.22,0.73
1787165527.530,127,Prograsp_Forceps_Right,90.59,14.01,5.53,906,3.25,-0.70
1787165527.530,128,UNKNOWN,72.01,-5.08,10.40,424,2.82,9.72
1787165527.663,126,Monopolar_Curved_Scissors,84.76,17.33,4.80,1197,3.23,4.49
1787165527.663,127,Prograsp_Forceps_Right,85.56,16.65,4.59,1194,3.26,3.64
1787165527.663,128,UNKNOWN,81.09,-3.31,11.74,1002,4.05,8.73
1787165527.772,126,Monopolar_Curved_Scissors,84.72,19.75,4.69,1392,3.14,4.20
1787165527.772,127,Prograsp_Forceps_Right,85.07,17.21,4.19,1315,3.24,3.76
1787165527.772,128,UNKNOWN,85.71,-2.03,9.88,1005,3.55,2.83
1787165527.857,126,Monopolar_Curved_Scissors,84.74,20.47,4.93,1344,3.36,4.29
1787165527.857,127,Prograsp_Forceps_Right,84.65,17.69,3.84,1201,3.16,4.28
1787165527.857,128,UNKNOWN,84.26,-4.42,9.47,1092,3.16,5.55
1787165527.937,126,Monopolar_Curved_Scissors,84.23,22.14,4.64,1373,3.32,4.58
1787165527.937,127,Prograsp_Forceps_Right,84.82,18.48,5.16,1463,3.11,4.16
1787165527.937,128,UNKNOWN,84.02,-6.34,8.46,1159,3.23,4.99
1787165528.039,126,Monopolar_Curved_Scissors,83.70,23.93,4.32,1161,3.18,6.31
1787165528.039,127,Prograsp_Forceps_Right,85.11,11.03,7.22,1484,3.19,4.26
1787165528.039,128,UNKNOWN,84.49,-7.79,7.28,1149,3.57,4.98
1787165528.231,126,Monopolar_Curved_Scissors,82.64,27.45,3.70,385,3.85,6.66
1787165528.231,127,Prograsp_Forceps_Right,75.38,6.44,8.27,188,6.18,6.19
1787165528.231,128,Monopolar_Curved_Scissors,84.79,-8.37,6.24,214,3.29,-3.18
1787165528.338,126,Monopolar_Curved_Scissors,82.05,29.42,3.35,511,3.68,2.99
1787165528.338,127,Prograsp_Forceps_Right,72.21,3.12,12.69,78,4.94,6.42
1787165528.338,128,Monopolar_Curved_Scissors,90.04,-9.03,10.03,743,3.18,2.78
1787165528.463,126,Monopolar_Curved_Scissors,81.38,31.65,2.96,646,4.74,4.68
1787165528.463,127,Prograsp_Forceps_Right,70.74,0.28,17.38,58,0.96,7.85
1787165528.463,128,Monopolar_Curved_Scissors,93.43,-10.89,13.73,399,3.15,0.82
1787165528.592,126,Monopolar_Curved_Scissors,80.71,33.85,2.57,723,3.20,-9.35
1787165528.592,127,Large_Needle_Driver_Left,72.38,-1.12,21.12,1091,2.51,2.40
1787165528.697,126,Monopolar_Curved_Scissors,80.11,35.86,2.22,660,3.11,-9.33
1787165528.697,127,Large_Needle_Driver_Left,72.95,-1.61,22.67,1035,3.58,0.35
1787165528.793,126,Monopolar_Curved_Scissors,79.59,37.60,1.91,566,4.19,-1.07
1787165528.793,127,Large_Needle_Driver_Left,73.43,-1.77,23.78,1087,3.65,-7.83
1787165528.793,128,Monopolar_Curved_Scissors,95.80,-13.91,16.53,59,1.83,-16.30
1787165528.903,126,Monopolar_Curved_Scissors,79.02,39.49,1.58,666,3.86,-5.37
1787165528.903,127,Large_Needle_Driver_Left,73.76,-1.33,24.29,1094,2.91,0.81
1787165528.903,128,Monopolar_Curved_Scissors,95.90,-14.99,14.93,32,0.69,-9.69
1787165529.093,130,Large_Needle_Driver_Left,77.19,-0.58,24.84,235,1.60,-7.70
1787165529.099,130,Large_Needle_Driver_Left,77.19,-0.67,24.87,235,1.60,-7.70
1787165529.227,130,Large_Needle_Driver_Left,77.19,-1.03,24.13,78,1.28,-6.80
1787165529.435,130,Large_Needle_Driver_Left,89.91,-3.63,8.71,56,2.71,-8.04
1787165529.565,130,Large_Needle_Driver_Left,93.98,-5.90,4.77,98,2.20,13.06
1787165529.961,130,Monopolar_Curved_Scissors,96.66,-6.05,3.67,29,1.55,-3.80
1787165530.097,130,Monopolar_Curved_Scissors,96.51,-7.60,4.34,28,1.90,4.68
1787165530.223,130,Monopolar_Curved_Scissors,97.98,-8.20,2.88,76,1.23,1.25
1787165530.547,130,Monopolar_Curved_Scissors,96.44,-20.94,-10.06,418,3.15,-0.62
1787165530.657,130,Monopolar_Curved_Scissors,94.38,-21.29,-10.22,680,5.38,3.28
1787165530.865,130,Monopolar_Curved_Scissors,93.50,-22.93,-9.87,308,3.08,-2.41
1787165530.959,130,Monopolar_Curved_Scissors,93.12,-20.25,-7.99,388,2.42,-0.59
1787165530.959,131,UNKNOWN,90.40,3.75,24.02,53,1.69,3.21
1787165531.297,130,Monopolar_Curved_Scissors,92.93,-16.52,-7.49,278,3.12,-2.85
1787165531.297,131,Prograsp_Forceps_Right,115.99,-16.53,31.37,488,4.12,10.90
1787165531.445,130,Monopolar_Curved_Scissors,92.81,-17.69,-3.81,426,4.57,-10.23
1787165531.445,131,UNKNOWN,96.13,-18.61,26.09,146,1.97,13.50
1787165531.561,130,Monopolar_Curved_Scissors,92.75,-18.61,1.64,103,1.66,0.54
1787165531.561,131,UNKNOWN,89.24,-18.70,24.93,70,0.84,12.35
1787165531.674,131,UNKNOWN,112.64,-24.23,30.47,226,4.31,1.47
1787165531.912,130,Monopolar_Curved_Scissors,88.59,-17.43,-2.09,150,1.51,-8.33
1787165531.912,131,Prograsp_Forceps_Right,127.02,-27.83,34.15,80,1.15,-16.84
1787165532.012,130,Monopolar_Curved_Scissors,88.35,-17.63,-2.31,67,1.90,11.43
1787165532.101,130,Monopolar_Curved_Scissors,88.12,-17.82,-2.52,44,0.76,18.74
1787165532.191,130,Monopolar_Curved_Scissors,87.90,-17.99,-2.71,1604,6.79,3.98
1787165532.191,131,UNKNOWN,91.97,-17.74,25.81,1182,3.57,-6.33
1787165532.401,130,Monopolar_Curved_Scissors,87.40,-18.40,-3.16,1214,6.21,4.27
1787165532.401,131,UNKNOWN,91.33,-19.69,24.51,1286,3.45,-4.47
1787165532.401,132,UNKNOWN,92.69,-11.96,10.89,1198,5.46,1.60
1787165532.484,130,Monopolar_Curved_Scissors,87.17,-18.59,-3.37,170,1.18,16.87
1787165532.484,131,UNKNOWN,91.40,-19.70,24.15,377,1.35,6.31
1787165532.484,132,UNKNOWN,88.45,-11.99,11.20,212,2.88,-12.33
1787165532.597,130,Monopolar_Curved_Scissors,86.92,-18.79,-3.60,210,1.27,-14.85
1787165532.597,131,UNKNOWN,91.26,-17.28,23.47,219,1.53,-5.05
1787165532.597,132,UNKNOWN,88.45,-13.86,11.60,356,1.99,-11.65
1787165532.693,130,Monopolar_Curved_Scissors,86.70,-18.97,-3.79,519,3.39,-10.19
1787165532.693,131,UNKNOWN,91.54,-13.30,19.62,657,4.53,2.75
1787165532.693,132,UNKNOWN,91.52,-11.49,15.06,689,4.36,6.32
1787165532.823,130,Monopolar_Curved_Scissors,86.39,-19.22,-4.07,73,1.49,9.96
1787165532.823,131,UNKNOWN,98.85,-9.60,18.32,792,5.11,-1.50
1787165532.823,132,UNKNOWN,91.86,-13.29,15.90,716,3.58,4.92
1787165532.823,133,Prograsp_Forceps_Right,96.31,8.98,11.46,1094,5.10,-4.60
1787165533.073,131,UNKNOWN,101.16,-8.21,14.65,326,4.36,-1.44
1787165533.073,132,UNKNOWN,92.59,-17.03,17.66,432,3.45,7.55
1787165533.073,133,Prograsp_Forceps_Right,91.41,6.26,8.35,699,4.68,1.08
1787165533.192,131,UNKNOWN,96.51,-7.58,14.32,507,4.12,-3.84
1787165533.192,132,UNKNOWN,92.92,-18.75,18.46,585,3.81,4.70
1787165533.192,133,Prograsp_Forceps_Right,90.01,7.16,10.60,538,4.51,1.90
1787165533.299,131,Prograsp_Forceps_Right,92.06,-4.42,10.94,492,4.22,2.15
1787165533.299,132,UNKNOWN,93.24,-20.41,19.24,593,2.85,5.33
1787165533.299,133,Large_Needle_Driver_Left,88.96,8.71,8.29,887,4.12,0.91
1787165533.413,131,Prograsp_Forceps_Right,90.14,-7.86,13.28,907,3.06,-5.06
1787165533.413,132,UNKNOWN,93.57,-22.10,20.03,1160,4.25,1.15
1787165533.413,133,Large_Needle_Driver_Left,92.36,9.72,8.22,708,1.98,-7.70
1787165533.670,131,Prograsp_Forceps_Right,87.94,-4.95,11.46,897,3.97,2.19
1787165533.670,132,UNKNOWN,94.28,-25.80,21.76,708,2.17,4.41
1787165533.670,133,Large_Needle_Driver_Left,87.54,14.58,5.23,898,3.15,1.46
1787165533.687,131,Prograsp_Forceps_Right,88.26,-4.11,12.31,930,4.20,2.12
1787165533.687,132,UNKNOWN,94.29,-25.86,21.79,709,2.17,4.38
1787165533.687,133,Large_Needle_Driver_Left,85.21,16.14,4.79,821,2.83,2.46
1787165533.876,131,Monopolar_Curved_Scissors,84.13,-3.35,10.66,927,4.21,5.32
1787165533.876,132,UNKNOWN,94.87,-28.87,23.20,922,2.19,1.64
1787165533.876,133,Large_Needle_Driver_Left,84.72,19.25,4.46,1376,3.17,4.19
1787165533.980,131,Monopolar_Curved_Scissors,82.86,-5.26,9.75,904,3.23,8.92
1787165533.980,132,UNKNOWN,95.16,-30.38,23.91,1259,3.15,-1.12
1787165533.980,133,Large_Needle_Driver_Left,84.74,19.79,4.82,1239,3.26,3.09
1787165534.083,131,Monopolar_Curved_Scissors,82.82,-6.86,8.51,1074,3.22,6.23
1787165534.083,132,UNKNOWN,95.44,-31.82,24.58,1410,3.34,-3.37
1787165534.083,133,Bipolar_Forceps,84.66,19.45,5.16,1440,3.17,4.30
1787165534.215,131,Monopolar_Curved_Scissors,83.44,-8.19,7.12,1082,3.56,6.07
1787165534.215,133,Large_Needle_Driver_Left,84.94,11.54,7.15,1472,3.16,4.44
1787165534.315,131,Monopolar_Curved_Scissors,84.13,-8.56,6.38,914,3.35,5.20
1787165534.315,133,Large_Needle_Driver_Left,85.34,7.86,9.14,1084,2.54,1.63
1787165534.437,131,Monopolar_Curved_Scissors,84.48,-8.66,9.31,238,4.44,-2.30
1787165534.437,133,Large_Needle_Driver_Left,85.54,3.82,15.09,261,4.49,5.11
1787165534.544,131,Monopolar_Curved_Scissors,89.52,-10.57,13.08,411,3.28,2.81
1787165534.544,133,Large_Needle_Driver_Left,85.65,0.54,20.80,323,2.81,9.60
1787165534.669,131,Monopolar_Curved_Scissors,93.16,-11.43,15.72,438,3.36,-2.84
1787165534.669,133,Large_Needle_Driver_Left,85.72,-1.14,24.63,274,2.50,10.57
1787165534.799,133,Large_Needle_Driver_Left,79.02,-1.76,24.47,987,2.68,-2.52
1787165535.027,131,Monopolar_Curved_Scissors,95.96,-13.62,15.47,67,2.16,-16.69
1787165535.027,133,Large_Needle_Driver_Left,74.67,-2.09,24.36,1049,3.57,-7.94
1787165535.149,133,Large_Needle_Driver_Left,74.44,-1.95,24.61,1072,2.71,0.03
1787165535.361,134,Large_Needle_Driver_Left,75.38,-0.45,24.17,218,1.56,-7.55
1787165535.520,134,Large_Needle_Driver_Left,75.38,-0.53,24.23,79,1.34,-7.35
1787165535.617,134,Large_Needle_Driver_Left,75.38,-0.68,24.29,81,1.03,-7.12
1787165535.736,134,Large_Needle_Driver_Left,75.38,-1.06,23.52,95,1.18,-6.03
1787165535.846,134,Large_Needle_Driver_Left,75.38,-1.14,23.44,52,0.73,-8.03
1787165535.955,134,Large_Needle_Driver_Left,89.89,-2.21,9.72,221,1.57,-11.64
1787165536.057,134,Large_Needle_Driver_Left,81.99,0.28,6.37,295,2.09,13.97
1787165536.143,134,Large_Needle_Driver_Left,78.58,2.14,8.70,363,2.39,11.02
1787165536.322,134,Large_Needle_Driver_Left,76.59,6.89,7.93,199,1.78,10.52
1787165536.529,134,Large_Needle_Driver_Left,79.87,5.20,16.45,397,1.90,-13.73
1787165536.662,134,Large_Needle_Driver_Left,80.54,-2.38,18.14,178,0.96,-10.59
1787165536.662,135,Monopolar_Curved_Scissors,96.05,-24.12,-12.36,340,2.66,-2.74
1787165536.880,134,Large_Needle_Driver_Left,80.87,-7.15,18.03,203,1.37,-7.75
1787165536.880,135,Monopolar_Curved_Scissors,93.58,-21.54,-9.97,631,5.09,-2.26
1787165537.082,134,Large_Needle_Driver_Left,85.03,-9.31,19.80,115,2.15,-4.89
1787165537.082,135,Monopolar_Curved_Scissors,92.73,-22.01,-8.47,321,3.02,-1.03
1787165537.388,134,Large_Needle_Driver_Left,84.67,-10.49,20.23,241,2.67,-4.66
1787165537.388,135,Monopolar_Curved_Scissors,92.41,-17.58,-6.56,480,3.36,-1.84
1787165537.500,134,Large_Needle_Driver_Left,110.62,-17.74,28.82,287,3.86,-9.98
1787165537.500,135,Monopolar_Curved_Scissors,92.42,-15.47,-6.16,277,2.86,-1.17
1787165537.628,134,Large_Needle_Driver_Left,97.71,-18.60,26.06,152,1.97,12.94
1787165537.628,135,Monopolar_Curved_Scissors,92.41,-16.66,-2.94,443,4.36,-10.21
1787165537.740,134,Large_Needle_Driver_Left,91.93,-18.54,25.50,50,0.76,12.28
1787165537.740,135,Monopolar_Curved_Scissors,92.42,-17.85,2.13,101,1.62,1.53
1787165537.977,134,Large_Needle_Driver_Left,120.98,-25.30,32.57,598,5.57,-2.96
1787165537.977,135,Monopolar_Curved_Scissors,83.23,-16.83,4.55,100,1.34,7.86
1787165538.090,134,Large_Needle_Driver_Left,129.24,-27.01,34.72,30,0.44,-18.94
1787165538.090,135,Monopolar_Curved_Scissors,84.90,-16.30,-0.53,137,1.52,-6.99
1787165538.217,135,Monopolar_Curved_Scissors,84.01,-15.83,0.15,25,1.43,-4.22
1787165538.475,134,Large_Needle_Driver_Left,92.41,-16.91,26.03,1111,3.58,-6.48
1787165538.475,135,Monopolar_Curved_Scissors,82.26,-14.91,1.48,1280,6.83,-0.17
1787165538.630,134,Large_Needle_Driver_Left,96.56,-19.89,26.08,1154,5.18,-7.52
1787165538.630,135,Monopolar_Curved_Scissors,93.66,-13.44,11.42,1340,5.88,3.19
1787165538.743,134,Large_Needle_Driver_Left,98.25,-20.52,26.03,126,1.42,5.37
1787165538.743,135,Monopolar_Curved_Scissors,95.12,-12.42,12.65,223,2.80,-10.04
1787165538.884,134,Large_Needle_Driver_Left,98.27,-21.07,26.07,233,1.88,7.91
1787165538.884,135,Monopolar_Curved_Scissors,88.22,-12.09,12.09,186,2.80,-12.32
1787165539.006,134,Large_Needle_Driver_Left,94.18,-16.73,24.10,976,3.48,-1.44
1787165539.006,135,Monopolar_Curved_Scissors,87.85,-11.49,13.43,677,1.38,3.81
1787165539.152,134,Large_Needle_Driver_Left,93.33,-12.33,19.45,646,4.64,1.26
1787165539.152,135,Monopolar_Curved_Scissors,91.47,-9.92,16.07,769,4.64,4.50
1787165539.152,136,UNKNOWN,94.22,8.94,10.36,1700,5.80,-1.53
1787165539.265,134,Large_Needle_Driver_Left,92.84,-11.84,18.75,773,4.09,3.15
1787165539.265,135,Monopolar_Curved_Scissors,90.05,-7.81,14.22,843,4.17,5.73
1787165539.265,136,UNKNOWN,92.58,6.95,8.78,1303,4.84,-0.52
1787165539.373,134,Large_Needle_Driver_Left,92.47,-11.47,18.21,679,3.35,2.35
1787165539.373,135,Monopolar_Curved_Scissors,89.51,-7.13,14.55,590,2.67,4.59
1787165539.373,136,Prograsp_Forceps_Right,91.95,7.66,11.04,636,3.90,0.36
1787165539.478,134,Large_Needle_Driver_Left,92.10,-11.10,17.68,537,4.26,1.04
1787165539.478,135,Monopolar_Curved_Scissors,92.31,-4.32,12.26,577,4.95,3.22
1787165539.478,136,Prograsp_Forceps_Right,91.65,9.15,8.99,973,4.94,0.51
1787165539.578,134,Large_Needle_Driver_Left,91.72,-10.72,17.13,795,3.04,0.78
1787165539.578,135,Monopolar_Curved_Scissors,88.74,-3.30,10.31,654,2.75,-6.95
1787165539.578,136,Prograsp_Forceps_Right,99.61,9.11,6.23,270,1.90,14.09
1787165539.834,134,Large_Needle_Driver_Left,104.17,16.92,6.54,433,2.37,-15.84
1787165539.834,135,Monopolar_Curved_Scissors,86.25,-3.14,11.14,1020,3.90,-6.22
1787165539.834,136,Large_Needle_Driver_Left,90.31,14.49,4.84,882,2.39,-4.17
1787165539.948,134,Large_Needle_Driver_Left,91.24,18.86,4.61,1199,3.55,-0.92
1787165539.948,135,Monopolar_Curved_Scissors,87.72,-2.52,12.64,1113,5.45,0.91
1787165539.948,136,Large_Needle_Driver_Left,99.66,20.15,5.15,879,3.95,-6.73
1787165540.084,134,Large_Needle_Driver_Left,90.57,21.76,2.99,1240,3.62,-1.10
1787165540.084,135,Monopolar_Curved_Scissors,88.24,-1.61,10.54,1031,3.64,2.30
1787165540.084,136,Large_Needle_Driver_Left,103.77,23.55,5.70,582,3.70,-9.13
1787165540.186,134,Large_Needle_Driver_Left,90.05,24.01,1.73,1171,3.57,-1.37
1787165540.186,135,Monopolar_Curved_Scissors,85.52,-4.42,10.15,1156,3.95,1.68
1787165540.186,136,Large_Needle_Driver_Left,105.38,24.51,6.28,452,3.91,-1.31
1787165540.289,134,Large_Needle_Driver_Left,89.57,26.10,0.56,1064,3.35,-1.60
1787165540.289,135,Monopolar_Curved_Scissors,85.51,-6.55,9.18,1139,5.43,-2.18
1787165540.289,136,Bipolar_Forceps,106.08,24.26,6.77,330,3.78,-3.54
1787165540.386,134,Large_Needle_Driver_Left,89.12,28.07,-0.54,760,3.25,0.96
1787165540.386,135,Monopolar_Curved_Scissors,85.31,-7.96,7.96,1142,3.55,3.67
1787165540.386,136,Large_Needle_Driver_Left,95.15,14.57,7.86,1363,3.69,-4.85
1787165540.498,134,Large_Needle_Driver_Left,88.57,30.43,-1.87,569,2.98,3.99
1787165540.498,135,Monopolar_Curved_Scissors,85.21,-8.44,7.09,945,3.45,2.81
1787165540.498,136,Large_Needle_Driver_Left,90.00,9.35,9.55,957,2.55,-2.28
1787165540.639,134,Large_Needle_Driver_Left,87.89,33.39,-3.52,578,2.37,5.97
1787165540.639,135,Monopolar_Curved_Scissors,84.05,-8.50,9.86,908,3.98,2.07
1787165540.639,136,Large_Needle_Driver_Left,88.85,4.36,15.85,880,4.14,-1.01
1787165540.785,134,Large_Needle_Driver_Left,87.10,36.80,-5.44,924,3.13,7.68
1787165540.785,135,Monopolar_Curved_Scissors,89.66,-10.69,13.95,452,4.00,4.49
1787165540.785,136,Large_Needle_Driver_Left,88.34,0.27,22.37,443,3.99,6.70
1787165540.926,134,Large_Needle_Driver_Left,86.41,39.80,-7.11,667,2.46,12.89
1787165540.926,135,Monopolar_Curved_Scissors,91.96,-11.34,16.24,96,3.26,-5.13
1787165540.926,136,Large_Needle_Driver_Left,96.24,-1.59,28.64,111,2.64,5.97
1787165541.054,134,Large_Needle_Driver_Left,85.81,42.40,-8.57,434,4.10,4.63
1787165541.054,135,Monopolar_Curved_Scissors,92.51,-13.53,15.04,357,3.36,-8.13
1787165541.054,136,Large_Needle_Driver_Left,99.53,-2.16,31.13,247,3.52,3.85
1787165541.162,134,Large_Needle_Driver_Left,85.26,44.79,-9.91,345,3.95,7.83
1787165541.162,135,Monopolar_Curved_Scissors,92.72,-13.16,15.26,616,4.52,-0.07
1787165541.162,136,Large_Needle_Driver_Left,100.96,-2.40,32.45,270,3.51,1.92
1787165541.297,135,Monopolar_Curved_Scissors,92.83,-13.44,16.58,61,1.90,-14.22
1787165541.297,136,Large_Needle_Driver_Left,101.66,-2.45,33.39,151,1.55,5.92
1787165541.447,135,Monopolar_Curved_Scissors,92.86,-14.66,14.62,57,1.61,-8.02
1787165541.447,136,Large_Needle_Driver_Left,101.96,-1.64,33.65,139,1.32,2.53
1787165541.584,135,Monopolar_Curved_Scissors,92.84,-14.77,12.88,261,2.24,-8.31
1787165541.584,136,Large_Needle_Driver_Left,102.02,-1.45,33.77,126,1.83,12.75
1787165541.861,137,Large_Needle_Driver_Left,101.63,-0.94,32.76,114,1.93,15.67
1787165542.004,137,Large_Needle_Driver_Left,104.59,-1.49,32.57,67,2.24,-3.77
1787165542.004,138,Monopolar_Curved_Scissors,92.59,-15.11,10.42,49,1.16,8.78
1787165542.123,137,Large_Needle_Driver_Left,104.99,-1.58,32.54,42,1.19,-0.99
1787165542.123,138,Monopolar_Curved_Scissors,92.59,-8.75,5.40,35,1.06,-16.17
1787165542.240,137,Large_Needle_Driver_Left,105.38,-1.67,32.52,119,2.45,-3.62
1787165542.240,138,Monopolar_Curved_Scissors,92.59,-7.28,4.08,90,0.98,-17.71
1787165542.380,137,Large_Needle_Driver_Left,105.83,-1.77,32.50,302,3.92,-1.75
1787165542.380,138,Monopolar_Curved_Scissors,92.59,-3.95,3.57,115,2.04,15.03
1787165542.503,137,Large_Needle_Driver_Left,106.25,-1.86,32.47,181,2.72,-2.89
1787165542.503,138,Monopolar_Curved_Scissors,92.59,-6.74,4.30,100,2.25,13.29
1787165542.655,137,Large_Needle_Driver_Left,106.43,4.34,18.36,37,0.28,0.46
1787165542.768,138,Monopolar_Curved_Scissors,92.59,-5.85,4.52,93,1.32,-17.23
1787165542.882,137,Large_Needle_Driver_Left,106.59,9.91,11.27,29,0.52,10.99
1787165542.882,138,Monopolar_Curved_Scissors,92.59,-6.88,5.06,147,2.31,13.08
1787165543.113,137,Large_Needle_Driver_Left,89.51,6.21,17.42,184,1.85,-14.41
1787165543.113,138,Monopolar_Curved_Scissors,85.12,-9.59,17.57,303,2.37,5.92
1787165543.231,137,Large_Needle_Driver_Left,84.44,4.98,19.72,167,1.28,-15.58
1787165543.231,138,Monopolar_Curved_Scissors,82.94,-8.56,18.59,107,1.01,-8.90
1787165543.231,139,Monopolar_Curved_Scissors,92.59,-24.49,-12.25,423,3.49,8.51
1787165543.404,137,Large_Needle_Driver_Left,81.74,5.29,18.98,213,1.36,-14.24
1787165543.404,138,Monopolar_Curved_Scissors,82.39,-7.89,19.98,248,1.47,-2.30
1787165543.404,139,Monopolar_Curved_Scissors,102.02,-25.57,-13.04,336,2.08,-2.19
1787165543.731,137,Large_Needle_Driver_Left,81.81,4.91,21.53,218,1.31,-12.97
1787165543.731,138,Monopolar_Curved_Scissors,82.18,-8.73,19.52,233,1.65,-2.82
1787165543.731,139,Monopolar_Curved_Scissors,109.63,-24.89,-11.32,411,3.51,-2.59
1787165543.921,137,Large_Needle_Driver_Left,74.29,3.32,19.40,260,1.34,-9.56
1787165543.921,138,Monopolar_Curved_Scissors,74.85,-7.64,18.13,220,1.39,-4.12
1787165543.921,139,Monopolar_Curved_Scissors,111.21,-22.57,-10.62,785,5.48,-7.28
1787165544.346,137,Large_Needle_Driver_Left,83.17,3.22,22.47,186,1.25,-12.38
1787165544.346,138,Monopolar_Curved_Scissors,83.71,-9.23,20.53,130,1.84,-4.42
1787165544.346,139,Monopolar_Curved_Scissors,115.88,-26.98,-10.04,600,4.52,-7.53
1787165544.696,137,Large_Needle_Driver_Left,85.65,3.85,22.93,141,1.12,-13.57
1787165544.696,138,Monopolar_Curved_Scissors,86.05,-7.53,18.49,69,1.53,-10.48
1787165544.696,139,Monopolar_Curved_Scissors,128.48,-25.18,-8.19,640,4.64,-5.94
1787165544.910,137,Large_Needle_Driver_Left,85.31,3.90,23.03,166,1.28,-12.60
1787165544.910,138,Monopolar_Curved_Scissors,116.27,-17.88,30.09,619,3.93,10.32
1787165544.910,139,Monopolar_Curved_Scissors,133.38,-22.21,-8.59,319,3.18,-10.92
1787165545.085,138,Monopolar_Curved_Scissors,98.19,-18.50,26.35,113,1.30,8.80
1787165545.085,139,Monopolar_Curved_Scissors,130.09,-23.72,-3.86,217,2.88,-8.83
1787165545.470,137,UNKNOWN,86.64,9.71,13.68,66,0.80,16.59
1787165545.470,138,Monopolar_Curved_Scissors,89.57,-18.09,25.44,57,0.80,12.73
1787165545.470,139,Monopolar_Curved_Scissors,128.46,-25.42,5.89,520,4.17,0.13
1787165545.721,137,UNKNOWN,86.71,11.48,3.33,39,1.01,-0.10
1787165545.721,138,Monopolar_Curved_Scissors,121.37,-25.09,32.87,427,4.43,-4.64
1787165545.721,139,Monopolar_Curved_Scissors,127.74,-26.38,7.56,349,4.08,-0.10
1787165545.839,137,UNKNOWN,86.73,18.64,2.58,165,2.68,2.77
1787165545.839,138,Monopolar_Curved_Scissors,124.15,-26.18,33.91,95,1.38,-16.05
1787165545.839,139,Monopolar_Curved_Scissors,128.46,-26.54,8.78,173,3.45,-8.35
1787165546.152,137,UNKNOWN,86.70,21.47,-0.84,1122,6.21,1.60
1787165546.152,138,UNKNOWN,89.00,-17.90,24.27,1496,3.48,-3.57
1787165546.152,139,Monopolar_Curved_Scissors,100.05,-15.45,12.55,1457,3.17,-5.66
1787165546.152,140,Grasping_Retractor_Right,92.15,45.77,35.95,63,0.81,-16.34
1787165546.305,137,UNKNOWN,86.69,22.83,-2.47,1080,6.30,-4.62
1787165546.305,138,Monopolar_Curved_Scissors,104.78,-21.67,27.85,140,1.32,-13.09
1787165546.305,139,Monopolar_Curved_Scissors,102.34,-13.63,13.87,297,1.93,6.56
1787165546.620,137,UNKNOWN,92.44,1.08,4.47,1387,3.31,-1.06
1787165546.620,138,UNKNOWN,96.52,-6.66,11.19,662,2.97,-8.35
1787165546.620,139,Monopolar_Curved_Scissors,103.29,-14.39,14.35,100,1.49,-17.88
1787165546.655,137,UNKNOWN,92.49,0.98,4.42,1386,3.30,-1.13
1787165546.655,138,UNKNOWN,96.50,-6.54,11.04,671,2.97,-8.14
1787165546.655,139,Monopolar_Curved_Scissors,98.32,-14.55,18.51,149,2.54,-5.08
1787165546.753,137,UNKNOWN,92.00,8.71,9.02,1741,5.52,0.08
1787165546.753,138,UNKNOWN,94.29,-8.02,14.02,868,4.61,3.48
1787165546.753,139,Monopolar_Curved_Scissors,94.78,-11.55,18.08,661,4.66,2.72
1787165546.753,140,Grasping_Retractor_Right,92.15,45.54,36.68,363,4.69,-7.82
1787165546.830,137,UNKNOWN,95.99,7.42,10.24,1150,5.11,-3.24
1787165546.830,138,UNKNOWN,93.99,-7.44,13.35,905,4.69,2.23
1787165546.830,139,Monopolar_Curved_Scissors,99.81,-8.79,18.52,798,5.37,-2.80
1787165546.830,140,Grasping_Retractor_Right,92.15,45.50,36.79,252,2.94,-0.97
1787165546.936,137,UNKNOWN,94.40,6.44,8.79,603,4.14,-2.41
1787165546.936,138,UNKNOWN,95.57,-7.28,12.99,393,3.31,0.22
1787165546.936,139,Monopolar_Curved_Scissors,98.81,-7.79,19.53,392,3.50,-3.41
1787165546.936,140,Grasping_Retractor_Right,92.15,45.46,36.92,210,2.51,-3.81
1787165547.150,137,UNKNOWN,93.47,7.57,11.36,526,4.97,-0.12
1787165547.150,138,Monopolar_Curved_Scissors,94.19,-7.03,13.81,505,3.90,-0.39
1787165547.150,139,Monopolar_Curved_Scissors,96.87,-5.84,21.52,559,3.93,-3.07
1787165547.150,140,Grasping_Retractor_Right,92.15,45.38,37.18,380,5.16,6.32
1787165547.240,137,Large_Needle_Driver_Left,117.00,9.71,7.74,125,3.70,-3.13
1787165547.240,138,Monopolar_Curved_Scissors,90.06,-4.65,10.52,491,4.32,4.43
1787165547.240,139,Monopolar_Curved_Scissors,95.96,-4.93,22.45,489,3.54,-2.20
1787165547.345,137,Large_Needle_Driver_Left,105.75,10.21,8.05,283,2.33,-16.31
1787165547.345,138,Monopolar_Curved_Scissors,89.51,-7.87,13.21,959,3.50,-3.23
1787165547.345,139,Monopolar_Curved_Scissors,94.93,-3.89,23.50,989,3.24,-2.49
1787165547.547,137,Large_Needle_Driver_Left,90.75,15.60,5.44,897,3.36,-0.03
1787165547.547,138,Monopolar_Curved_Scissors,88.62,-4.41,13.11,928,4.20,2.37
1787165547.547,139,Monopolar_Curved_Scissors,89.39,-2.60,14.67,963,4.31,1.71
1787165547.924,137,Large_Needle_Driver_Left,125.41,29.06,6.98,26,1.16,-5.63
1787165547.924,138,Monopolar_Curved_Scissors,85.92,-3.36,11.04,989,3.55,3.69
1787165547.924,139,Monopolar_Curved_Scissors,85.44,-2.83,11.77,1012,3.71,3.98
1787165548.030,138,Monopolar_Curved_Scissors,83.82,-5.37,10.01,927,3.03,7.41
1787165548.030,139,Monopolar_Curved_Scissors,84.25,-2.16,11.72,1115,3.44,5.89
1787165548.124,138,Monopolar_Curved_Scissors,83.47,-6.90,8.76,1093,3.35,6.30
1787165548.124,139,Monopolar_Curved_Scissors,83.20,-1.58,11.68,1411,3.80,5.64
1787165548.222,138,Monopolar_Curved_Scissors,84.21,-7.90,7.26,1170,3.34,5.95
1787165548.222,139,Monopolar_Curved_Scissors,85.04,3.71,10.95,1638,3.34,2.80
1787165548.308,138,Monopolar_Curved_Scissors,84.60,-8.30,9.55,240,4.59,-2.35
1787165548.308,139,Monopolar_Curved_Scissors,85.24,2.75,15.65,270,4.09,4.50
1787165548.529,138,Monopolar_Curved_Scissors,91.58,-10.96,14.09,378,3.00,2.74
1787165548.529,139,Monopolar_Curved_Scissors,85.17,0.56,22.05,250,3.03,10.95
1787165548.545,138,Monopolar_Curved_Scissors,93.47,-11.37,15.66,362,3.04,1.10
1787165548.545,139,Monopolar_Curved_Scissors,85.48,-0.31,24.02,194,2.85,11.18
1787165548.764,139,Monopolar_Curved_Scissors,77.68,-0.61,24.33,900,3.08,-3.30
1787165548.859,138,Monopolar_Curved_Scissors,95.98,-13.46,16.99,36,2.31,-17.01
1787165548.859,139,Monopolar_Curved_Scissors,75.35,-0.80,24.39,971,3.76,-8.60
1787165548.956,138,Monopolar_Curved_Scissors,96.23,-14.85,15.18,31,0.66,-9.78
1787165548.956,139,Monopolar_Curved_Scissors,74.38,-0.38,24.40,1075,2.91,-0.03
1787165549.038,138,Monopolar_Curved_Scissors,96.32,-15.15,13.51,82,1.38,-14.60
1787165549.038,139,Monopolar_Curved_Scissors,75.35,-0.36,24.90,1224,3.30,-2.42
1787165549.199,141,Large_Needle_Driver_Left,77.19,-0.70,24.88,234,1.58,-7.71
1787165549.394,141,Large_Needle_Driver_Left,77.19,-1.12,23.99,79,1.04,-6.59
1787165549.508,141,Large_Needle_Driver_Left,77.19,-1.17,23.87,63,1.29,-6.55
1787165549.774,141,Large_Needle_Driver_Left,92.64,-6.03,7.38,116,1.26,-15.99
